ISO-10303-21;
HEADER;
FILE_DESCRIPTION(('Open CASCADE Model'),'2;1');
FILE_NAME('Open CASCADE Shape Model','2026-03-06T15:41:45',('Author'),(
    'Open CASCADE'),'Open CASCADE STEP processor 7.9','Open CASCADE 7.9'
  ,'Unknown');
FILE_SCHEMA(('AUTOMOTIVE_DESIGN { 1 0 10303 214 1 1 1 1 }'));
ENDSEC;
DATA;
#1 = APPLICATION_PROTOCOL_DEFINITION('international standard',
  'automotive_design',2000,#2);
#2 = APPLICATION_CONTEXT(
  'core data for automotive mechanical design processes');
#3 = SHAPE_DEFINITION_REPRESENTATION(#4,#10);
#4 = PRODUCT_DEFINITION_SHAPE('','',#5);
#5 = PRODUCT_DEFINITION('design','',#6,#9);
#6 = PRODUCT_DEFINITION_FORMATION('','',#7);
#7 = PRODUCT('COMPOUND','COMPOUND','',(#8));
#8 = PRODUCT_CONTEXT('',#2,'mechanical');
#9 = PRODUCT_DEFINITION_CONTEXT('part definition',#2,'design');
#10 = SHAPE_REPRESENTATION('',(#11,#15,#2377),#11271);
#11 = AXIS2_PLACEMENT_3D('',#12,#13,#14);
#12 = CARTESIAN_POINT('',(0.,0.,0.));
#13 = DIRECTION('',(0.,0.,1.));
#14 = DIRECTION('',(1.,0.,-0.));
#15 = MANIFOLD_SOLID_BREP('',#16);
#16 = CLOSED_SHELL('',(#17,#54,#91,#127,#159,#281,#399,#577,#613,#649,
    #689,#757,#789,#817,#841,#873,#893,#952,#976,#998,#1020,#1039,#1058,
    #1080,#1102,#1116,#1144,#1180,#1196,#1208,#1224,#1236,#1258,#1280,
    #1308,#1364,#1380,#1392,#1408,#1420,#1448,#1496,#1524,#1552,#1580,
    #1608,#1636,#1664,#1700,#1720,#1738,#1751,#1779,#1799,#1811,#1823,
    #1842,#1866,#1885,#1906,#1927,#1946,#1965,#1984,#2003,#2024,#2045,
    #2059,#2078,#2102,#2121,#2137,#2158,#2177,#2196,#2215,#2234,#2255,
    #2276,#2290,#2305,#2319,#2345,#2361));
#17 = ADVANCED_FACE('',(#18),#44,.T.);
#18 = FACE_BOUND('',#19,.T.);
#19 = EDGE_LOOP('',(#20,#30,#38));
#20 = ORIENTED_EDGE('',*,*,#21,.F.);
#21 = EDGE_CURVE('',#22,#24,#26,.T.);
#22 = VERTEX_POINT('',#23);
#23 = CARTESIAN_POINT('',(4.2,-5.00000000011E-04,11.5000001));
#24 = VERTEX_POINT('',#25);
#25 = CARTESIAN_POINT('',(4.2,0.244448974278,11.255051125722));
#26 = ( BOUNDED_CURVE() B_SPLINE_CURVE(2,(#27,#28,#29),.UNSPECIFIED.,.F.
,.F.) B_SPLINE_CURVE_WITH_KNOTS((3,3),(3.14159265359,4.712388980385),
.PIECEWISE_BEZIER_KNOTS.) CURVE() GEOMETRIC_REPRESENTATION_ITEM() 
RATIONAL_B_SPLINE_CURVE((1.,0.707106781187,1.)) REPRESENTATION_ITEM('') 
  );
#27 = CARTESIAN_POINT('',(4.2,-5.000000000111E-04,11.5000001));
#28 = CARTESIAN_POINT('',(4.2,0.244448974278,11.5000001));
#29 = CARTESIAN_POINT('',(4.2,0.244448974278,11.255051125722));
#30 = ORIENTED_EDGE('',*,*,#31,.T.);
#31 = EDGE_CURVE('',#22,#32,#34,.T.);
#32 = VERTEX_POINT('',#33);
#33 = CARTESIAN_POINT('',(4.3,-5.000000000114E-04,11.255051125722));
#34 = ( BOUNDED_CURVE() B_SPLINE_CURVE(2,(#35,#36,#37),.UNSPECIFIED.,.F.
,.F.) B_SPLINE_CURVE_WITH_KNOTS((3,3),(2.366399280279,3.14159265359),
.PIECEWISE_BEZIER_KNOTS.) CURVE() GEOMETRIC_REPRESENTATION_ITEM() 
RATIONAL_B_SPLINE_CURVE((1.,0.925820099773,1.)) REPRESENTATION_ITEM('') 
  );
#35 = CARTESIAN_POINT('',(4.2,-5.00000000011E-04,11.5000001));
#36 = CARTESIAN_POINT('',(4.3,-5.000000000114E-04,11.397938027384));
#37 = CARTESIAN_POINT('',(4.3,-5.000000000114E-04,11.255051125722));
#38 = ORIENTED_EDGE('',*,*,#39,.F.);
#39 = EDGE_CURVE('',#24,#32,#40,.T.);
#40 = ( BOUNDED_CURVE() B_SPLINE_CURVE(2,(#41,#42,#43),.UNSPECIFIED.,.F.
,.F.) B_SPLINE_CURVE_WITH_KNOTS((3,3),(3.937195607074,4.712388980385),
.PIECEWISE_BEZIER_KNOTS.) CURVE() GEOMETRIC_REPRESENTATION_ITEM() 
RATIONAL_B_SPLINE_CURVE((1.,0.925820099773,1.)) REPRESENTATION_ITEM('') 
  );
#41 = CARTESIAN_POINT('',(4.2,0.244448974278,11.255051125722));
#42 = CARTESIAN_POINT('',(4.3,0.142386901662,11.255051125722));
#43 = CARTESIAN_POINT('',(4.3,-5.000000000113E-04,11.255051125722));
#44 = ( BOUNDED_SURFACE() B_SPLINE_SURFACE(2,2,(
    (#45,#46,#47)
    ,(#48,#49,#50)
    ,(#51,#52,#53
)),.UNSPECIFIED.,.F.,.F.,.F.) B_SPLINE_SURFACE_WITH_KNOTS((3,3),(3,3),(
    0.795602953485,1.570796326795),(-0.775200993523,8.881784197001E-16),
.PIECEWISE_BEZIER_KNOTS.) GEOMETRIC_REPRESENTATION_ITEM() 
RATIONAL_B_SPLINE_SURFACE((
    (1.,0.925818659681,1.)
    ,(0.925820099773,0.857141523877,0.925820099773)
,(1.,0.925818659681,1.))) REPRESENTATION_ITEM('') SURFACE() );
#45 = CARTESIAN_POINT('',(4.19999813343,0.244450879324,11.255051125722)
  );
#46 = CARTESIAN_POINT('',(4.3,0.142388457458,11.255051125722));
#47 = CARTESIAN_POINT('',(4.3,-5.000000000117E-04,11.255051125722));
#48 = CARTESIAN_POINT('',(4.19999813343,0.244450879324,11.357112436313)
  );
#49 = CARTESIAN_POINT('',(4.3,0.142388457458,11.397938027384));
#50 = CARTESIAN_POINT('',(4.3,-5.000000000117E-04,11.397938027384));
#51 = CARTESIAN_POINT('',(4.128570095307,0.244450879324,11.43001337245)
  );
#52 = CARTESIAN_POINT('',(4.2,0.142388457458,11.5000001));
#53 = CARTESIAN_POINT('',(4.2,-5.000000000114E-04,11.5000001));
#54 = ADVANCED_FACE('',(#55),#81,.T.);
#55 = FACE_BOUND('',#56,.T.);
#56 = EDGE_LOOP('',(#57,#67,#75));
#57 = ORIENTED_EDGE('',*,*,#58,.F.);
#58 = EDGE_CURVE('',#59,#61,#63,.T.);
#59 = VERTEX_POINT('',#60);
#60 = CARTESIAN_POINT('',(4.2,-5.000000000105E-04,4.0000001));
#61 = VERTEX_POINT('',#62);
#62 = CARTESIAN_POINT('',(4.2,-0.245448974278,4.244949074273));
#63 = ( BOUNDED_CURVE() B_SPLINE_CURVE(2,(#64,#65,#66),.UNSPECIFIED.,.F.
,.F.) B_SPLINE_CURVE_WITH_KNOTS((3,3),(0.,1.570796326775),
.PIECEWISE_BEZIER_KNOTS.) CURVE() GEOMETRIC_REPRESENTATION_ITEM() 
RATIONAL_B_SPLINE_CURVE((1.,0.707106781194,1.)) REPRESENTATION_ITEM('') 
  );
#64 = CARTESIAN_POINT('',(4.2,-5.00000000011E-04,4.0000001));
#65 = CARTESIAN_POINT('',(4.2,-0.245448974273,4.0000001));
#66 = CARTESIAN_POINT('',(4.2,-0.245448974278,4.244949074273));
#67 = ORIENTED_EDGE('',*,*,#68,.T.);
#68 = EDGE_CURVE('',#59,#69,#71,.T.);
#69 = VERTEX_POINT('',#70);
#70 = CARTESIAN_POINT('',(4.3,-5.000000000114E-04,4.244949074278));
#71 = ( BOUNDED_CURVE() B_SPLINE_CURVE(2,(#72,#73,#74),.UNSPECIFIED.,.F.
,.F.) B_SPLINE_CURVE_WITH_KNOTS((3,3),(5.507991933869,6.28318530718),
.PIECEWISE_BEZIER_KNOTS.) CURVE() GEOMETRIC_REPRESENTATION_ITEM() 
RATIONAL_B_SPLINE_CURVE((1.,0.925820099773,1.)) REPRESENTATION_ITEM('') 
  );
#72 = CARTESIAN_POINT('',(4.2,-5.00000000011E-04,4.0000001));
#73 = CARTESIAN_POINT('',(4.3,-5.000000000114E-04,4.102062172616));
#74 = CARTESIAN_POINT('',(4.3,-5.000000000114E-04,4.244949074278));
#75 = ORIENTED_EDGE('',*,*,#76,.F.);
#76 = EDGE_CURVE('',#61,#69,#77,.T.);
#77 = ( BOUNDED_CURVE() B_SPLINE_CURVE(2,(#78,#79,#80),.UNSPECIFIED.,.F.
,.F.) B_SPLINE_CURVE_WITH_KNOTS((3,3),(0.795602953485,1.570796326795),
.PIECEWISE_BEZIER_KNOTS.) CURVE() GEOMETRIC_REPRESENTATION_ITEM() 
RATIONAL_B_SPLINE_CURVE((1.,0.925820099773,1.)) REPRESENTATION_ITEM('') 
  );
#78 = CARTESIAN_POINT('',(4.2,-0.245448974278,4.244949074278));
#79 = CARTESIAN_POINT('',(4.3,-0.143386901662,4.244949074278));
#80 = CARTESIAN_POINT('',(4.3,-5.000000000114E-04,4.244949074278));
#81 = ( BOUNDED_SURFACE() B_SPLINE_SURFACE(2,2,(
    (#82,#83,#84)
    ,(#85,#86,#87)
    ,(#88,#89,#90
)),.UNSPECIFIED.,.F.,.F.,.F.) B_SPLINE_SURFACE_WITH_KNOTS((3,3),(3,3),(
    1.570796326795,2.345989700105),(-7.88860905221E-31,0.775200993522),
.PIECEWISE_BEZIER_KNOTS.) GEOMETRIC_REPRESENTATION_ITEM() 
RATIONAL_B_SPLINE_SURFACE((
    (1.,0.925818659681,1.)
    ,(0.925820099773,0.857141523877,0.925820099773)
,(1.,0.925818659681,1.))) REPRESENTATION_ITEM('') SURFACE() );
#82 = CARTESIAN_POINT('',(4.2,-5.00000000011E-04,4.0000001));
#83 = CARTESIAN_POINT('',(4.2,-0.143388457458,4.0000001));
#84 = CARTESIAN_POINT('',(4.128570095307,-0.245450879324,4.069986827549)
  );
#85 = CARTESIAN_POINT('',(4.3,-5.000000000114E-04,4.102062172616));
#86 = CARTESIAN_POINT('',(4.3,-0.143388457458,4.102062172616));
#87 = CARTESIAN_POINT('',(4.19999813343,-0.245450879324,4.142887763687)
  );
#88 = CARTESIAN_POINT('',(4.3,-5.000000000114E-04,4.244949074278));
#89 = CARTESIAN_POINT('',(4.3,-0.143388457458,4.244949074278));
#90 = CARTESIAN_POINT('',(4.19999813343,-0.245450879324,4.244949074278)
  );
#91 = ADVANCED_FACE('',(#92),#122,.F.);
#92 = FACE_BOUND('',#93,.T.);
#93 = EDGE_LOOP('',(#94,#103,#110,#117));
#94 = ORIENTED_EDGE('',*,*,#95,.T.);
#95 = EDGE_CURVE('',#96,#98,#100,.T.);
#96 = VERTEX_POINT('',#97);
#97 = CARTESIAN_POINT('',(-2.05,1.4995,12.0000001));
#98 = VERTEX_POINT('',#99);
#99 = CARTESIAN_POINT('',(-2.05,1.4995,14.3000001));
#100 = B_SPLINE_CURVE_WITH_KNOTS('',1,(#101,#102),.UNSPECIFIED.,.F.,.F.,
  (2,2),(0.,2.3),.PIECEWISE_BEZIER_KNOTS.);
#101 = CARTESIAN_POINT('',(-2.05,1.4995,12.0000001));
#102 = CARTESIAN_POINT('',(-2.05,1.4995,14.3000001));
#103 = ORIENTED_EDGE('',*,*,#104,.T.);
#104 = EDGE_CURVE('',#98,#105,#107,.T.);
#105 = VERTEX_POINT('',#106);
#106 = CARTESIAN_POINT('',(-2.05,1.7995,14.3000001));
#107 = B_SPLINE_CURVE_WITH_KNOTS('',1,(#108,#109),.UNSPECIFIED.,.F.,.F.,
  (2,2),(-0.5,-0.2),.PIECEWISE_BEZIER_KNOTS.);
#108 = CARTESIAN_POINT('',(-2.05,1.4995,14.3000001));
#109 = CARTESIAN_POINT('',(-2.05,1.7995,14.3000001));
#110 = ORIENTED_EDGE('',*,*,#111,.T.);
#111 = EDGE_CURVE('',#105,#112,#114,.T.);
#112 = VERTEX_POINT('',#113);
#113 = CARTESIAN_POINT('',(-2.05,1.7995,12.0000001));
#114 = B_SPLINE_CURVE_WITH_KNOTS('',1,(#115,#116),.UNSPECIFIED.,.F.,.F.,
  (2,2),(0.2,2.5),.PIECEWISE_BEZIER_KNOTS.);
#115 = CARTESIAN_POINT('',(-2.05,1.7995,14.3000001));
#116 = CARTESIAN_POINT('',(-2.05,1.7995,12.0000001));
#117 = ORIENTED_EDGE('',*,*,#118,.T.);
#118 = EDGE_CURVE('',#112,#96,#119,.T.);
#119 = B_SPLINE_CURVE_WITH_KNOTS('',1,(#120,#121),.UNSPECIFIED.,.F.,.F.,
  (2,2),(0.2,0.5),.PIECEWISE_BEZIER_KNOTS.);
#120 = CARTESIAN_POINT('',(-2.05,1.7995,12.0000001));
#121 = CARTESIAN_POINT('',(-2.05,1.4995,12.0000001));
#122 = B_SPLINE_SURFACE_WITH_KNOTS('',1,1,(
    (#123,#124)
    ,(#125,#126
    )),.UNSPECIFIED.,.F.,.F.,.F.,(2,2),(2,2),(-2.5,-0.2),(0.2,0.5),
  .PIECEWISE_BEZIER_KNOTS.);
#123 = CARTESIAN_POINT('',(-2.05,1.7995,12.0000001));
#124 = CARTESIAN_POINT('',(-2.05,1.4995,12.0000001));
#125 = CARTESIAN_POINT('',(-2.05,1.7995,14.3000001));
#126 = CARTESIAN_POINT('',(-2.05,1.4995,14.3000001));
#127 = ADVANCED_FACE('',(#128),#152,.T.);
#128 = FACE_BOUND('',#129,.T.);
#129 = EDGE_LOOP('',(#130,#138,#145,#151));
#130 = ORIENTED_EDGE('',*,*,#131,.F.);
#131 = EDGE_CURVE('',#132,#98,#134,.T.);
#132 = VERTEX_POINT('',#133);
#133 = CARTESIAN_POINT('',(-1.85,1.4995,14.5000001));
#134 = ( BOUNDED_CURVE() B_SPLINE_CURVE(2,(#135,#136,#137),
.UNSPECIFIED.,.F.,.F.) B_SPLINE_CURVE_WITH_KNOTS((3,3),(0.,
1.570796326795),.PIECEWISE_BEZIER_KNOTS.) CURVE() 
GEOMETRIC_REPRESENTATION_ITEM() RATIONAL_B_SPLINE_CURVE((1.,
0.707106781187,1.)) REPRESENTATION_ITEM('') );
#135 = CARTESIAN_POINT('',(-1.85,1.4995,14.5000001));
#136 = CARTESIAN_POINT('',(-2.05,1.4995,14.5000001));
#137 = CARTESIAN_POINT('',(-2.05,1.4995,14.3000001));
#138 = ORIENTED_EDGE('',*,*,#139,.F.);
#139 = EDGE_CURVE('',#140,#132,#142,.T.);
#140 = VERTEX_POINT('',#141);
#141 = CARTESIAN_POINT('',(-1.85,1.7995,14.5000001));
#142 = B_SPLINE_CURVE_WITH_KNOTS('',1,(#143,#144),.UNSPECIFIED.,.F.,.F.,
  (2,2),(-1.8,-1.5),.PIECEWISE_BEZIER_KNOTS.);
#143 = CARTESIAN_POINT('',(-1.85,1.7995,14.5000001));
#144 = CARTESIAN_POINT('',(-1.85,1.4995,14.5000001));
#145 = ORIENTED_EDGE('',*,*,#146,.T.);
#146 = EDGE_CURVE('',#140,#105,#147,.T.);
#147 = ( BOUNDED_CURVE() B_SPLINE_CURVE(2,(#148,#149,#150),
.UNSPECIFIED.,.F.,.F.) B_SPLINE_CURVE_WITH_KNOTS((3,3),(0.,
1.570796326795),.PIECEWISE_BEZIER_KNOTS.) CURVE() 
GEOMETRIC_REPRESENTATION_ITEM() RATIONAL_B_SPLINE_CURVE((1.,
0.707106781187,1.)) REPRESENTATION_ITEM('') );
#148 = CARTESIAN_POINT('',(-1.85,1.7995,14.5000001));
#149 = CARTESIAN_POINT('',(-2.05,1.7995,14.5000001));
#150 = CARTESIAN_POINT('',(-2.05,1.7995,14.3000001));
#151 = ORIENTED_EDGE('',*,*,#104,.F.);
#152 = ( BOUNDED_SURFACE() B_SPLINE_SURFACE(2,1,(
    (#153,#154)
    ,(#155,#156)
,(#157,#158
    )),.UNSPECIFIED.,.F.,.F.,.F.) B_SPLINE_SURFACE_WITH_KNOTS((3,3),(2,2
    ),(3.14159265359,4.712388980385),(-1.8,-1.5),
.PIECEWISE_BEZIER_KNOTS.) GEOMETRIC_REPRESENTATION_ITEM() 
RATIONAL_B_SPLINE_SURFACE((
    (1.,1.)
    ,(0.707106781187,0.707106781187)
,(1.,1.))) REPRESENTATION_ITEM('') SURFACE() );
#153 = CARTESIAN_POINT('',(-1.85,1.7995,14.5000001));
#154 = CARTESIAN_POINT('',(-1.85,1.4995,14.5000001));
#155 = CARTESIAN_POINT('',(-2.05,1.7995,14.5000001));
#156 = CARTESIAN_POINT('',(-2.05,1.4995,14.5000001));
#157 = CARTESIAN_POINT('',(-2.05,1.7995,14.3000001));
#158 = CARTESIAN_POINT('',(-2.05,1.4995,14.3000001));
#159 = ADVANCED_FACE('',(#160,#246),#276,.F.);
#160 = FACE_BOUND('',#161,.T.);
#161 = EDGE_LOOP('',(#162,#171,#178,#185,#192,#199,#206,#213,#220,#227,
    #234,#241));
#162 = ORIENTED_EDGE('',*,*,#163,.F.);
#163 = EDGE_CURVE('',#164,#166,#168,.T.);
#164 = VERTEX_POINT('',#165);
#165 = CARTESIAN_POINT('',(4.2,-1.0005,6.7000001));
#166 = VERTEX_POINT('',#167);
#167 = CARTESIAN_POINT('',(4.2,-1.0005,8.0000001));
#168 = B_SPLINE_CURVE_WITH_KNOTS('',1,(#169,#170),.UNSPECIFIED.,.F.,.F.,
  (2,2),(-1.3,0.),.PIECEWISE_BEZIER_KNOTS.);
#169 = CARTESIAN_POINT('',(4.2,-1.0005,6.7000001));
#170 = CARTESIAN_POINT('',(4.2,-1.0005,8.0000001));
#171 = ORIENTED_EDGE('',*,*,#172,.F.);
#172 = EDGE_CURVE('',#173,#164,#175,.T.);
#173 = VERTEX_POINT('',#174);
#174 = CARTESIAN_POINT('',(4.2,-1.7005,6.7000001));
#175 = B_SPLINE_CURVE_WITH_KNOTS('',1,(#176,#177),.UNSPECIFIED.,.F.,.F.,
  (2,2),(-3.4,-2.7),.PIECEWISE_BEZIER_KNOTS.);
#176 = CARTESIAN_POINT('',(4.2,-1.7005,6.7000001));
#177 = CARTESIAN_POINT('',(4.2,-1.0005,6.7000001));
#178 = ORIENTED_EDGE('',*,*,#179,.F.);
#179 = EDGE_CURVE('',#180,#173,#182,.T.);
#180 = VERTEX_POINT('',#181);
#181 = CARTESIAN_POINT('',(4.2,-1.7005,3.7000001));
#182 = B_SPLINE_CURVE_WITH_KNOTS('',1,(#183,#184),.UNSPECIFIED.,.F.,.F.,
  (2,2),(-3.,0.),.PIECEWISE_BEZIER_KNOTS.);
#183 = CARTESIAN_POINT('',(4.2,-1.7005,3.7000001));
#184 = CARTESIAN_POINT('',(4.2,-1.7005,6.7000001));
#185 = ORIENTED_EDGE('',*,*,#186,.F.);
#186 = EDGE_CURVE('',#187,#180,#189,.T.);
#187 = VERTEX_POINT('',#188);
#188 = CARTESIAN_POINT('',(4.2,1.6995,3.7000001));
#189 = B_SPLINE_CURVE_WITH_KNOTS('',1,(#190,#191),.UNSPECIFIED.,.F.,.F.,
  (2,2),(-0.7,2.7),.PIECEWISE_BEZIER_KNOTS.);
#190 = CARTESIAN_POINT('',(4.2,1.6995,3.7000001));
#191 = CARTESIAN_POINT('',(4.2,-1.7005,3.7000001));
#192 = ORIENTED_EDGE('',*,*,#193,.F.);
#193 = EDGE_CURVE('',#194,#187,#196,.T.);
#194 = VERTEX_POINT('',#195);
#195 = CARTESIAN_POINT('',(4.2,1.6995,6.7000001));
#196 = B_SPLINE_CURVE_WITH_KNOTS('',1,(#197,#198),.UNSPECIFIED.,.F.,.F.,
  (2,2),(-0.,3.),.PIECEWISE_BEZIER_KNOTS.);
#197 = CARTESIAN_POINT('',(4.2,1.6995,6.7000001));
#198 = CARTESIAN_POINT('',(4.2,1.6995,3.7000001));
#199 = ORIENTED_EDGE('',*,*,#200,.F.);
#200 = EDGE_CURVE('',#201,#194,#203,.T.);
#201 = VERTEX_POINT('',#202);
#202 = CARTESIAN_POINT('',(4.2,0.9995,6.7000001));
#203 = B_SPLINE_CURVE_WITH_KNOTS('',1,(#204,#205),.UNSPECIFIED.,.F.,.F.,
  (2,2),(-0.7,0.),.PIECEWISE_BEZIER_KNOTS.);
#204 = CARTESIAN_POINT('',(4.2,0.9995,6.7000001));
#205 = CARTESIAN_POINT('',(4.2,1.6995,6.7000001));
#206 = ORIENTED_EDGE('',*,*,#207,.F.);
#207 = EDGE_CURVE('',#208,#201,#210,.T.);
#208 = VERTEX_POINT('',#209);
#209 = CARTESIAN_POINT('',(4.2,0.9995,8.0000001));
#210 = B_SPLINE_CURVE_WITH_KNOTS('',1,(#211,#212),.UNSPECIFIED.,.F.,.F.,
  (2,2),(-0.,1.3),.PIECEWISE_BEZIER_KNOTS.);
#211 = CARTESIAN_POINT('',(4.2,0.9995,8.0000001));
#212 = CARTESIAN_POINT('',(4.2,0.9995,6.7000001));
#213 = ORIENTED_EDGE('',*,*,#214,.T.);
#214 = EDGE_CURVE('',#208,#215,#217,.T.);
#215 = VERTEX_POINT('',#216);
#216 = CARTESIAN_POINT('',(4.2,3.7495,8.0000001));
#217 = B_SPLINE_CURVE_WITH_KNOTS('',1,(#218,#219),.UNSPECIFIED.,.F.,.F.,
  (2,2),(-2.75,0.),.PIECEWISE_BEZIER_KNOTS.);
#218 = CARTESIAN_POINT('',(4.2,0.9995,8.0000001));
#219 = CARTESIAN_POINT('',(4.2,3.7495,8.0000001));
#220 = ORIENTED_EDGE('',*,*,#221,.F.);
#221 = EDGE_CURVE('',#222,#215,#224,.T.);
#222 = VERTEX_POINT('',#223);
#223 = CARTESIAN_POINT('',(4.2,3.7495,11.7000001));
#224 = B_SPLINE_CURVE_WITH_KNOTS('',1,(#225,#226),.UNSPECIFIED.,.F.,.F.,
  (2,2),(0.3,4.),.PIECEWISE_BEZIER_KNOTS.);
#225 = CARTESIAN_POINT('',(4.2,3.7495,11.7000001));
#226 = CARTESIAN_POINT('',(4.2,3.7495,8.0000001));
#227 = ORIENTED_EDGE('',*,*,#228,.T.);
#228 = EDGE_CURVE('',#222,#229,#231,.T.);
#229 = VERTEX_POINT('',#230);
#230 = CARTESIAN_POINT('',(4.2,-3.7505,11.7000001));
#231 = B_SPLINE_CURVE_WITH_KNOTS('',1,(#232,#233),.UNSPECIFIED.,.F.,.F.,
  (2,2),(-0.,7.5),.PIECEWISE_BEZIER_KNOTS.);
#232 = CARTESIAN_POINT('',(4.2,3.7495,11.7000001));
#233 = CARTESIAN_POINT('',(4.2,-3.7505,11.7000001));
#234 = ORIENTED_EDGE('',*,*,#235,.T.);
#235 = EDGE_CURVE('',#229,#236,#238,.T.);
#236 = VERTEX_POINT('',#237);
#237 = CARTESIAN_POINT('',(4.2,-3.7505,8.0000001));
#238 = B_SPLINE_CURVE_WITH_KNOTS('',1,(#239,#240),.UNSPECIFIED.,.F.,.F.,
  (2,2),(0.3,4.),.PIECEWISE_BEZIER_KNOTS.);
#239 = CARTESIAN_POINT('',(4.2,-3.7505,11.7000001));
#240 = CARTESIAN_POINT('',(4.2,-3.7505,8.0000001));
#241 = ORIENTED_EDGE('',*,*,#242,.T.);
#242 = EDGE_CURVE('',#236,#166,#243,.T.);
#243 = B_SPLINE_CURVE_WITH_KNOTS('',1,(#244,#245),.UNSPECIFIED.,.F.,.F.,
  (2,2),(-7.5,-4.75),.PIECEWISE_BEZIER_KNOTS.);
#244 = CARTESIAN_POINT('',(4.2,-3.7505,8.0000001));
#245 = CARTESIAN_POINT('',(4.2,-1.0005,8.0000001));
#246 = FACE_BOUND('',#247,.T.);
#247 = EDGE_LOOP('',(#248,#255,#261,#262,#269,#275));
#248 = ORIENTED_EDGE('',*,*,#249,.T.);
#249 = EDGE_CURVE('',#24,#250,#252,.T.);
#250 = VERTEX_POINT('',#251);
#251 = CARTESIAN_POINT('',(4.2,0.244448974278,4.244949074273));
#252 = B_SPLINE_CURVE_WITH_KNOTS('',1,(#253,#254),.UNSPECIFIED.,.F.,.F.,
  (2,2),(-7.255051025722,-0.244948974273),.PIECEWISE_BEZIER_KNOTS.);
#253 = CARTESIAN_POINT('',(4.2,0.244448974278,11.255051125722));
#254 = CARTESIAN_POINT('',(4.2,0.244448974278,4.244949074273));
#255 = ORIENTED_EDGE('',*,*,#256,.T.);
#256 = EDGE_CURVE('',#250,#59,#257,.T.);
#257 = ( BOUNDED_CURVE() B_SPLINE_CURVE(2,(#258,#259,#260),
.UNSPECIFIED.,.F.,.F.) B_SPLINE_CURVE_WITH_KNOTS((3,3),(4.712388980405,
6.28318530718),.PIECEWISE_BEZIER_KNOTS.) CURVE() 
GEOMETRIC_REPRESENTATION_ITEM() RATIONAL_B_SPLINE_CURVE((1.,
0.707106781194,1.)) REPRESENTATION_ITEM('') );
#258 = CARTESIAN_POINT('',(4.2,0.244448974278,4.244949074273));
#259 = CARTESIAN_POINT('',(4.2,0.244448974273,4.0000001));
#260 = CARTESIAN_POINT('',(4.2,-5.00000000011E-04,4.0000001));
#261 = ORIENTED_EDGE('',*,*,#58,.T.);
#262 = ORIENTED_EDGE('',*,*,#263,.T.);
#263 = EDGE_CURVE('',#61,#264,#266,.T.);
#264 = VERTEX_POINT('',#265);
#265 = CARTESIAN_POINT('',(4.2,-0.245448974278,11.255051125722));
#266 = B_SPLINE_CURVE_WITH_KNOTS('',1,(#267,#268),.UNSPECIFIED.,.F.,.F.,
  (2,2),(0.244948974273,7.255051025722),.PIECEWISE_BEZIER_KNOTS.);
#267 = CARTESIAN_POINT('',(4.2,-0.245448974278,4.244949074273));
#268 = CARTESIAN_POINT('',(4.2,-0.245448974278,11.255051125722));
#269 = ORIENTED_EDGE('',*,*,#270,.T.);
#270 = EDGE_CURVE('',#264,#22,#271,.T.);
#271 = ( BOUNDED_CURVE() B_SPLINE_CURVE(2,(#272,#273,#274),
.UNSPECIFIED.,.F.,.F.) B_SPLINE_CURVE_WITH_KNOTS((3,3),(1.570796326795,
3.14159265359),.PIECEWISE_BEZIER_KNOTS.) CURVE() 
GEOMETRIC_REPRESENTATION_ITEM() RATIONAL_B_SPLINE_CURVE((1.,
0.707106781187,1.)) REPRESENTATION_ITEM('') );
#272 = CARTESIAN_POINT('',(4.2,-0.245448974278,11.255051125722));
#273 = CARTESIAN_POINT('',(4.2,-0.245448974278,11.5000001));
#274 = CARTESIAN_POINT('',(4.2,-5.000000000111E-04,11.5000001));
#275 = ORIENTED_EDGE('',*,*,#21,.T.);
#276 = B_SPLINE_SURFACE_WITH_KNOTS('',1,1,(
    (#277,#278)
    ,(#279,#280
    )),.UNSPECIFIED.,.F.,.F.,.F.,(2,2),(2,2),(0.3,8.3),(0.,7.5),
  .PIECEWISE_BEZIER_KNOTS.);
#277 = CARTESIAN_POINT('',(4.2,3.7495,11.7000001));
#278 = CARTESIAN_POINT('',(4.2,-3.7505,11.7000001));
#279 = CARTESIAN_POINT('',(4.2,3.7495,3.7000001));
#280 = CARTESIAN_POINT('',(4.2,-3.7505,3.7000001));
#281 = ADVANCED_FACE('',(#282,#332),#394,.F.);
#282 = FACE_BOUND('',#283,.T.);
#283 = EDGE_LOOP('',(#284,#285,#292,#299,#306,#313,#320,#327));
#284 = ORIENTED_EDGE('',*,*,#139,.T.);
#285 = ORIENTED_EDGE('',*,*,#286,.F.);
#286 = EDGE_CURVE('',#287,#132,#289,.T.);
#287 = VERTEX_POINT('',#288);
#288 = CARTESIAN_POINT('',(-1.45,1.4995,14.5000001));
#289 = B_SPLINE_CURVE_WITH_KNOTS('',1,(#290,#291),.UNSPECIFIED.,.F.,.F.,
  (2,2),(-0.6,-0.2),.PIECEWISE_BEZIER_KNOTS.);
#290 = CARTESIAN_POINT('',(-1.45,1.4995,14.5000001));
#291 = CARTESIAN_POINT('',(-1.85,1.4995,14.5000001));
#292 = ORIENTED_EDGE('',*,*,#293,.F.);
#293 = EDGE_CURVE('',#294,#287,#296,.T.);
#294 = VERTEX_POINT('',#295);
#295 = CARTESIAN_POINT('',(-1.45,-1.5005,14.5000001));
#296 = B_SPLINE_CURVE_WITH_KNOTS('',1,(#297,#298),.UNSPECIFIED.,.F.,.F.,
  (2,2),(-3.,0.),.PIECEWISE_BEZIER_KNOTS.);
#297 = CARTESIAN_POINT('',(-1.45,-1.5005,14.5000001));
#298 = CARTESIAN_POINT('',(-1.45,1.4995,14.5000001));
#299 = ORIENTED_EDGE('',*,*,#300,.F.);
#300 = EDGE_CURVE('',#301,#294,#303,.T.);
#301 = VERTEX_POINT('',#302);
#302 = CARTESIAN_POINT('',(-1.85,-1.5005,14.5000001));
#303 = B_SPLINE_CURVE_WITH_KNOTS('',1,(#304,#305),.UNSPECIFIED.,.F.,.F.,
  (2,2),(0.2,0.6),.PIECEWISE_BEZIER_KNOTS.);
#304 = CARTESIAN_POINT('',(-1.85,-1.5005,14.5000001));
#305 = CARTESIAN_POINT('',(-1.45,-1.5005,14.5000001));
#306 = ORIENTED_EDGE('',*,*,#307,.T.);
#307 = EDGE_CURVE('',#301,#308,#310,.T.);
#308 = VERTEX_POINT('',#309);
#309 = CARTESIAN_POINT('',(-1.85,-1.8005,14.5000001));
#310 = B_SPLINE_CURVE_WITH_KNOTS('',1,(#311,#312),.UNSPECIFIED.,.F.,.F.,
  (2,2),(1.5,1.8),.PIECEWISE_BEZIER_KNOTS.);
#311 = CARTESIAN_POINT('',(-1.85,-1.5005,14.5000001));
#312 = CARTESIAN_POINT('',(-1.85,-1.8005,14.5000001));
#313 = ORIENTED_EDGE('',*,*,#314,.T.);
#314 = EDGE_CURVE('',#308,#315,#317,.T.);
#315 = VERTEX_POINT('',#316);
#316 = CARTESIAN_POINT('',(1.75,-1.8005,14.5000001));
#317 = B_SPLINE_CURVE_WITH_KNOTS('',1,(#318,#319),.UNSPECIFIED.,.F.,.F.,
  (2,2),(-1.8,1.8),.PIECEWISE_BEZIER_KNOTS.);
#318 = CARTESIAN_POINT('',(-1.85,-1.8005,14.5000001));
#319 = CARTESIAN_POINT('',(1.75,-1.8005,14.5000001));
#320 = ORIENTED_EDGE('',*,*,#321,.T.);
#321 = EDGE_CURVE('',#315,#322,#324,.T.);
#322 = VERTEX_POINT('',#323);
#323 = CARTESIAN_POINT('',(1.75,1.7995,14.5000001));
#324 = B_SPLINE_CURVE_WITH_KNOTS('',1,(#325,#326),.UNSPECIFIED.,.F.,.F.,
  (2,2),(-1.8,1.8),.PIECEWISE_BEZIER_KNOTS.);
#325 = CARTESIAN_POINT('',(1.75,-1.8005,14.5000001));
#326 = CARTESIAN_POINT('',(1.75,1.7995,14.5000001));
#327 = ORIENTED_EDGE('',*,*,#328,.T.);
#328 = EDGE_CURVE('',#322,#140,#329,.T.);
#329 = B_SPLINE_CURVE_WITH_KNOTS('',1,(#330,#331),.UNSPECIFIED.,.F.,.F.,
  (2,2),(-1.8,1.8),.PIECEWISE_BEZIER_KNOTS.);
#330 = CARTESIAN_POINT('',(1.75,1.7995,14.5000001));
#331 = CARTESIAN_POINT('',(-1.85,1.7995,14.5000001));
#332 = FACE_BOUND('',#333,.T.);
#333 = EDGE_LOOP('',(#334,#343,#351,#358,#366,#373,#381,#388));
#334 = ORIENTED_EDGE('',*,*,#335,.F.);
#335 = EDGE_CURVE('',#336,#338,#340,.T.);
#336 = VERTEX_POINT('',#337);
#337 = CARTESIAN_POINT('',(-0.85,-1.5005,14.5000001));
#338 = VERTEX_POINT('',#339);
#339 = CARTESIAN_POINT('',(0.75,-1.5005,14.5000001));
#340 = B_SPLINE_CURVE_WITH_KNOTS('',1,(#341,#342),.UNSPECIFIED.,.F.,.F.,
  (2,2),(0.2,1.8),.PIECEWISE_BEZIER_KNOTS.);
#341 = CARTESIAN_POINT('',(-0.85,-1.5005,14.5000001));
#342 = CARTESIAN_POINT('',(0.75,-1.5005,14.5000001));
#343 = ORIENTED_EDGE('',*,*,#344,.T.);
#344 = EDGE_CURVE('',#336,#345,#347,.T.);
#345 = VERTEX_POINT('',#346);
#346 = CARTESIAN_POINT('',(-1.05,-1.3005,14.5000001));
#347 = ( BOUNDED_CURVE() B_SPLINE_CURVE(2,(#348,#349,#350),
.UNSPECIFIED.,.F.,.F.) B_SPLINE_CURVE_WITH_KNOTS((3,3),(3.14159265359,
4.712388980385),.PIECEWISE_BEZIER_KNOTS.) CURVE() 
GEOMETRIC_REPRESENTATION_ITEM() RATIONAL_B_SPLINE_CURVE((1.,
0.707106781187,1.)) REPRESENTATION_ITEM('') );
#348 = CARTESIAN_POINT('',(-0.85,-1.5005,14.5000001));
#349 = CARTESIAN_POINT('',(-1.05,-1.5005,14.5000001));
#350 = CARTESIAN_POINT('',(-1.05,-1.3005,14.5000001));
#351 = ORIENTED_EDGE('',*,*,#352,.F.);
#352 = EDGE_CURVE('',#353,#345,#355,.T.);
#353 = VERTEX_POINT('',#354);
#354 = CARTESIAN_POINT('',(-1.05,1.2995,14.5000001));
#355 = B_SPLINE_CURVE_WITH_KNOTS('',1,(#356,#357),.UNSPECIFIED.,.F.,.F.,
  (2,2),(0.2,2.8),.PIECEWISE_BEZIER_KNOTS.);
#356 = CARTESIAN_POINT('',(-1.05,1.2995,14.5000001));
#357 = CARTESIAN_POINT('',(-1.05,-1.3005,14.5000001));
#358 = ORIENTED_EDGE('',*,*,#359,.T.);
#359 = EDGE_CURVE('',#353,#360,#362,.T.);
#360 = VERTEX_POINT('',#361);
#361 = CARTESIAN_POINT('',(-0.85,1.4995,14.5000001));
#362 = ( BOUNDED_CURVE() B_SPLINE_CURVE(2,(#363,#364,#365),
.UNSPECIFIED.,.F.,.F.) B_SPLINE_CURVE_WITH_KNOTS((3,3),(4.712388980385,
6.28318530718),.PIECEWISE_BEZIER_KNOTS.) CURVE() 
GEOMETRIC_REPRESENTATION_ITEM() RATIONAL_B_SPLINE_CURVE((1.,
0.707106781187,1.)) REPRESENTATION_ITEM('') );
#363 = CARTESIAN_POINT('',(-1.05,1.2995,14.5000001));
#364 = CARTESIAN_POINT('',(-1.05,1.4995,14.5000001));
#365 = CARTESIAN_POINT('',(-0.85,1.4995,14.5000001));
#366 = ORIENTED_EDGE('',*,*,#367,.F.);
#367 = EDGE_CURVE('',#368,#360,#370,.T.);
#368 = VERTEX_POINT('',#369);
#369 = CARTESIAN_POINT('',(0.75,1.4995,14.5000001));
#370 = B_SPLINE_CURVE_WITH_KNOTS('',1,(#371,#372),.UNSPECIFIED.,.F.,.F.,
  (2,2),(-1.8,-0.2),.PIECEWISE_BEZIER_KNOTS.);
#371 = CARTESIAN_POINT('',(0.75,1.4995,14.5000001));
#372 = CARTESIAN_POINT('',(-0.85,1.4995,14.5000001));
#373 = ORIENTED_EDGE('',*,*,#374,.T.);
#374 = EDGE_CURVE('',#368,#375,#377,.T.);
#375 = VERTEX_POINT('',#376);
#376 = CARTESIAN_POINT('',(0.95,1.2995,14.5000001));
#377 = ( BOUNDED_CURVE() B_SPLINE_CURVE(2,(#378,#379,#380),
.UNSPECIFIED.,.F.,.F.) B_SPLINE_CURVE_WITH_KNOTS((3,3),(0.,
1.570796326795),.PIECEWISE_BEZIER_KNOTS.) CURVE() 
GEOMETRIC_REPRESENTATION_ITEM() RATIONAL_B_SPLINE_CURVE((1.,
0.707106781187,1.)) REPRESENTATION_ITEM('') );
#378 = CARTESIAN_POINT('',(0.75,1.4995,14.5000001));
#379 = CARTESIAN_POINT('',(0.95,1.4995,14.5000001));
#380 = CARTESIAN_POINT('',(0.95,1.2995,14.5000001));
#381 = ORIENTED_EDGE('',*,*,#382,.F.);
#382 = EDGE_CURVE('',#383,#375,#385,.T.);
#383 = VERTEX_POINT('',#384);
#384 = CARTESIAN_POINT('',(0.95,-1.3005,14.5000001));
#385 = B_SPLINE_CURVE_WITH_KNOTS('',1,(#386,#387),.UNSPECIFIED.,.F.,.F.,
  (2,2),(-2.8,-0.2),.PIECEWISE_BEZIER_KNOTS.);
#386 = CARTESIAN_POINT('',(0.95,-1.3005,14.5000001));
#387 = CARTESIAN_POINT('',(0.95,1.2995,14.5000001));
#388 = ORIENTED_EDGE('',*,*,#389,.T.);
#389 = EDGE_CURVE('',#383,#338,#390,.T.);
#390 = ( BOUNDED_CURVE() B_SPLINE_CURVE(2,(#391,#392,#393),
.UNSPECIFIED.,.F.,.F.) B_SPLINE_CURVE_WITH_KNOTS((3,3),(1.570796326795,
3.14159265359),.PIECEWISE_BEZIER_KNOTS.) CURVE() 
GEOMETRIC_REPRESENTATION_ITEM() RATIONAL_B_SPLINE_CURVE((1.,
0.707106781187,1.)) REPRESENTATION_ITEM('') );
#391 = CARTESIAN_POINT('',(0.95,-1.3005,14.5000001));
#392 = CARTESIAN_POINT('',(0.95,-1.5005,14.5000001));
#393 = CARTESIAN_POINT('',(0.75,-1.5005,14.5000001));
#394 = B_SPLINE_SURFACE_WITH_KNOTS('',1,1,(
    (#395,#396)
    ,(#397,#398
    )),.UNSPECIFIED.,.F.,.F.,.F.,(2,2),(2,2),(-1.8,1.8),(-1.8,1.8),
  .PIECEWISE_BEZIER_KNOTS.);
#395 = CARTESIAN_POINT('',(-1.85,-1.8005,14.5000001));
#396 = CARTESIAN_POINT('',(1.75,-1.8005,14.5000001));
#397 = CARTESIAN_POINT('',(-1.85,1.7995,14.5000001));
#398 = CARTESIAN_POINT('',(1.75,1.7995,14.5000001));
#399 = ADVANCED_FACE('',(#400,#462),#572,.F.);
#400 = FACE_BOUND('',#401,.T.);
#401 = EDGE_LOOP('',(#402,#412,#419,#427,#434,#442,#449,#457));
#402 = ORIENTED_EDGE('',*,*,#403,.T.);
#403 = EDGE_CURVE('',#404,#406,#408,.T.);
#404 = VERTEX_POINT('',#405);
#405 = CARTESIAN_POINT('',(3.9,3.7495,12.0000001));
#406 = VERTEX_POINT('',#407);
#407 = CARTESIAN_POINT('',(3.7,3.9495,12.0000001));
#408 = ( BOUNDED_CURVE() B_SPLINE_CURVE(2,(#409,#410,#411),
.UNSPECIFIED.,.F.,.F.) B_SPLINE_CURVE_WITH_KNOTS((3,3),(4.712388980385,
6.28318530718),.PIECEWISE_BEZIER_KNOTS.) CURVE() 
GEOMETRIC_REPRESENTATION_ITEM() RATIONAL_B_SPLINE_CURVE((1.,
0.707106781187,1.)) REPRESENTATION_ITEM('') );
#409 = CARTESIAN_POINT('',(3.9,3.7495,12.0000001));
#410 = CARTESIAN_POINT('',(3.9,3.9495,12.0000001));
#411 = CARTESIAN_POINT('',(3.7,3.9495,12.0000001));
#412 = ORIENTED_EDGE('',*,*,#413,.T.);
#413 = EDGE_CURVE('',#406,#414,#416,.T.);
#414 = VERTEX_POINT('',#415);
#415 = CARTESIAN_POINT('',(-3.8,3.9495,12.0000001));
#416 = B_SPLINE_CURVE_WITH_KNOTS('',1,(#417,#418),.UNSPECIFIED.,.F.,.F.,
  (2,2),(-7.5,0.),.PIECEWISE_BEZIER_KNOTS.);
#417 = CARTESIAN_POINT('',(3.7,3.9495,12.0000001));
#418 = CARTESIAN_POINT('',(-3.8,3.9495,12.0000001));
#419 = ORIENTED_EDGE('',*,*,#420,.T.);
#420 = EDGE_CURVE('',#414,#421,#423,.T.);
#421 = VERTEX_POINT('',#422);
#422 = CARTESIAN_POINT('',(-4.,3.7495,12.0000001));
#423 = ( BOUNDED_CURVE() B_SPLINE_CURVE(2,(#424,#425,#426),
.UNSPECIFIED.,.F.,.F.) B_SPLINE_CURVE_WITH_KNOTS((3,3),(0.,
1.570796326795),.PIECEWISE_BEZIER_KNOTS.) CURVE() 
GEOMETRIC_REPRESENTATION_ITEM() RATIONAL_B_SPLINE_CURVE((1.,
0.707106781187,1.)) REPRESENTATION_ITEM('') );
#424 = CARTESIAN_POINT('',(-3.8,3.9495,12.0000001));
#425 = CARTESIAN_POINT('',(-4.,3.9495,12.0000001));
#426 = CARTESIAN_POINT('',(-4.,3.7495,12.0000001));
#427 = ORIENTED_EDGE('',*,*,#428,.T.);
#428 = EDGE_CURVE('',#421,#429,#431,.T.);
#429 = VERTEX_POINT('',#430);
#430 = CARTESIAN_POINT('',(-4.,-3.7505,12.0000001));
#431 = B_SPLINE_CURVE_WITH_KNOTS('',1,(#432,#433),.UNSPECIFIED.,.F.,.F.,
  (2,2),(0.,7.5),.PIECEWISE_BEZIER_KNOTS.);
#432 = CARTESIAN_POINT('',(-4.,3.7495,12.0000001));
#433 = CARTESIAN_POINT('',(-4.,-3.7505,12.0000001));
#434 = ORIENTED_EDGE('',*,*,#435,.T.);
#435 = EDGE_CURVE('',#429,#436,#438,.T.);
#436 = VERTEX_POINT('',#437);
#437 = CARTESIAN_POINT('',(-3.8,-3.9505,12.0000001));
#438 = ( BOUNDED_CURVE() B_SPLINE_CURVE(2,(#439,#440,#441),
.UNSPECIFIED.,.F.,.F.) B_SPLINE_CURVE_WITH_KNOTS((3,3),(1.570796326795,
3.14159265359),.PIECEWISE_BEZIER_KNOTS.) CURVE() 
GEOMETRIC_REPRESENTATION_ITEM() RATIONAL_B_SPLINE_CURVE((1.,
0.707106781187,1.)) REPRESENTATION_ITEM('') );
#439 = CARTESIAN_POINT('',(-4.,-3.7505,12.0000001));
#440 = CARTESIAN_POINT('',(-4.,-3.9505,12.0000001));
#441 = CARTESIAN_POINT('',(-3.8,-3.9505,12.0000001));
#442 = ORIENTED_EDGE('',*,*,#443,.T.);
#443 = EDGE_CURVE('',#436,#444,#446,.T.);
#444 = VERTEX_POINT('',#445);
#445 = CARTESIAN_POINT('',(3.7,-3.9505,12.0000001));
#446 = B_SPLINE_CURVE_WITH_KNOTS('',1,(#447,#448),.UNSPECIFIED.,.F.,.F.,
  (2,2),(3.101058377946E-30,7.5),.PIECEWISE_BEZIER_KNOTS.);
#447 = CARTESIAN_POINT('',(-3.8,-3.9505,12.0000001));
#448 = CARTESIAN_POINT('',(3.7,-3.9505,12.0000001));
#449 = ORIENTED_EDGE('',*,*,#450,.T.);
#450 = EDGE_CURVE('',#444,#451,#453,.T.);
#451 = VERTEX_POINT('',#452);
#452 = CARTESIAN_POINT('',(3.9,-3.7505,12.0000001));
#453 = ( BOUNDED_CURVE() B_SPLINE_CURVE(2,(#454,#455,#456),
.UNSPECIFIED.,.F.,.F.) B_SPLINE_CURVE_WITH_KNOTS((3,3),(3.14159265359,
4.712388980385),.PIECEWISE_BEZIER_KNOTS.) CURVE() 
GEOMETRIC_REPRESENTATION_ITEM() RATIONAL_B_SPLINE_CURVE((1.,
0.707106781187,1.)) REPRESENTATION_ITEM('') );
#454 = CARTESIAN_POINT('',(3.7,-3.9505,12.0000001));
#455 = CARTESIAN_POINT('',(3.9,-3.9505,12.0000001));
#456 = CARTESIAN_POINT('',(3.9,-3.7505,12.0000001));
#457 = ORIENTED_EDGE('',*,*,#458,.T.);
#458 = EDGE_CURVE('',#451,#404,#459,.T.);
#459 = B_SPLINE_CURVE_WITH_KNOTS('',1,(#460,#461),.UNSPECIFIED.,.F.,.F.,
  (2,2),(-7.5,0.),.PIECEWISE_BEZIER_KNOTS.);
#460 = CARTESIAN_POINT('',(3.9,-3.7505,12.0000001));
#461 = CARTESIAN_POINT('',(3.9,3.7495,12.0000001));
#462 = FACE_BOUND('',#463,.T.);
#463 = EDGE_LOOP('',(#464,#473,#481,#488,#495,#502,#507,#508,#516,#523,
    #531,#538,#545,#552,#559,#566));
#464 = ORIENTED_EDGE('',*,*,#465,.F.);
#465 = EDGE_CURVE('',#466,#468,#470,.T.);
#466 = VERTEX_POINT('',#467);
#467 = CARTESIAN_POINT('',(-1.85,-2.0005,12.0000001));
#468 = VERTEX_POINT('',#469);
#469 = CARTESIAN_POINT('',(1.75,-2.0005,12.0000001));
#470 = B_SPLINE_CURVE_WITH_KNOTS('',1,(#471,#472),.UNSPECIFIED.,.F.,.F.,
  (2,2),(0.2,3.8),.PIECEWISE_BEZIER_KNOTS.);
#471 = CARTESIAN_POINT('',(-1.85,-2.0005,12.0000001));
#472 = CARTESIAN_POINT('',(1.75,-2.0005,12.0000001));
#473 = ORIENTED_EDGE('',*,*,#474,.T.);
#474 = EDGE_CURVE('',#466,#475,#477,.T.);
#475 = VERTEX_POINT('',#476);
#476 = CARTESIAN_POINT('',(-2.05,-1.8005,12.0000001));
#477 = ( BOUNDED_CURVE() B_SPLINE_CURVE(2,(#478,#479,#480),
.UNSPECIFIED.,.F.,.F.) B_SPLINE_CURVE_WITH_KNOTS((3,3),(3.14159265359,
4.712388980385),.PIECEWISE_BEZIER_KNOTS.) CURVE() 
GEOMETRIC_REPRESENTATION_ITEM() RATIONAL_B_SPLINE_CURVE((1.,
0.707106781187,1.)) REPRESENTATION_ITEM('') );
#478 = CARTESIAN_POINT('',(-1.85,-2.0005,12.0000001));
#479 = CARTESIAN_POINT('',(-2.05,-2.0005,12.0000001));
#480 = CARTESIAN_POINT('',(-2.05,-1.8005,12.0000001));
#481 = ORIENTED_EDGE('',*,*,#482,.F.);
#482 = EDGE_CURVE('',#483,#475,#485,.T.);
#483 = VERTEX_POINT('',#484);
#484 = CARTESIAN_POINT('',(-2.05,-1.5005,12.0000001));
#485 = B_SPLINE_CURVE_WITH_KNOTS('',1,(#486,#487),.UNSPECIFIED.,.F.,.F.,
  (2,2),(3.5,3.8),.PIECEWISE_BEZIER_KNOTS.);
#486 = CARTESIAN_POINT('',(-2.05,-1.5005,12.0000001));
#487 = CARTESIAN_POINT('',(-2.05,-1.8005,12.0000001));
#488 = ORIENTED_EDGE('',*,*,#489,.F.);
#489 = EDGE_CURVE('',#490,#483,#492,.T.);
#490 = VERTEX_POINT('',#491);
#491 = CARTESIAN_POINT('',(-1.45,-1.5005,12.0000001));
#492 = B_SPLINE_CURVE_WITH_KNOTS('',1,(#493,#494),.UNSPECIFIED.,.F.,.F.,
  (2,2),(-0.6,0.),.PIECEWISE_BEZIER_KNOTS.);
#493 = CARTESIAN_POINT('',(-1.45,-1.5005,12.0000001));
#494 = CARTESIAN_POINT('',(-2.05,-1.5005,12.0000001));
#495 = ORIENTED_EDGE('',*,*,#496,.T.);
#496 = EDGE_CURVE('',#490,#497,#499,.T.);
#497 = VERTEX_POINT('',#498);
#498 = CARTESIAN_POINT('',(-1.45,1.4995,12.0000001));
#499 = B_SPLINE_CURVE_WITH_KNOTS('',1,(#500,#501),.UNSPECIFIED.,.F.,.F.,
  (2,2),(0.,3.),.PIECEWISE_BEZIER_KNOTS.);
#500 = CARTESIAN_POINT('',(-1.45,-1.5005,12.0000001));
#501 = CARTESIAN_POINT('',(-1.45,1.4995,12.0000001));
#502 = ORIENTED_EDGE('',*,*,#503,.T.);
#503 = EDGE_CURVE('',#497,#96,#504,.T.);
#504 = B_SPLINE_CURVE_WITH_KNOTS('',1,(#505,#506),.UNSPECIFIED.,.F.,.F.,
  (2,2),(-0.6,0.),.PIECEWISE_BEZIER_KNOTS.);
#505 = CARTESIAN_POINT('',(-1.45,1.4995,12.0000001));
#506 = CARTESIAN_POINT('',(-2.05,1.4995,12.0000001));
#507 = ORIENTED_EDGE('',*,*,#118,.F.);
#508 = ORIENTED_EDGE('',*,*,#509,.T.);
#509 = EDGE_CURVE('',#112,#510,#512,.T.);
#510 = VERTEX_POINT('',#511);
#511 = CARTESIAN_POINT('',(-1.85,1.9995,12.0000001));
#512 = ( BOUNDED_CURVE() B_SPLINE_CURVE(2,(#513,#514,#515),
.UNSPECIFIED.,.F.,.F.) B_SPLINE_CURVE_WITH_KNOTS((3,3),(4.712388980385,
6.28318530718),.PIECEWISE_BEZIER_KNOTS.) CURVE() 
GEOMETRIC_REPRESENTATION_ITEM() RATIONAL_B_SPLINE_CURVE((1.,
0.707106781187,1.)) REPRESENTATION_ITEM('') );
#513 = CARTESIAN_POINT('',(-2.05,1.7995,12.0000001));
#514 = CARTESIAN_POINT('',(-2.05,1.9995,12.0000001));
#515 = CARTESIAN_POINT('',(-1.85,1.9995,12.0000001));
#516 = ORIENTED_EDGE('',*,*,#517,.F.);
#517 = EDGE_CURVE('',#518,#510,#520,.T.);
#518 = VERTEX_POINT('',#519);
#519 = CARTESIAN_POINT('',(1.75,1.9995,12.0000001));
#520 = B_SPLINE_CURVE_WITH_KNOTS('',1,(#521,#522),.UNSPECIFIED.,.F.,.F.,
  (2,2),(-3.8,-0.2),.PIECEWISE_BEZIER_KNOTS.);
#521 = CARTESIAN_POINT('',(1.75,1.9995,12.0000001));
#522 = CARTESIAN_POINT('',(-1.85,1.9995,12.0000001));
#523 = ORIENTED_EDGE('',*,*,#524,.T.);
#524 = EDGE_CURVE('',#518,#525,#527,.T.);
#525 = VERTEX_POINT('',#526);
#526 = CARTESIAN_POINT('',(1.95,1.7995,12.0000001));
#527 = ( BOUNDED_CURVE() B_SPLINE_CURVE(2,(#528,#529,#530),
.UNSPECIFIED.,.F.,.F.) B_SPLINE_CURVE_WITH_KNOTS((3,3),(0.,
1.570796326795),.PIECEWISE_BEZIER_KNOTS.) CURVE() 
GEOMETRIC_REPRESENTATION_ITEM() RATIONAL_B_SPLINE_CURVE((1.,
0.707106781187,1.)) REPRESENTATION_ITEM('') );
#528 = CARTESIAN_POINT('',(1.75,1.9995,12.0000001));
#529 = CARTESIAN_POINT('',(1.95,1.9995,12.0000001));
#530 = CARTESIAN_POINT('',(1.95,1.7995,12.0000001));
#531 = ORIENTED_EDGE('',*,*,#532,.F.);
#532 = EDGE_CURVE('',#533,#525,#535,.T.);
#533 = VERTEX_POINT('',#534);
#534 = CARTESIAN_POINT('',(1.95,1.4995,12.0000001));
#535 = B_SPLINE_CURVE_WITH_KNOTS('',1,(#536,#537),.UNSPECIFIED.,.F.,.F.,
  (2,2),(-0.5,-0.2),.PIECEWISE_BEZIER_KNOTS.);
#536 = CARTESIAN_POINT('',(1.95,1.4995,12.0000001));
#537 = CARTESIAN_POINT('',(1.95,1.7995,12.0000001));
#538 = ORIENTED_EDGE('',*,*,#539,.F.);
#539 = EDGE_CURVE('',#540,#533,#542,.T.);
#540 = VERTEX_POINT('',#541);
#541 = CARTESIAN_POINT('',(1.35,1.4995,12.0000001));
#542 = B_SPLINE_CURVE_WITH_KNOTS('',1,(#543,#544),.UNSPECIFIED.,.F.,.F.,
  (2,2),(-0.6,0.),.PIECEWISE_BEZIER_KNOTS.);
#543 = CARTESIAN_POINT('',(1.35,1.4995,12.0000001));
#544 = CARTESIAN_POINT('',(1.95,1.4995,12.0000001));
#545 = ORIENTED_EDGE('',*,*,#546,.F.);
#546 = EDGE_CURVE('',#547,#540,#549,.T.);
#547 = VERTEX_POINT('',#548);
#548 = CARTESIAN_POINT('',(1.35,-1.5005,12.0000001));
#549 = B_SPLINE_CURVE_WITH_KNOTS('',1,(#550,#551),.UNSPECIFIED.,.F.,.F.,
  (2,2),(0.,3.),.PIECEWISE_BEZIER_KNOTS.);
#550 = CARTESIAN_POINT('',(1.35,-1.5005,12.0000001));
#551 = CARTESIAN_POINT('',(1.35,1.4995,12.0000001));
#552 = ORIENTED_EDGE('',*,*,#553,.T.);
#553 = EDGE_CURVE('',#547,#554,#556,.T.);
#554 = VERTEX_POINT('',#555);
#555 = CARTESIAN_POINT('',(1.95,-1.5005,12.0000001));
#556 = B_SPLINE_CURVE_WITH_KNOTS('',1,(#557,#558),.UNSPECIFIED.,.F.,.F.,
  (2,2),(-0.6,0.),.PIECEWISE_BEZIER_KNOTS.);
#557 = CARTESIAN_POINT('',(1.35,-1.5005,12.0000001));
#558 = CARTESIAN_POINT('',(1.95,-1.5005,12.0000001));
#559 = ORIENTED_EDGE('',*,*,#560,.F.);
#560 = EDGE_CURVE('',#561,#554,#563,.T.);
#561 = VERTEX_POINT('',#562);
#562 = CARTESIAN_POINT('',(1.95,-1.8005,12.0000001));
#563 = B_SPLINE_CURVE_WITH_KNOTS('',1,(#564,#565),.UNSPECIFIED.,.F.,.F.,
  (2,2),(-3.8,-3.5),.PIECEWISE_BEZIER_KNOTS.);
#564 = CARTESIAN_POINT('',(1.95,-1.8005,12.0000001));
#565 = CARTESIAN_POINT('',(1.95,-1.5005,12.0000001));
#566 = ORIENTED_EDGE('',*,*,#567,.T.);
#567 = EDGE_CURVE('',#561,#468,#568,.T.);
#568 = ( BOUNDED_CURVE() B_SPLINE_CURVE(2,(#569,#570,#571),
.UNSPECIFIED.,.F.,.F.) B_SPLINE_CURVE_WITH_KNOTS((3,3),(1.570796326795,
3.14159265359),.PIECEWISE_BEZIER_KNOTS.) CURVE() 
GEOMETRIC_REPRESENTATION_ITEM() RATIONAL_B_SPLINE_CURVE((1.,
0.707106781187,1.)) REPRESENTATION_ITEM('') );
#569 = CARTESIAN_POINT('',(1.95,-1.8005,12.0000001));
#570 = CARTESIAN_POINT('',(1.95,-2.0005,12.0000001));
#571 = CARTESIAN_POINT('',(1.75,-2.0005,12.0000001));
#572 = B_SPLINE_SURFACE_WITH_KNOTS('',1,1,(
    (#573,#574)
    ,(#575,#576
    )),.UNSPECIFIED.,.F.,.F.,.F.,(2,2),(2,2),(-7.7,0.2),(-0.2,7.7),
  .PIECEWISE_BEZIER_KNOTS.);
#573 = CARTESIAN_POINT('',(-4.,-3.9505,12.0000001));
#574 = CARTESIAN_POINT('',(3.9,-3.9505,12.0000001));
#575 = CARTESIAN_POINT('',(-4.,3.9495,12.0000001));
#576 = CARTESIAN_POINT('',(3.9,3.9495,12.0000001));
#577 = ADVANCED_FACE('',(#578),#608,.F.);
#578 = FACE_BOUND('',#579,.T.);
#579 = EDGE_LOOP('',(#580,#589,#596,#603));
#580 = ORIENTED_EDGE('',*,*,#581,.F.);
#581 = EDGE_CURVE('',#582,#584,#586,.T.);
#582 = VERTEX_POINT('',#583);
#583 = CARTESIAN_POINT('',(-4.3,0.9995,6.7000001));
#584 = VERTEX_POINT('',#585);
#585 = CARTESIAN_POINT('',(-3.9,0.9995,6.7000001));
#586 = B_SPLINE_CURVE_WITH_KNOTS('',1,(#587,#588),.UNSPECIFIED.,.F.,.F.,
  (2,2),(0.,0.4),.PIECEWISE_BEZIER_KNOTS.);
#587 = CARTESIAN_POINT('',(-4.3,0.9995,6.7000001));
#588 = CARTESIAN_POINT('',(-3.9,0.9995,6.7000001));
#589 = ORIENTED_EDGE('',*,*,#590,.F.);
#590 = EDGE_CURVE('',#591,#582,#593,.T.);
#591 = VERTEX_POINT('',#592);
#592 = CARTESIAN_POINT('',(-4.3,0.9995,8.0000001));
#593 = B_SPLINE_CURVE_WITH_KNOTS('',1,(#594,#595),.UNSPECIFIED.,.F.,.F.,
  (2,2),(-0.,1.3),.PIECEWISE_BEZIER_KNOTS.);
#594 = CARTESIAN_POINT('',(-4.3,0.9995,8.0000001));
#595 = CARTESIAN_POINT('',(-4.3,0.9995,6.7000001));
#596 = ORIENTED_EDGE('',*,*,#597,.T.);
#597 = EDGE_CURVE('',#591,#598,#600,.T.);
#598 = VERTEX_POINT('',#599);
#599 = CARTESIAN_POINT('',(-3.9,0.9995,8.0000001));
#600 = B_SPLINE_CURVE_WITH_KNOTS('',1,(#601,#602),.UNSPECIFIED.,.F.,.F.,
  (2,2),(0.,0.4),.PIECEWISE_BEZIER_KNOTS.);
#601 = CARTESIAN_POINT('',(-4.3,0.9995,8.0000001));
#602 = CARTESIAN_POINT('',(-3.9,0.9995,8.0000001));
#603 = ORIENTED_EDGE('',*,*,#604,.T.);
#604 = EDGE_CURVE('',#598,#584,#605,.T.);
#605 = B_SPLINE_CURVE_WITH_KNOTS('',1,(#606,#607),.UNSPECIFIED.,.F.,.F.,
  (2,2),(-0.,1.3),.PIECEWISE_BEZIER_KNOTS.);
#606 = CARTESIAN_POINT('',(-3.9,0.9995,8.0000001));
#607 = CARTESIAN_POINT('',(-3.9,0.9995,6.7000001));
#608 = B_SPLINE_SURFACE_WITH_KNOTS('',1,1,(
    (#609,#610)
    ,(#611,#612
    )),.UNSPECIFIED.,.F.,.F.,.F.,(2,2),(2,2),(-3.113945703849E-32,1.3),(
    0.,0.4),.PIECEWISE_BEZIER_KNOTS.);
#609 = CARTESIAN_POINT('',(-4.3,0.9995,8.0000001));
#610 = CARTESIAN_POINT('',(-3.9,0.9995,8.0000001));
#611 = CARTESIAN_POINT('',(-4.3,0.9995,6.7000001));
#612 = CARTESIAN_POINT('',(-3.9,0.9995,6.7000001));
#613 = ADVANCED_FACE('',(#614),#644,.F.);
#614 = FACE_BOUND('',#615,.T.);
#615 = EDGE_LOOP('',(#616,#625,#632,#639));
#616 = ORIENTED_EDGE('',*,*,#617,.F.);
#617 = EDGE_CURVE('',#618,#620,#622,.T.);
#618 = VERTEX_POINT('',#619);
#619 = CARTESIAN_POINT('',(-3.9,-1.0005,6.7000001));
#620 = VERTEX_POINT('',#621);
#621 = CARTESIAN_POINT('',(-4.3,-1.0005,6.7000001));
#622 = B_SPLINE_CURVE_WITH_KNOTS('',1,(#623,#624),.UNSPECIFIED.,.F.,.F.,
  (2,2),(-0.4,0.),.PIECEWISE_BEZIER_KNOTS.);
#623 = CARTESIAN_POINT('',(-3.9,-1.0005,6.7000001));
#624 = CARTESIAN_POINT('',(-4.3,-1.0005,6.7000001));
#625 = ORIENTED_EDGE('',*,*,#626,.T.);
#626 = EDGE_CURVE('',#618,#627,#629,.T.);
#627 = VERTEX_POINT('',#628);
#628 = CARTESIAN_POINT('',(-3.9,-1.0005,8.0000001));
#629 = B_SPLINE_CURVE_WITH_KNOTS('',1,(#630,#631),.UNSPECIFIED.,.F.,.F.,
  (2,2),(-1.3,0.),.PIECEWISE_BEZIER_KNOTS.);
#630 = CARTESIAN_POINT('',(-3.9,-1.0005,6.7000001));
#631 = CARTESIAN_POINT('',(-3.9,-1.0005,8.0000001));
#632 = ORIENTED_EDGE('',*,*,#633,.F.);
#633 = EDGE_CURVE('',#634,#627,#636,.T.);
#634 = VERTEX_POINT('',#635);
#635 = CARTESIAN_POINT('',(-4.3,-1.0005,8.0000001));
#636 = B_SPLINE_CURVE_WITH_KNOTS('',1,(#637,#638),.UNSPECIFIED.,.F.,.F.,
  (2,2),(0.,0.4),.PIECEWISE_BEZIER_KNOTS.);
#637 = CARTESIAN_POINT('',(-4.3,-1.0005,8.0000001));
#638 = CARTESIAN_POINT('',(-3.9,-1.0005,8.0000001));
#639 = ORIENTED_EDGE('',*,*,#640,.F.);
#640 = EDGE_CURVE('',#620,#634,#641,.T.);
#641 = B_SPLINE_CURVE_WITH_KNOTS('',1,(#642,#643),.UNSPECIFIED.,.F.,.F.,
  (2,2),(-1.3,0.),.PIECEWISE_BEZIER_KNOTS.);
#642 = CARTESIAN_POINT('',(-4.3,-1.0005,6.7000001));
#643 = CARTESIAN_POINT('',(-4.3,-1.0005,8.0000001));
#644 = B_SPLINE_SURFACE_WITH_KNOTS('',1,1,(
    (#645,#646)
    ,(#647,#648
    )),.UNSPECIFIED.,.F.,.F.,.F.,(2,2),(2,2),(-1.3,7.616238275883E-33),(
    0.,0.4),.PIECEWISE_BEZIER_KNOTS.);
#645 = CARTESIAN_POINT('',(-4.3,-1.0005,6.7000001));
#646 = CARTESIAN_POINT('',(-3.9,-1.0005,6.7000001));
#647 = CARTESIAN_POINT('',(-4.3,-1.0005,8.0000001));
#648 = CARTESIAN_POINT('',(-3.9,-1.0005,8.0000001));
#649 = ADVANCED_FACE('',(#650),#682,.T.);
#650 = FACE_BOUND('',#651,.T.);
#651 = EDGE_LOOP('',(#652,#661,#669,#676));
#652 = ORIENTED_EDGE('',*,*,#653,.F.);
#653 = EDGE_CURVE('',#654,#656,#658,.T.);
#654 = VERTEX_POINT('',#655);
#655 = CARTESIAN_POINT('',(-4.3,3.7495,11.7000001));
#656 = VERTEX_POINT('',#657);
#657 = CARTESIAN_POINT('',(-4.3,3.7495,8.0000001));
#658 = B_SPLINE_CURVE_WITH_KNOTS('',1,(#659,#660),.UNSPECIFIED.,.F.,.F.,
  (2,2),(0.3,4.),.PIECEWISE_BEZIER_KNOTS.);
#659 = CARTESIAN_POINT('',(-4.3,3.7495,11.7000001));
#660 = CARTESIAN_POINT('',(-4.3,3.7495,8.0000001));
#661 = ORIENTED_EDGE('',*,*,#662,.T.);
#662 = EDGE_CURVE('',#654,#663,#665,.T.);
#663 = VERTEX_POINT('',#664);
#664 = CARTESIAN_POINT('',(-3.8,4.2495,11.7000001));
#665 = ( BOUNDED_CURVE() B_SPLINE_CURVE(2,(#666,#667,#668),
.UNSPECIFIED.,.F.,.F.) B_SPLINE_CURVE_WITH_KNOTS((3,3),(4.712388980385,
6.28318530718),.PIECEWISE_BEZIER_KNOTS.) CURVE() 
GEOMETRIC_REPRESENTATION_ITEM() RATIONAL_B_SPLINE_CURVE((1.,
0.707106781187,1.)) REPRESENTATION_ITEM('') );
#666 = CARTESIAN_POINT('',(-4.3,3.7495,11.7000001));
#667 = CARTESIAN_POINT('',(-4.3,4.2495,11.7000001));
#668 = CARTESIAN_POINT('',(-3.8,4.2495,11.7000001));
#669 = ORIENTED_EDGE('',*,*,#670,.T.);
#670 = EDGE_CURVE('',#663,#671,#673,.T.);
#671 = VERTEX_POINT('',#672);
#672 = CARTESIAN_POINT('',(-3.8,4.2495,8.0000001));
#673 = B_SPLINE_CURVE_WITH_KNOTS('',1,(#674,#675),.UNSPECIFIED.,.F.,.F.,
  (2,2),(0.3,4.),.PIECEWISE_BEZIER_KNOTS.);
#674 = CARTESIAN_POINT('',(-3.8,4.2495,11.7000001));
#675 = CARTESIAN_POINT('',(-3.8,4.2495,8.0000001));
#676 = ORIENTED_EDGE('',*,*,#677,.T.);
#677 = EDGE_CURVE('',#671,#656,#678,.T.);
#678 = ( BOUNDED_CURVE() B_SPLINE_CURVE(2,(#679,#680,#681),
.UNSPECIFIED.,.F.,.F.) B_SPLINE_CURVE_WITH_KNOTS((3,3),(0.,
1.570796326795),.PIECEWISE_BEZIER_KNOTS.) CURVE() 
GEOMETRIC_REPRESENTATION_ITEM() RATIONAL_B_SPLINE_CURVE((1.,
0.707106781187,1.)) REPRESENTATION_ITEM('') );
#679 = CARTESIAN_POINT('',(-3.8,4.2495,8.0000001));
#680 = CARTESIAN_POINT('',(-4.3,4.2495,8.0000001));
#681 = CARTESIAN_POINT('',(-4.3,3.7495,8.0000001));
#682 = ( BOUNDED_SURFACE() B_SPLINE_SURFACE(2,1,(
    (#683,#684)
    ,(#685,#686)
,(#687,#688
    )),.UNSPECIFIED.,.F.,.F.,.F.) B_SPLINE_SURFACE_WITH_KNOTS((3,3),(2,2
    ),(4.712388980385,6.28318530718),(0.3,4.),.PIECEWISE_BEZIER_KNOTS.) 
GEOMETRIC_REPRESENTATION_ITEM() RATIONAL_B_SPLINE_SURFACE((
    (1.,1.)
    ,(0.707106781187,0.707106781187)
,(1.,1.))) REPRESENTATION_ITEM('') SURFACE() );
#683 = CARTESIAN_POINT('',(-4.3,3.7495,11.7000001));
#684 = CARTESIAN_POINT('',(-4.3,3.7495,8.0000001));
#685 = CARTESIAN_POINT('',(-4.3,4.2495,11.7000001));
#686 = CARTESIAN_POINT('',(-4.3,4.2495,8.0000001));
#687 = CARTESIAN_POINT('',(-3.8,4.2495,11.7000001));
#688 = CARTESIAN_POINT('',(-3.8,4.2495,8.0000001));
#689 = ADVANCED_FACE('',(#690),#752,.F.);
#690 = FACE_BOUND('',#691,.T.);
#691 = EDGE_LOOP('',(#692,#701,#708,#713,#714,#721,#728,#733,#734,#739,
    #740,#747));
#692 = ORIENTED_EDGE('',*,*,#693,.T.);
#693 = EDGE_CURVE('',#694,#696,#698,.T.);
#694 = VERTEX_POINT('',#695);
#695 = CARTESIAN_POINT('',(-4.3,1.6995,3.7000001));
#696 = VERTEX_POINT('',#697);
#697 = CARTESIAN_POINT('',(-4.3,-1.7005,3.7000001));
#698 = B_SPLINE_CURVE_WITH_KNOTS('',1,(#699,#700),.UNSPECIFIED.,.F.,.F.,
  (2,2),(-0.7,2.7),.PIECEWISE_BEZIER_KNOTS.);
#699 = CARTESIAN_POINT('',(-4.3,1.6995,3.7000001));
#700 = CARTESIAN_POINT('',(-4.3,-1.7005,3.7000001));
#701 = ORIENTED_EDGE('',*,*,#702,.T.);
#702 = EDGE_CURVE('',#696,#703,#705,.T.);
#703 = VERTEX_POINT('',#704);
#704 = CARTESIAN_POINT('',(-4.3,-1.7005,6.7000001));
#705 = B_SPLINE_CURVE_WITH_KNOTS('',1,(#706,#707),.UNSPECIFIED.,.F.,.F.,
  (2,2),(-3.,0.),.PIECEWISE_BEZIER_KNOTS.);
#706 = CARTESIAN_POINT('',(-4.3,-1.7005,3.7000001));
#707 = CARTESIAN_POINT('',(-4.3,-1.7005,6.7000001));
#708 = ORIENTED_EDGE('',*,*,#709,.T.);
#709 = EDGE_CURVE('',#703,#620,#710,.T.);
#710 = B_SPLINE_CURVE_WITH_KNOTS('',1,(#711,#712),.UNSPECIFIED.,.F.,.F.,
  (2,2),(-3.4,-2.7),.PIECEWISE_BEZIER_KNOTS.);
#711 = CARTESIAN_POINT('',(-4.3,-1.7005,6.7000001));
#712 = CARTESIAN_POINT('',(-4.3,-1.0005,6.7000001));
#713 = ORIENTED_EDGE('',*,*,#640,.T.);
#714 = ORIENTED_EDGE('',*,*,#715,.T.);
#715 = EDGE_CURVE('',#634,#716,#718,.T.);
#716 = VERTEX_POINT('',#717);
#717 = CARTESIAN_POINT('',(-4.3,-3.7505,8.0000001));
#718 = B_SPLINE_CURVE_WITH_KNOTS('',1,(#719,#720),.UNSPECIFIED.,.F.,.F.,
  (2,2),(4.75,7.5),.PIECEWISE_BEZIER_KNOTS.);
#719 = CARTESIAN_POINT('',(-4.3,-1.0005,8.0000001));
#720 = CARTESIAN_POINT('',(-4.3,-3.7505,8.0000001));
#721 = ORIENTED_EDGE('',*,*,#722,.F.);
#722 = EDGE_CURVE('',#723,#716,#725,.T.);
#723 = VERTEX_POINT('',#724);
#724 = CARTESIAN_POINT('',(-4.3,-3.7505,11.7000001));
#725 = B_SPLINE_CURVE_WITH_KNOTS('',1,(#726,#727),.UNSPECIFIED.,.F.,.F.,
  (2,2),(0.3,4.),.PIECEWISE_BEZIER_KNOTS.);
#726 = CARTESIAN_POINT('',(-4.3,-3.7505,11.7000001));
#727 = CARTESIAN_POINT('',(-4.3,-3.7505,8.0000001));
#728 = ORIENTED_EDGE('',*,*,#729,.T.);
#729 = EDGE_CURVE('',#723,#654,#730,.T.);
#730 = B_SPLINE_CURVE_WITH_KNOTS('',1,(#731,#732),.UNSPECIFIED.,.F.,.F.,
  (2,2),(-7.5,0.),.PIECEWISE_BEZIER_KNOTS.);
#731 = CARTESIAN_POINT('',(-4.3,-3.7505,11.7000001));
#732 = CARTESIAN_POINT('',(-4.3,3.7495,11.7000001));
#733 = ORIENTED_EDGE('',*,*,#653,.T.);
#734 = ORIENTED_EDGE('',*,*,#735,.T.);
#735 = EDGE_CURVE('',#656,#591,#736,.T.);
#736 = B_SPLINE_CURVE_WITH_KNOTS('',1,(#737,#738),.UNSPECIFIED.,.F.,.F.,
  (2,2),(0.,2.75),.PIECEWISE_BEZIER_KNOTS.);
#737 = CARTESIAN_POINT('',(-4.3,3.7495,8.0000001));
#738 = CARTESIAN_POINT('',(-4.3,0.9995,8.0000001));
#739 = ORIENTED_EDGE('',*,*,#590,.T.);
#740 = ORIENTED_EDGE('',*,*,#741,.T.);
#741 = EDGE_CURVE('',#582,#742,#744,.T.);
#742 = VERTEX_POINT('',#743);
#743 = CARTESIAN_POINT('',(-4.3,1.6995,6.7000001));
#744 = B_SPLINE_CURVE_WITH_KNOTS('',1,(#745,#746),.UNSPECIFIED.,.F.,.F.,
  (2,2),(-0.7,0.),.PIECEWISE_BEZIER_KNOTS.);
#745 = CARTESIAN_POINT('',(-4.3,0.9995,6.7000001));
#746 = CARTESIAN_POINT('',(-4.3,1.6995,6.7000001));
#747 = ORIENTED_EDGE('',*,*,#748,.T.);
#748 = EDGE_CURVE('',#742,#694,#749,.T.);
#749 = B_SPLINE_CURVE_WITH_KNOTS('',1,(#750,#751),.UNSPECIFIED.,.F.,.F.,
  (2,2),(-0.,3.),.PIECEWISE_BEZIER_KNOTS.);
#750 = CARTESIAN_POINT('',(-4.3,1.6995,6.7000001));
#751 = CARTESIAN_POINT('',(-4.3,1.6995,3.7000001));
#752 = B_SPLINE_SURFACE_WITH_KNOTS('',1,1,(
    (#753,#754)
    ,(#755,#756
    )),.UNSPECIFIED.,.F.,.F.,.F.,(2,2),(2,2),(-8.3,-0.3),(-0.,7.5),
  .PIECEWISE_BEZIER_KNOTS.);
#753 = CARTESIAN_POINT('',(-4.3,3.7495,3.7000001));
#754 = CARTESIAN_POINT('',(-4.3,-3.7505,3.7000001));
#755 = CARTESIAN_POINT('',(-4.3,3.7495,11.7000001));
#756 = CARTESIAN_POINT('',(-4.3,-3.7505,11.7000001));
#757 = ADVANCED_FACE('',(#758),#782,.T.);
#758 = FACE_BOUND('',#759,.T.);
#759 = EDGE_LOOP('',(#760,#769,#775,#776));
#760 = ORIENTED_EDGE('',*,*,#761,.F.);
#761 = EDGE_CURVE('',#762,#764,#766,.T.);
#762 = VERTEX_POINT('',#763);
#763 = CARTESIAN_POINT('',(-3.8,-4.2505,11.7000001));
#764 = VERTEX_POINT('',#765);
#765 = CARTESIAN_POINT('',(-3.8,-4.2505,8.0000001));
#766 = B_SPLINE_CURVE_WITH_KNOTS('',1,(#767,#768),.UNSPECIFIED.,.F.,.F.,
  (2,2),(0.3,4.),.PIECEWISE_BEZIER_KNOTS.);
#767 = CARTESIAN_POINT('',(-3.8,-4.2505,11.7000001));
#768 = CARTESIAN_POINT('',(-3.8,-4.2505,8.0000001));
#769 = ORIENTED_EDGE('',*,*,#770,.T.);
#770 = EDGE_CURVE('',#762,#723,#771,.T.);
#771 = ( BOUNDED_CURVE() B_SPLINE_CURVE(2,(#772,#773,#774),
.UNSPECIFIED.,.F.,.F.) B_SPLINE_CURVE_WITH_KNOTS((3,3),(3.14159265359,
4.712388980385),.PIECEWISE_BEZIER_KNOTS.) CURVE() 
GEOMETRIC_REPRESENTATION_ITEM() RATIONAL_B_SPLINE_CURVE((1.,
0.707106781187,1.)) REPRESENTATION_ITEM('') );
#772 = CARTESIAN_POINT('',(-3.8,-4.2505,11.7000001));
#773 = CARTESIAN_POINT('',(-4.3,-4.2505,11.7000001));
#774 = CARTESIAN_POINT('',(-4.3,-3.7505,11.7000001));
#775 = ORIENTED_EDGE('',*,*,#722,.T.);
#776 = ORIENTED_EDGE('',*,*,#777,.T.);
#777 = EDGE_CURVE('',#716,#764,#778,.T.);
#778 = ( BOUNDED_CURVE() B_SPLINE_CURVE(2,(#779,#780,#781),
.UNSPECIFIED.,.F.,.F.) B_SPLINE_CURVE_WITH_KNOTS((3,3),(4.712388980385,
6.28318530718),.PIECEWISE_BEZIER_KNOTS.) CURVE() 
GEOMETRIC_REPRESENTATION_ITEM() RATIONAL_B_SPLINE_CURVE((1.,
0.707106781187,1.)) REPRESENTATION_ITEM('') );
#779 = CARTESIAN_POINT('',(-4.3,-3.7505,8.0000001));
#780 = CARTESIAN_POINT('',(-4.3,-4.2505,8.0000001));
#781 = CARTESIAN_POINT('',(-3.8,-4.2505,8.0000001));
#782 = ( BOUNDED_SURFACE() B_SPLINE_SURFACE(2,1,(
    (#783,#784)
    ,(#785,#786)
,(#787,#788
    )),.UNSPECIFIED.,.F.,.F.,.F.) B_SPLINE_SURFACE_WITH_KNOTS((3,3),(2,2
    ),(3.14159265359,4.712388980385),(0.3,4.),.PIECEWISE_BEZIER_KNOTS.) 
GEOMETRIC_REPRESENTATION_ITEM() RATIONAL_B_SPLINE_SURFACE((
    (1.,1.)
    ,(0.707106781187,0.707106781187)
,(1.,1.))) REPRESENTATION_ITEM('') SURFACE() );
#783 = CARTESIAN_POINT('',(-3.8,-4.2505,11.7000001));
#784 = CARTESIAN_POINT('',(-3.8,-4.2505,8.0000001));
#785 = CARTESIAN_POINT('',(-4.3,-4.2505,11.7000001));
#786 = CARTESIAN_POINT('',(-4.3,-4.2505,8.0000001));
#787 = CARTESIAN_POINT('',(-4.3,-3.7505,11.7000001));
#788 = CARTESIAN_POINT('',(-4.3,-3.7505,8.0000001));
#789 = ADVANCED_FACE('',(#790),#812,.F.);
#790 = FACE_BOUND('',#791,.T.);
#791 = EDGE_LOOP('',(#792,#801,#806,#807));
#792 = ORIENTED_EDGE('',*,*,#793,.F.);
#793 = EDGE_CURVE('',#794,#796,#798,.T.);
#794 = VERTEX_POINT('',#795);
#795 = CARTESIAN_POINT('',(3.7,-4.2505,11.7000001));
#796 = VERTEX_POINT('',#797);
#797 = CARTESIAN_POINT('',(3.7,-4.2505,8.0000001));
#798 = B_SPLINE_CURVE_WITH_KNOTS('',1,(#799,#800),.UNSPECIFIED.,.F.,.F.,
  (2,2),(0.3,4.),.PIECEWISE_BEZIER_KNOTS.);
#799 = CARTESIAN_POINT('',(3.7,-4.2505,11.7000001));
#800 = CARTESIAN_POINT('',(3.7,-4.2505,8.0000001));
#801 = ORIENTED_EDGE('',*,*,#802,.T.);
#802 = EDGE_CURVE('',#794,#762,#803,.T.);
#803 = B_SPLINE_CURVE_WITH_KNOTS('',1,(#804,#805),.UNSPECIFIED.,.F.,.F.,
  (2,2),(-7.5,0.),.PIECEWISE_BEZIER_KNOTS.);
#804 = CARTESIAN_POINT('',(3.7,-4.2505,11.7000001));
#805 = CARTESIAN_POINT('',(-3.8,-4.2505,11.7000001));
#806 = ORIENTED_EDGE('',*,*,#761,.T.);
#807 = ORIENTED_EDGE('',*,*,#808,.T.);
#808 = EDGE_CURVE('',#764,#796,#809,.T.);
#809 = B_SPLINE_CURVE_WITH_KNOTS('',1,(#810,#811),.UNSPECIFIED.,.F.,.F.,
  (2,2),(0.,7.5),.PIECEWISE_BEZIER_KNOTS.);
#810 = CARTESIAN_POINT('',(-3.8,-4.2505,8.0000001));
#811 = CARTESIAN_POINT('',(3.7,-4.2505,8.0000001));
#812 = B_SPLINE_SURFACE_WITH_KNOTS('',1,1,(
    (#813,#814)
    ,(#815,#816
    )),.UNSPECIFIED.,.F.,.F.,.F.,(2,2),(2,2),(-4.,-0.3),(0.,7.5),
  .PIECEWISE_BEZIER_KNOTS.);
#813 = CARTESIAN_POINT('',(-3.8,-4.2505,8.0000001));
#814 = CARTESIAN_POINT('',(3.7,-4.2505,8.0000001));
#815 = CARTESIAN_POINT('',(-3.8,-4.2505,11.7000001));
#816 = CARTESIAN_POINT('',(3.7,-4.2505,11.7000001));
#817 = ADVANCED_FACE('',(#818),#834,.T.);
#818 = FACE_BOUND('',#819,.T.);
#819 = EDGE_LOOP('',(#820,#821,#827,#828));
#820 = ORIENTED_EDGE('',*,*,#235,.F.);
#821 = ORIENTED_EDGE('',*,*,#822,.T.);
#822 = EDGE_CURVE('',#229,#794,#823,.T.);
#823 = ( BOUNDED_CURVE() B_SPLINE_CURVE(2,(#824,#825,#826),
.UNSPECIFIED.,.F.,.F.) B_SPLINE_CURVE_WITH_KNOTS((3,3),(1.570796326795,
3.14159265359),.PIECEWISE_BEZIER_KNOTS.) CURVE() 
GEOMETRIC_REPRESENTATION_ITEM() RATIONAL_B_SPLINE_CURVE((1.,
0.707106781187,1.)) REPRESENTATION_ITEM('') );
#824 = CARTESIAN_POINT('',(4.2,-3.7505,11.7000001));
#825 = CARTESIAN_POINT('',(4.2,-4.2505,11.7000001));
#826 = CARTESIAN_POINT('',(3.7,-4.2505,11.7000001));
#827 = ORIENTED_EDGE('',*,*,#793,.T.);
#828 = ORIENTED_EDGE('',*,*,#829,.T.);
#829 = EDGE_CURVE('',#796,#236,#830,.T.);
#830 = ( BOUNDED_CURVE() B_SPLINE_CURVE(2,(#831,#832,#833),
.UNSPECIFIED.,.F.,.F.) B_SPLINE_CURVE_WITH_KNOTS((3,3),(3.14159265359,
4.712388980385),.PIECEWISE_BEZIER_KNOTS.) CURVE() 
GEOMETRIC_REPRESENTATION_ITEM() RATIONAL_B_SPLINE_CURVE((1.,
0.707106781187,1.)) REPRESENTATION_ITEM('') );
#831 = CARTESIAN_POINT('',(3.7,-4.2505,8.0000001));
#832 = CARTESIAN_POINT('',(4.2,-4.2505,8.0000001));
#833 = CARTESIAN_POINT('',(4.2,-3.7505,8.0000001));
#834 = ( BOUNDED_SURFACE() B_SPLINE_SURFACE(2,1,(
    (#835,#836)
    ,(#837,#838)
,(#839,#840
    )),.UNSPECIFIED.,.F.,.F.,.F.) B_SPLINE_SURFACE_WITH_KNOTS((3,3),(2,2
    ),(1.570796326795,3.14159265359),(0.3,4.),.PIECEWISE_BEZIER_KNOTS.) 
GEOMETRIC_REPRESENTATION_ITEM() RATIONAL_B_SPLINE_SURFACE((
    (1.,1.)
    ,(0.707106781187,0.707106781187)
,(1.,1.))) REPRESENTATION_ITEM('') SURFACE() );
#835 = CARTESIAN_POINT('',(4.2,-3.7505,11.7000001));
#836 = CARTESIAN_POINT('',(4.2,-3.7505,8.0000001));
#837 = CARTESIAN_POINT('',(4.2,-4.2505,11.7000001));
#838 = CARTESIAN_POINT('',(4.2,-4.2505,8.0000001));
#839 = CARTESIAN_POINT('',(3.7,-4.2505,11.7000001));
#840 = CARTESIAN_POINT('',(3.7,-4.2505,8.0000001));
#841 = ADVANCED_FACE('',(#842),#866,.T.);
#842 = FACE_BOUND('',#843,.T.);
#843 = EDGE_LOOP('',(#844,#853,#859,#860));
#844 = ORIENTED_EDGE('',*,*,#845,.F.);
#845 = EDGE_CURVE('',#846,#848,#850,.T.);
#846 = VERTEX_POINT('',#847);
#847 = CARTESIAN_POINT('',(3.7,4.2495,11.7000001));
#848 = VERTEX_POINT('',#849);
#849 = CARTESIAN_POINT('',(3.7,4.2495,8.0000001));
#850 = B_SPLINE_CURVE_WITH_KNOTS('',1,(#851,#852),.UNSPECIFIED.,.F.,.F.,
  (2,2),(0.3,4.),.PIECEWISE_BEZIER_KNOTS.);
#851 = CARTESIAN_POINT('',(3.7,4.2495,11.7000001));
#852 = CARTESIAN_POINT('',(3.7,4.2495,8.0000001));
#853 = ORIENTED_EDGE('',*,*,#854,.T.);
#854 = EDGE_CURVE('',#846,#222,#855,.T.);
#855 = ( BOUNDED_CURVE() B_SPLINE_CURVE(2,(#856,#857,#858),
.UNSPECIFIED.,.F.,.F.) B_SPLINE_CURVE_WITH_KNOTS((3,3),(0.,
1.570796326795),.PIECEWISE_BEZIER_KNOTS.) CURVE() 
GEOMETRIC_REPRESENTATION_ITEM() RATIONAL_B_SPLINE_CURVE((1.,
0.707106781187,1.)) REPRESENTATION_ITEM('') );
#856 = CARTESIAN_POINT('',(3.7,4.2495,11.7000001));
#857 = CARTESIAN_POINT('',(4.2,4.2495,11.7000001));
#858 = CARTESIAN_POINT('',(4.2,3.7495,11.7000001));
#859 = ORIENTED_EDGE('',*,*,#221,.T.);
#860 = ORIENTED_EDGE('',*,*,#861,.T.);
#861 = EDGE_CURVE('',#215,#848,#862,.T.);
#862 = ( BOUNDED_CURVE() B_SPLINE_CURVE(2,(#863,#864,#865),
.UNSPECIFIED.,.F.,.F.) B_SPLINE_CURVE_WITH_KNOTS((3,3),(4.712388980385,
6.28318530718),.PIECEWISE_BEZIER_KNOTS.) CURVE() 
GEOMETRIC_REPRESENTATION_ITEM() RATIONAL_B_SPLINE_CURVE((1.,
0.707106781187,1.)) REPRESENTATION_ITEM('') );
#863 = CARTESIAN_POINT('',(4.2,3.7495,8.0000001));
#864 = CARTESIAN_POINT('',(4.2,4.2495,8.0000001));
#865 = CARTESIAN_POINT('',(3.7,4.2495,8.0000001));
#866 = ( BOUNDED_SURFACE() B_SPLINE_SURFACE(2,1,(
    (#867,#868)
    ,(#869,#870)
,(#871,#872
    )),.UNSPECIFIED.,.F.,.F.,.F.) B_SPLINE_SURFACE_WITH_KNOTS((3,3),(2,2
    ),(0.,1.570796326795),(0.3,4.),.PIECEWISE_BEZIER_KNOTS.) 
GEOMETRIC_REPRESENTATION_ITEM() RATIONAL_B_SPLINE_SURFACE((
    (1.,1.)
    ,(0.707106781187,0.707106781187)
,(1.,1.))) REPRESENTATION_ITEM('') SURFACE() );
#867 = CARTESIAN_POINT('',(3.7,4.2495,11.7000001));
#868 = CARTESIAN_POINT('',(3.7,4.2495,8.0000001));
#869 = CARTESIAN_POINT('',(4.2,4.2495,11.7000001));
#870 = CARTESIAN_POINT('',(4.2,4.2495,8.0000001));
#871 = CARTESIAN_POINT('',(4.2,3.7495,11.7000001));
#872 = CARTESIAN_POINT('',(4.2,3.7495,8.0000001));
#873 = ADVANCED_FACE('',(#874),#888,.F.);
#874 = FACE_BOUND('',#875,.T.);
#875 = EDGE_LOOP('',(#876,#877,#882,#883));
#876 = ORIENTED_EDGE('',*,*,#670,.F.);
#877 = ORIENTED_EDGE('',*,*,#878,.T.);
#878 = EDGE_CURVE('',#663,#846,#879,.T.);
#879 = B_SPLINE_CURVE_WITH_KNOTS('',1,(#880,#881),.UNSPECIFIED.,.F.,.F.,
  (2,2),(0.,7.5),.PIECEWISE_BEZIER_KNOTS.);
#880 = CARTESIAN_POINT('',(-3.8,4.2495,11.7000001));
#881 = CARTESIAN_POINT('',(3.7,4.2495,11.7000001));
#882 = ORIENTED_EDGE('',*,*,#845,.T.);
#883 = ORIENTED_EDGE('',*,*,#884,.T.);
#884 = EDGE_CURVE('',#848,#671,#885,.T.);
#885 = B_SPLINE_CURVE_WITH_KNOTS('',1,(#886,#887),.UNSPECIFIED.,.F.,.F.,
  (2,2),(-7.5,0.),.PIECEWISE_BEZIER_KNOTS.);
#886 = CARTESIAN_POINT('',(3.7,4.2495,8.0000001));
#887 = CARTESIAN_POINT('',(-3.8,4.2495,8.0000001));
#888 = B_SPLINE_SURFACE_WITH_KNOTS('',1,1,(
    (#889,#890)
    ,(#891,#892
    )),.UNSPECIFIED.,.F.,.F.,.F.,(2,2),(2,2),(0.3,4.),(0.,7.5),
  .PIECEWISE_BEZIER_KNOTS.);
#889 = CARTESIAN_POINT('',(-3.8,4.2495,11.7000001));
#890 = CARTESIAN_POINT('',(3.7,4.2495,11.7000001));
#891 = CARTESIAN_POINT('',(-3.8,4.2495,8.0000001));
#892 = CARTESIAN_POINT('',(3.7,4.2495,8.0000001));
#893 = ADVANCED_FACE('',(#894),#947,.T.);
#894 = FACE_BOUND('',#895,.T.);
#895 = EDGE_LOOP('',(#896,#906,#913,#918,#919,#920,#921,#922,#923,#924,
    #929,#930,#931,#932,#933,#934,#935,#942));
#896 = ORIENTED_EDGE('',*,*,#897,.F.);
#897 = EDGE_CURVE('',#898,#900,#902,.T.);
#898 = VERTEX_POINT('',#899);
#899 = CARTESIAN_POINT('',(3.8,-0.316727766017,8.0000001));
#900 = VERTEX_POINT('',#901);
#901 = CARTESIAN_POINT('',(3.8,0.315727766017,8.0000001));
#902 = ( BOUNDED_CURVE() B_SPLINE_CURVE(2,(#903,#904,#905),
.UNSPECIFIED.,.F.,.F.) B_SPLINE_CURVE_WITH_KNOTS((3,3),(3.584503697663,
5.840274263106),.PIECEWISE_BEZIER_KNOTS.) CURVE() 
GEOMETRIC_REPRESENTATION_ITEM() RATIONAL_B_SPLINE_CURVE((1.,
0.428571428571,1.)) REPRESENTATION_ITEM('') );
#903 = CARTESIAN_POINT('',(3.8,-0.316727766017,8.0000001));
#904 = CARTESIAN_POINT('',(3.133333333333,-5.000000000068E-04,8.0000001)
  );
#905 = CARTESIAN_POINT('',(3.8,0.315727766017,8.0000001));
#906 = ORIENTED_EDGE('',*,*,#907,.F.);
#907 = EDGE_CURVE('',#908,#898,#910,.T.);
#908 = VERTEX_POINT('',#909);
#909 = CARTESIAN_POINT('',(3.8,-1.0005,8.0000001));
#910 = B_SPLINE_CURVE_WITH_KNOTS('',1,(#911,#912),.UNSPECIFIED.,.F.,.F.,
  (2,2),(-2.,-1.316227766017),.PIECEWISE_BEZIER_KNOTS.);
#911 = CARTESIAN_POINT('',(3.8,-1.0005,8.0000001));
#912 = CARTESIAN_POINT('',(3.8,-0.316727766017,8.0000001));
#913 = ORIENTED_EDGE('',*,*,#914,.F.);
#914 = EDGE_CURVE('',#166,#908,#915,.T.);
#915 = B_SPLINE_CURVE_WITH_KNOTS('',1,(#916,#917),.UNSPECIFIED.,.F.,.F.,
  (2,2),(0.,0.4),.PIECEWISE_BEZIER_KNOTS.);
#916 = CARTESIAN_POINT('',(4.2,-1.0005,8.0000001));
#917 = CARTESIAN_POINT('',(3.8,-1.0005,8.0000001));
#918 = ORIENTED_EDGE('',*,*,#242,.F.);
#919 = ORIENTED_EDGE('',*,*,#829,.F.);
#920 = ORIENTED_EDGE('',*,*,#808,.F.);
#921 = ORIENTED_EDGE('',*,*,#777,.F.);
#922 = ORIENTED_EDGE('',*,*,#715,.F.);
#923 = ORIENTED_EDGE('',*,*,#633,.T.);
#924 = ORIENTED_EDGE('',*,*,#925,.T.);
#925 = EDGE_CURVE('',#627,#598,#926,.T.);
#926 = B_SPLINE_CURVE_WITH_KNOTS('',1,(#927,#928),.UNSPECIFIED.,.F.,.F.,
  (2,2),(-2.,0.),.PIECEWISE_BEZIER_KNOTS.);
#927 = CARTESIAN_POINT('',(-3.9,-1.0005,8.0000001));
#928 = CARTESIAN_POINT('',(-3.9,0.9995,8.0000001));
#929 = ORIENTED_EDGE('',*,*,#597,.F.);
#930 = ORIENTED_EDGE('',*,*,#735,.F.);
#931 = ORIENTED_EDGE('',*,*,#677,.F.);
#932 = ORIENTED_EDGE('',*,*,#884,.F.);
#933 = ORIENTED_EDGE('',*,*,#861,.F.);
#934 = ORIENTED_EDGE('',*,*,#214,.F.);
#935 = ORIENTED_EDGE('',*,*,#936,.T.);
#936 = EDGE_CURVE('',#208,#937,#939,.T.);
#937 = VERTEX_POINT('',#938);
#938 = CARTESIAN_POINT('',(3.8,0.9995,8.0000001));
#939 = B_SPLINE_CURVE_WITH_KNOTS('',1,(#940,#941),.UNSPECIFIED.,.F.,.F.,
  (2,2),(0.,0.4),.PIECEWISE_BEZIER_KNOTS.);
#940 = CARTESIAN_POINT('',(4.2,0.9995,8.0000001));
#941 = CARTESIAN_POINT('',(3.8,0.9995,8.0000001));
#942 = ORIENTED_EDGE('',*,*,#943,.F.);
#943 = EDGE_CURVE('',#900,#937,#944,.T.);
#944 = B_SPLINE_CURVE_WITH_KNOTS('',1,(#945,#946),.UNSPECIFIED.,.F.,.F.,
  (2,2),(-0.683772233983,0.),.PIECEWISE_BEZIER_KNOTS.);
#945 = CARTESIAN_POINT('',(3.8,0.315727766017,8.0000001));
#946 = CARTESIAN_POINT('',(3.8,0.9995,8.0000001));
#947 = B_SPLINE_SURFACE_WITH_KNOTS('',1,1,(
    (#948,#949)
    ,(#950,#951
    )),.UNSPECIFIED.,.F.,.F.,.F.,(2,2),(2,2),(-8.,0.5),(-0.5,8.),
  .PIECEWISE_BEZIER_KNOTS.);
#948 = CARTESIAN_POINT('',(-4.3,-4.2505,8.0000001));
#949 = CARTESIAN_POINT('',(4.2,-4.2505,8.0000001));
#950 = CARTESIAN_POINT('',(-4.3,4.2495,8.0000001));
#951 = CARTESIAN_POINT('',(4.2,4.2495,8.0000001));
#952 = ADVANCED_FACE('',(#953),#969,.T.);
#953 = FACE_BOUND('',#954,.T.);
#954 = EDGE_LOOP('',(#955,#961,#962,#968));
#955 = ORIENTED_EDGE('',*,*,#956,.F.);
#956 = EDGE_CURVE('',#762,#436,#957,.T.);
#957 = ( BOUNDED_CURVE() B_SPLINE_CURVE(2,(#958,#959,#960),
.UNSPECIFIED.,.F.,.F.) B_SPLINE_CURVE_WITH_KNOTS((3,3),(1.570796326795,
3.14159265359),.PIECEWISE_BEZIER_KNOTS.) CURVE() 
GEOMETRIC_REPRESENTATION_ITEM() RATIONAL_B_SPLINE_CURVE((1.,
0.707106781187,1.)) REPRESENTATION_ITEM('') );
#958 = CARTESIAN_POINT('',(-3.8,-4.2505,11.7000001));
#959 = CARTESIAN_POINT('',(-3.8,-4.2505,12.0000001));
#960 = CARTESIAN_POINT('',(-3.8,-3.9505,12.0000001));
#961 = ORIENTED_EDGE('',*,*,#802,.F.);
#962 = ORIENTED_EDGE('',*,*,#963,.F.);
#963 = EDGE_CURVE('',#444,#794,#964,.T.);
#964 = ( BOUNDED_CURVE() B_SPLINE_CURVE(2,(#965,#966,#967),
.UNSPECIFIED.,.F.,.F.) B_SPLINE_CURVE_WITH_KNOTS((3,3),(0.,
1.570796326795),.PIECEWISE_BEZIER_KNOTS.) CURVE() 
GEOMETRIC_REPRESENTATION_ITEM() RATIONAL_B_SPLINE_CURVE((1.,
0.707106781187,1.)) REPRESENTATION_ITEM('') );
#965 = CARTESIAN_POINT('',(3.7,-3.9505,12.0000001));
#966 = CARTESIAN_POINT('',(3.7,-4.2505,12.0000001));
#967 = CARTESIAN_POINT('',(3.7,-4.2505,11.7000001));
#968 = ORIENTED_EDGE('',*,*,#443,.F.);
#969 = ( BOUNDED_SURFACE() B_SPLINE_SURFACE(2,1,(
    (#970,#971)
    ,(#972,#973)
,(#974,#975
    )),.UNSPECIFIED.,.F.,.F.,.F.) B_SPLINE_SURFACE_WITH_KNOTS((3,3),(2,2
    ),(0.,1.570796326795),(0.,7.5),.PIECEWISE_BEZIER_KNOTS.) 
GEOMETRIC_REPRESENTATION_ITEM() RATIONAL_B_SPLINE_SURFACE((
    (1.,1.)
    ,(0.707106781187,0.707106781187)
,(1.,1.))) REPRESENTATION_ITEM('') SURFACE() );
#970 = CARTESIAN_POINT('',(-3.8,-3.9505,12.0000001));
#971 = CARTESIAN_POINT('',(3.7,-3.9505,12.0000001));
#972 = CARTESIAN_POINT('',(-3.8,-4.2505,12.0000001));
#973 = CARTESIAN_POINT('',(3.7,-4.2505,12.0000001));
#974 = CARTESIAN_POINT('',(-3.8,-4.2505,11.7000001));
#975 = CARTESIAN_POINT('',(3.7,-4.2505,11.7000001));
#976 = ADVANCED_FACE('',(#977),#988,.T.);
#977 = FACE_BOUND('',#978,.T.);
#978 = EDGE_LOOP('',(#979,#980,#981,#987));
#979 = ORIENTED_EDGE('',*,*,#963,.T.);
#980 = ORIENTED_EDGE('',*,*,#822,.F.);
#981 = ORIENTED_EDGE('',*,*,#982,.F.);
#982 = EDGE_CURVE('',#451,#229,#983,.T.);
#983 = ( BOUNDED_CURVE() B_SPLINE_CURVE(2,(#984,#985,#986),
.UNSPECIFIED.,.F.,.F.) B_SPLINE_CURVE_WITH_KNOTS((3,3),(0.,
1.570796326795),.PIECEWISE_BEZIER_KNOTS.) CURVE() 
GEOMETRIC_REPRESENTATION_ITEM() RATIONAL_B_SPLINE_CURVE((1.,
0.707106781187,1.)) REPRESENTATION_ITEM('') );
#984 = CARTESIAN_POINT('',(3.9,-3.7505,12.0000001));
#985 = CARTESIAN_POINT('',(4.2,-3.7505,12.0000001));
#986 = CARTESIAN_POINT('',(4.2,-3.7505,11.7000001));
#987 = ORIENTED_EDGE('',*,*,#450,.F.);
#988 = ( BOUNDED_SURFACE() B_SPLINE_SURFACE(2,2,(
    (#989,#990,#991)
    ,(#992,#993,#994)
    ,(#995,#996,#997
)),.UNSPECIFIED.,.F.,.F.,.F.) B_SPLINE_SURFACE_WITH_KNOTS((3,3),(3,3),(
    1.570796326795,3.14159265359),(4.712388980385,6.28318530718),
.PIECEWISE_BEZIER_KNOTS.) GEOMETRIC_REPRESENTATION_ITEM() 
RATIONAL_B_SPLINE_SURFACE((
    (1.,0.707106781187,1.)
    ,(0.707106781187,0.5,0.707106781187)
,(1.,0.707106781187,1.))) REPRESENTATION_ITEM('') SURFACE() );
#989 = CARTESIAN_POINT('',(3.9,-3.7505,12.0000001));
#990 = CARTESIAN_POINT('',(4.2,-3.7505,12.0000001));
#991 = CARTESIAN_POINT('',(4.2,-3.7505,11.7000001));
#992 = CARTESIAN_POINT('',(3.9,-3.9505,12.0000001));
#993 = CARTESIAN_POINT('',(4.2,-4.2505,12.0000001));
#994 = CARTESIAN_POINT('',(4.2,-4.2505,11.7000001));
#995 = CARTESIAN_POINT('',(3.7,-3.9505,12.0000001));
#996 = CARTESIAN_POINT('',(3.7,-4.2505,12.0000001));
#997 = CARTESIAN_POINT('',(3.7,-4.2505,11.7000001));
#998 = ADVANCED_FACE('',(#999),#1010,.T.);
#999 = FACE_BOUND('',#1000,.T.);
#1000 = EDGE_LOOP('',(#1001,#1002,#1003,#1009));
#1001 = ORIENTED_EDGE('',*,*,#956,.T.);
#1002 = ORIENTED_EDGE('',*,*,#435,.F.);
#1003 = ORIENTED_EDGE('',*,*,#1004,.F.);
#1004 = EDGE_CURVE('',#723,#429,#1005,.T.);
#1005 = ( BOUNDED_CURVE() B_SPLINE_CURVE(2,(#1006,#1007,#1008),
.UNSPECIFIED.,.F.,.F.) B_SPLINE_CURVE_WITH_KNOTS((3,3),(4.712388980385,
6.28318530718),.PIECEWISE_BEZIER_KNOTS.) CURVE() 
GEOMETRIC_REPRESENTATION_ITEM() RATIONAL_B_SPLINE_CURVE((1.,
0.707106781187,1.)) REPRESENTATION_ITEM('') );
#1006 = CARTESIAN_POINT('',(-4.3,-3.7505,11.7000001));
#1007 = CARTESIAN_POINT('',(-4.3,-3.7505,12.0000001));
#1008 = CARTESIAN_POINT('',(-4.,-3.7505,12.0000001));
#1009 = ORIENTED_EDGE('',*,*,#770,.F.);
#1010 = ( BOUNDED_SURFACE() B_SPLINE_SURFACE(2,2,(
    (#1011,#1012,#1013)
    ,(#1014,#1015,#1016)
    ,(#1017,#1018,#1019
)),.UNSPECIFIED.,.F.,.F.,.F.) B_SPLINE_SURFACE_WITH_KNOTS((3,3),(3,3),(
    3.14159265359,4.712388980385),(4.712388980385,6.28318530718),
.PIECEWISE_BEZIER_KNOTS.) GEOMETRIC_REPRESENTATION_ITEM() 
RATIONAL_B_SPLINE_SURFACE((
    (1.,0.707106781187,1.)
    ,(0.707106781187,0.5,0.707106781187)
,(1.,0.707106781187,1.))) REPRESENTATION_ITEM('') SURFACE() );
#1011 = CARTESIAN_POINT('',(-3.8,-3.9505,12.0000001));
#1012 = CARTESIAN_POINT('',(-3.8,-4.2505,12.0000001));
#1013 = CARTESIAN_POINT('',(-3.8,-4.2505,11.7000001));
#1014 = CARTESIAN_POINT('',(-4.,-3.9505,12.0000001));
#1015 = CARTESIAN_POINT('',(-4.3,-4.2505,12.0000001));
#1016 = CARTESIAN_POINT('',(-4.3,-4.2505,11.7000001));
#1017 = CARTESIAN_POINT('',(-4.,-3.7505,12.0000001));
#1018 = CARTESIAN_POINT('',(-4.3,-3.7505,12.0000001));
#1019 = CARTESIAN_POINT('',(-4.3,-3.7505,11.7000001));
#1020 = ADVANCED_FACE('',(#1021),#1032,.T.);
#1021 = FACE_BOUND('',#1022,.T.);
#1022 = EDGE_LOOP('',(#1023,#1024,#1025,#1031));
#1023 = ORIENTED_EDGE('',*,*,#982,.T.);
#1024 = ORIENTED_EDGE('',*,*,#228,.F.);
#1025 = ORIENTED_EDGE('',*,*,#1026,.F.);
#1026 = EDGE_CURVE('',#404,#222,#1027,.T.);
#1027 = ( BOUNDED_CURVE() B_SPLINE_CURVE(2,(#1028,#1029,#1030),
.UNSPECIFIED.,.F.,.F.) B_SPLINE_CURVE_WITH_KNOTS((3,3),(0.,
1.570796326795),.PIECEWISE_BEZIER_KNOTS.) CURVE() 
GEOMETRIC_REPRESENTATION_ITEM() RATIONAL_B_SPLINE_CURVE((1.,
0.707106781187,1.)) REPRESENTATION_ITEM('') );
#1028 = CARTESIAN_POINT('',(3.9,3.7495,12.0000001));
#1029 = CARTESIAN_POINT('',(4.2,3.7495,12.0000001));
#1030 = CARTESIAN_POINT('',(4.2,3.7495,11.7000001));
#1031 = ORIENTED_EDGE('',*,*,#458,.F.);
#1032 = ( BOUNDED_SURFACE() B_SPLINE_SURFACE(2,1,(
    (#1033,#1034)
    ,(#1035,#1036)
    ,(#1037,#1038
)),.UNSPECIFIED.,.F.,.F.,.F.) B_SPLINE_SURFACE_WITH_KNOTS((3,3),(2,2),(
    0.,1.570796326795),(-7.5,0.),.PIECEWISE_BEZIER_KNOTS.) 
GEOMETRIC_REPRESENTATION_ITEM() RATIONAL_B_SPLINE_SURFACE((
    (1.,1.)
    ,(0.707106781187,0.707106781187)
,(1.,1.))) REPRESENTATION_ITEM('') SURFACE() );
#1033 = CARTESIAN_POINT('',(3.9,-3.7505,12.0000001));
#1034 = CARTESIAN_POINT('',(3.9,3.7495,12.0000001));
#1035 = CARTESIAN_POINT('',(4.2,-3.7505,12.0000001));
#1036 = CARTESIAN_POINT('',(4.2,3.7495,12.0000001));
#1037 = CARTESIAN_POINT('',(4.2,-3.7505,11.7000001));
#1038 = CARTESIAN_POINT('',(4.2,3.7495,11.7000001));
#1039 = ADVANCED_FACE('',(#1040),#1051,.T.);
#1040 = FACE_BOUND('',#1041,.T.);
#1041 = EDGE_LOOP('',(#1042,#1043,#1044,#1050));
#1042 = ORIENTED_EDGE('',*,*,#1004,.T.);
#1043 = ORIENTED_EDGE('',*,*,#428,.F.);
#1044 = ORIENTED_EDGE('',*,*,#1045,.F.);
#1045 = EDGE_CURVE('',#654,#421,#1046,.T.);
#1046 = ( BOUNDED_CURVE() B_SPLINE_CURVE(2,(#1047,#1048,#1049),
.UNSPECIFIED.,.F.,.F.) B_SPLINE_CURVE_WITH_KNOTS((3,3),(4.712388980385,
6.28318530718),.PIECEWISE_BEZIER_KNOTS.) CURVE() 
GEOMETRIC_REPRESENTATION_ITEM() RATIONAL_B_SPLINE_CURVE((1.,
0.707106781187,1.)) REPRESENTATION_ITEM('') );
#1047 = CARTESIAN_POINT('',(-4.3,3.7495,11.7000001));
#1048 = CARTESIAN_POINT('',(-4.3,3.7495,12.0000001));
#1049 = CARTESIAN_POINT('',(-4.,3.7495,12.0000001));
#1050 = ORIENTED_EDGE('',*,*,#729,.F.);
#1051 = ( BOUNDED_SURFACE() B_SPLINE_SURFACE(2,1,(
    (#1052,#1053)
    ,(#1054,#1055)
    ,(#1056,#1057
)),.UNSPECIFIED.,.F.,.F.,.F.) B_SPLINE_SURFACE_WITH_KNOTS((3,3),(2,2),(
    3.14159265359,4.712388980385),(0.,7.5),.PIECEWISE_BEZIER_KNOTS.) 
GEOMETRIC_REPRESENTATION_ITEM() RATIONAL_B_SPLINE_SURFACE((
    (1.,1.)
    ,(0.707106781187,0.707106781187)
,(1.,1.))) REPRESENTATION_ITEM('') SURFACE() );
#1052 = CARTESIAN_POINT('',(-4.,3.7495,12.0000001));
#1053 = CARTESIAN_POINT('',(-4.,-3.7505,12.0000001));
#1054 = CARTESIAN_POINT('',(-4.3,3.7495,12.0000001));
#1055 = CARTESIAN_POINT('',(-4.3,-3.7505,12.0000001));
#1056 = CARTESIAN_POINT('',(-4.3,3.7495,11.7000001));
#1057 = CARTESIAN_POINT('',(-4.3,-3.7505,11.7000001));
#1058 = ADVANCED_FACE('',(#1059),#1070,.T.);
#1059 = FACE_BOUND('',#1060,.T.);
#1060 = EDGE_LOOP('',(#1061,#1062,#1063,#1069));
#1061 = ORIENTED_EDGE('',*,*,#1026,.T.);
#1062 = ORIENTED_EDGE('',*,*,#854,.F.);
#1063 = ORIENTED_EDGE('',*,*,#1064,.F.);
#1064 = EDGE_CURVE('',#406,#846,#1065,.T.);
#1065 = ( BOUNDED_CURVE() B_SPLINE_CURVE(2,(#1066,#1067,#1068),
.UNSPECIFIED.,.F.,.F.) B_SPLINE_CURVE_WITH_KNOTS((3,3),(3.14159265359,
4.712388980385),.PIECEWISE_BEZIER_KNOTS.) CURVE() 
GEOMETRIC_REPRESENTATION_ITEM() RATIONAL_B_SPLINE_CURVE((1.,
0.707106781187,1.)) REPRESENTATION_ITEM('') );
#1066 = CARTESIAN_POINT('',(3.7,3.9495,12.0000001));
#1067 = CARTESIAN_POINT('',(3.7,4.2495,12.0000001));
#1068 = CARTESIAN_POINT('',(3.7,4.2495,11.7000001));
#1069 = ORIENTED_EDGE('',*,*,#403,.F.);
#1070 = ( BOUNDED_SURFACE() B_SPLINE_SURFACE(2,2,(
    (#1071,#1072,#1073)
    ,(#1074,#1075,#1076)
    ,(#1077,#1078,#1079
)),.UNSPECIFIED.,.F.,.F.,.F.) B_SPLINE_SURFACE_WITH_KNOTS((3,3),(3,3),(
    0.,1.570796326795),(4.712388980385,6.28318530718),
.PIECEWISE_BEZIER_KNOTS.) GEOMETRIC_REPRESENTATION_ITEM() 
RATIONAL_B_SPLINE_SURFACE((
    (1.,0.707106781187,1.)
    ,(0.707106781187,0.5,0.707106781187)
,(1.,0.707106781187,1.))) REPRESENTATION_ITEM('') SURFACE() );
#1071 = CARTESIAN_POINT('',(3.7,3.9495,12.0000001));
#1072 = CARTESIAN_POINT('',(3.7,4.2495,12.0000001));
#1073 = CARTESIAN_POINT('',(3.7,4.2495,11.7000001));
#1074 = CARTESIAN_POINT('',(3.9,3.9495,12.0000001));
#1075 = CARTESIAN_POINT('',(4.2,4.2495,12.0000001));
#1076 = CARTESIAN_POINT('',(4.2,4.2495,11.7000001));
#1077 = CARTESIAN_POINT('',(3.9,3.7495,12.0000001));
#1078 = CARTESIAN_POINT('',(4.2,3.7495,12.0000001));
#1079 = CARTESIAN_POINT('',(4.2,3.7495,11.7000001));
#1080 = ADVANCED_FACE('',(#1081),#1092,.T.);
#1081 = FACE_BOUND('',#1082,.T.);
#1082 = EDGE_LOOP('',(#1083,#1084,#1085,#1091));
#1083 = ORIENTED_EDGE('',*,*,#1045,.T.);
#1084 = ORIENTED_EDGE('',*,*,#420,.F.);
#1085 = ORIENTED_EDGE('',*,*,#1086,.F.);
#1086 = EDGE_CURVE('',#663,#414,#1087,.T.);
#1087 = ( BOUNDED_CURVE() B_SPLINE_CURVE(2,(#1088,#1089,#1090),
.UNSPECIFIED.,.F.,.F.) B_SPLINE_CURVE_WITH_KNOTS((3,3),(4.712388980385,
6.28318530718),.PIECEWISE_BEZIER_KNOTS.) CURVE() 
GEOMETRIC_REPRESENTATION_ITEM() RATIONAL_B_SPLINE_CURVE((1.,
0.707106781187,1.)) REPRESENTATION_ITEM('') );
#1088 = CARTESIAN_POINT('',(-3.8,4.2495,11.7000001));
#1089 = CARTESIAN_POINT('',(-3.8,4.2495,12.0000001));
#1090 = CARTESIAN_POINT('',(-3.8,3.9495,12.0000001));
#1091 = ORIENTED_EDGE('',*,*,#662,.F.);
#1092 = ( BOUNDED_SURFACE() B_SPLINE_SURFACE(2,2,(
    (#1093,#1094,#1095)
    ,(#1096,#1097,#1098)
    ,(#1099,#1100,#1101
)),.UNSPECIFIED.,.F.,.F.,.F.) B_SPLINE_SURFACE_WITH_KNOTS((3,3),(3,3),(
    4.712388980385,6.28318530718),(4.712388980385,6.28318530718),
.PIECEWISE_BEZIER_KNOTS.) GEOMETRIC_REPRESENTATION_ITEM() 
RATIONAL_B_SPLINE_SURFACE((
    (1.,0.707106781187,1.)
    ,(0.707106781187,0.5,0.707106781187)
,(1.,0.707106781187,1.))) REPRESENTATION_ITEM('') SURFACE() );
#1093 = CARTESIAN_POINT('',(-4.,3.7495,12.0000001));
#1094 = CARTESIAN_POINT('',(-4.3,3.7495,12.0000001));
#1095 = CARTESIAN_POINT('',(-4.3,3.7495,11.7000001));
#1096 = CARTESIAN_POINT('',(-4.,3.9495,12.0000001));
#1097 = CARTESIAN_POINT('',(-4.3,4.2495,12.0000001));
#1098 = CARTESIAN_POINT('',(-4.3,4.2495,11.7000001));
#1099 = CARTESIAN_POINT('',(-3.8,3.9495,12.0000001));
#1100 = CARTESIAN_POINT('',(-3.8,4.2495,12.0000001));
#1101 = CARTESIAN_POINT('',(-3.8,4.2495,11.7000001));
#1102 = ADVANCED_FACE('',(#1103),#1109,.T.);
#1103 = FACE_BOUND('',#1104,.T.);
#1104 = EDGE_LOOP('',(#1105,#1106,#1107,#1108));
#1105 = ORIENTED_EDGE('',*,*,#1064,.T.);
#1106 = ORIENTED_EDGE('',*,*,#878,.F.);
#1107 = ORIENTED_EDGE('',*,*,#1086,.T.);
#1108 = ORIENTED_EDGE('',*,*,#413,.F.);
#1109 = ( BOUNDED_SURFACE() B_SPLINE_SURFACE(2,1,(
    (#1110,#1111)
    ,(#1112,#1113)
    ,(#1114,#1115
)),.UNSPECIFIED.,.F.,.F.,.F.) B_SPLINE_SURFACE_WITH_KNOTS((3,3),(2,2),(
    3.14159265359,4.712388980385),(-7.5,4.440892098501E-16),
.PIECEWISE_BEZIER_KNOTS.) GEOMETRIC_REPRESENTATION_ITEM() 
RATIONAL_B_SPLINE_SURFACE((
    (1.,1.)
    ,(0.707106781187,0.707106781187)
,(1.,1.))) REPRESENTATION_ITEM('') SURFACE() );
#1110 = CARTESIAN_POINT('',(3.7,3.9495,12.0000001));
#1111 = CARTESIAN_POINT('',(-3.8,3.9495,12.0000001));
#1112 = CARTESIAN_POINT('',(3.7,4.2495,12.0000001));
#1113 = CARTESIAN_POINT('',(-3.8,4.2495,12.0000001));
#1114 = CARTESIAN_POINT('',(3.7,4.2495,11.7000001));
#1115 = CARTESIAN_POINT('',(-3.8,4.2495,11.7000001));
#1116 = ADVANCED_FACE('',(#1117),#1139,.F.);
#1117 = FACE_BOUND('',#1118,.T.);
#1118 = EDGE_LOOP('',(#1119,#1128,#1133,#1134));
#1119 = ORIENTED_EDGE('',*,*,#1120,.T.);
#1120 = EDGE_CURVE('',#1121,#1123,#1125,.T.);
#1121 = VERTEX_POINT('',#1122);
#1122 = CARTESIAN_POINT('',(-3.9,1.6995,3.7000001));
#1123 = VERTEX_POINT('',#1124);
#1124 = CARTESIAN_POINT('',(-3.9,-1.7005,3.7000001));
#1125 = B_SPLINE_CURVE_WITH_KNOTS('',1,(#1126,#1127),.UNSPECIFIED.,.F.,
  .F.,(2,2),(-0.7,2.7),.PIECEWISE_BEZIER_KNOTS.);
#1126 = CARTESIAN_POINT('',(-3.9,1.6995,3.7000001));
#1127 = CARTESIAN_POINT('',(-3.9,-1.7005,3.7000001));
#1128 = ORIENTED_EDGE('',*,*,#1129,.F.);
#1129 = EDGE_CURVE('',#696,#1123,#1130,.T.);
#1130 = B_SPLINE_CURVE_WITH_KNOTS('',1,(#1131,#1132),.UNSPECIFIED.,.F.,
  .F.,(2,2),(0.,0.4),.PIECEWISE_BEZIER_KNOTS.);
#1131 = CARTESIAN_POINT('',(-4.3,-1.7005,3.7000001));
#1132 = CARTESIAN_POINT('',(-3.9,-1.7005,3.7000001));
#1133 = ORIENTED_EDGE('',*,*,#693,.F.);
#1134 = ORIENTED_EDGE('',*,*,#1135,.T.);
#1135 = EDGE_CURVE('',#694,#1121,#1136,.T.);
#1136 = B_SPLINE_CURVE_WITH_KNOTS('',1,(#1137,#1138),.UNSPECIFIED.,.F.,
  .F.,(2,2),(0.,0.4),.PIECEWISE_BEZIER_KNOTS.);
#1137 = CARTESIAN_POINT('',(-4.3,1.6995,3.7000001));
#1138 = CARTESIAN_POINT('',(-3.9,1.6995,3.7000001));
#1139 = B_SPLINE_SURFACE_WITH_KNOTS('',1,1,(
    (#1140,#1141)
    ,(#1142,#1143
    )),.UNSPECIFIED.,.F.,.F.,.F.,(2,2),(2,2),(-0.7,2.7),(
    -6.676800977899E-16,0.4),.PIECEWISE_BEZIER_KNOTS.);
#1140 = CARTESIAN_POINT('',(-4.3,1.6995,3.7000001));
#1141 = CARTESIAN_POINT('',(-3.9,1.6995,3.7000001));
#1142 = CARTESIAN_POINT('',(-4.3,-1.7005,3.7000001));
#1143 = CARTESIAN_POINT('',(-3.9,-1.7005,3.7000001));
#1144 = ADVANCED_FACE('',(#1145),#1175,.F.);
#1145 = FACE_BOUND('',#1146,.T.);
#1146 = EDGE_LOOP('',(#1147,#1148,#1155,#1160,#1161,#1162,#1163,#1170));
#1147 = ORIENTED_EDGE('',*,*,#1120,.F.);
#1148 = ORIENTED_EDGE('',*,*,#1149,.F.);
#1149 = EDGE_CURVE('',#1150,#1121,#1152,.T.);
#1150 = VERTEX_POINT('',#1151);
#1151 = CARTESIAN_POINT('',(-3.9,1.6995,6.7000001));
#1152 = B_SPLINE_CURVE_WITH_KNOTS('',1,(#1153,#1154),.UNSPECIFIED.,.F.,
  .F.,(2,2),(-0.,3.),.PIECEWISE_BEZIER_KNOTS.);
#1153 = CARTESIAN_POINT('',(-3.9,1.6995,6.7000001));
#1154 = CARTESIAN_POINT('',(-3.9,1.6995,3.7000001));
#1155 = ORIENTED_EDGE('',*,*,#1156,.F.);
#1156 = EDGE_CURVE('',#584,#1150,#1157,.T.);
#1157 = B_SPLINE_CURVE_WITH_KNOTS('',1,(#1158,#1159),.UNSPECIFIED.,.F.,
  .F.,(2,2),(-0.7,0.),.PIECEWISE_BEZIER_KNOTS.);
#1158 = CARTESIAN_POINT('',(-3.9,0.9995,6.7000001));
#1159 = CARTESIAN_POINT('',(-3.9,1.6995,6.7000001));
#1160 = ORIENTED_EDGE('',*,*,#604,.F.);
#1161 = ORIENTED_EDGE('',*,*,#925,.F.);
#1162 = ORIENTED_EDGE('',*,*,#626,.F.);
#1163 = ORIENTED_EDGE('',*,*,#1164,.F.);
#1164 = EDGE_CURVE('',#1165,#618,#1167,.T.);
#1165 = VERTEX_POINT('',#1166);
#1166 = CARTESIAN_POINT('',(-3.9,-1.7005,6.7000001));
#1167 = B_SPLINE_CURVE_WITH_KNOTS('',1,(#1168,#1169),.UNSPECIFIED.,.F.,
  .F.,(2,2),(-3.4,-2.7),.PIECEWISE_BEZIER_KNOTS.);
#1168 = CARTESIAN_POINT('',(-3.9,-1.7005,6.7000001));
#1169 = CARTESIAN_POINT('',(-3.9,-1.0005,6.7000001));
#1170 = ORIENTED_EDGE('',*,*,#1171,.F.);
#1171 = EDGE_CURVE('',#1123,#1165,#1172,.T.);
#1172 = B_SPLINE_CURVE_WITH_KNOTS('',1,(#1173,#1174),.UNSPECIFIED.,.F.,
  .F.,(2,2),(-3.,0.),.PIECEWISE_BEZIER_KNOTS.);
#1173 = CARTESIAN_POINT('',(-3.9,-1.7005,3.7000001));
#1174 = CARTESIAN_POINT('',(-3.9,-1.7005,6.7000001));
#1175 = B_SPLINE_SURFACE_WITH_KNOTS('',1,1,(
    (#1176,#1177)
    ,(#1178,#1179
    )),.UNSPECIFIED.,.F.,.F.,.F.,(2,2),(2,2),(8.572527594031E-17,4.3),(
    -1.7,1.7),.PIECEWISE_BEZIER_KNOTS.);
#1176 = CARTESIAN_POINT('',(-3.9,1.6995,8.0000001));
#1177 = CARTESIAN_POINT('',(-3.9,-1.7005,8.0000001));
#1178 = CARTESIAN_POINT('',(-3.9,1.6995,3.7000001));
#1179 = CARTESIAN_POINT('',(-3.9,-1.7005,3.7000001));
#1180 = ADVANCED_FACE('',(#1181),#1191,.F.);
#1181 = FACE_BOUND('',#1182,.T.);
#1182 = EDGE_LOOP('',(#1183,#1184,#1189,#1190));
#1183 = ORIENTED_EDGE('',*,*,#1171,.T.);
#1184 = ORIENTED_EDGE('',*,*,#1185,.F.);
#1185 = EDGE_CURVE('',#703,#1165,#1186,.T.);
#1186 = B_SPLINE_CURVE_WITH_KNOTS('',1,(#1187,#1188),.UNSPECIFIED.,.F.,
  .F.,(2,2),(0.,0.4),.PIECEWISE_BEZIER_KNOTS.);
#1187 = CARTESIAN_POINT('',(-4.3,-1.7005,6.7000001));
#1188 = CARTESIAN_POINT('',(-3.9,-1.7005,6.7000001));
#1189 = ORIENTED_EDGE('',*,*,#702,.F.);
#1190 = ORIENTED_EDGE('',*,*,#1129,.T.);
#1191 = B_SPLINE_SURFACE_WITH_KNOTS('',1,1,(
    (#1192,#1193)
    ,(#1194,#1195
    )),.UNSPECIFIED.,.F.,.F.,.F.,(2,2),(2,2),(-3.,0.),(0.,0.4),
  .PIECEWISE_BEZIER_KNOTS.);
#1192 = CARTESIAN_POINT('',(-4.3,-1.7005,3.7000001));
#1193 = CARTESIAN_POINT('',(-3.9,-1.7005,3.7000001));
#1194 = CARTESIAN_POINT('',(-4.3,-1.7005,6.7000001));
#1195 = CARTESIAN_POINT('',(-3.9,-1.7005,6.7000001));
#1196 = ADVANCED_FACE('',(#1197),#1203,.F.);
#1197 = FACE_BOUND('',#1198,.T.);
#1198 = EDGE_LOOP('',(#1199,#1200,#1201,#1202));
#1199 = ORIENTED_EDGE('',*,*,#1164,.T.);
#1200 = ORIENTED_EDGE('',*,*,#617,.T.);
#1201 = ORIENTED_EDGE('',*,*,#709,.F.);
#1202 = ORIENTED_EDGE('',*,*,#1185,.T.);
#1203 = B_SPLINE_SURFACE_WITH_KNOTS('',1,1,(
    (#1204,#1205)
    ,(#1206,#1207
    )),.UNSPECIFIED.,.F.,.F.,.F.,(2,2),(2,2),(-3.4,-2.7),(0.,0.4),
  .PIECEWISE_BEZIER_KNOTS.);
#1204 = CARTESIAN_POINT('',(-4.3,-1.7005,6.7000001));
#1205 = CARTESIAN_POINT('',(-3.9,-1.7005,6.7000001));
#1206 = CARTESIAN_POINT('',(-4.3,-1.0005,6.7000001));
#1207 = CARTESIAN_POINT('',(-3.9,-1.0005,6.7000001));
#1208 = ADVANCED_FACE('',(#1209),#1219,.F.);
#1209 = FACE_BOUND('',#1210,.T.);
#1210 = EDGE_LOOP('',(#1211,#1212,#1213,#1214));
#1211 = ORIENTED_EDGE('',*,*,#741,.F.);
#1212 = ORIENTED_EDGE('',*,*,#581,.T.);
#1213 = ORIENTED_EDGE('',*,*,#1156,.T.);
#1214 = ORIENTED_EDGE('',*,*,#1215,.F.);
#1215 = EDGE_CURVE('',#742,#1150,#1216,.T.);
#1216 = B_SPLINE_CURVE_WITH_KNOTS('',1,(#1217,#1218),.UNSPECIFIED.,.F.,
  .F.,(2,2),(0.,0.4),.PIECEWISE_BEZIER_KNOTS.);
#1217 = CARTESIAN_POINT('',(-4.3,1.6995,6.7000001));
#1218 = CARTESIAN_POINT('',(-3.9,1.6995,6.7000001));
#1219 = B_SPLINE_SURFACE_WITH_KNOTS('',1,1,(
    (#1220,#1221)
    ,(#1222,#1223
    )),.UNSPECIFIED.,.F.,.F.,.F.,(2,2),(2,2),(-0.7,6.432490598707E-17),(
    0.,0.4),.PIECEWISE_BEZIER_KNOTS.);
#1220 = CARTESIAN_POINT('',(-4.3,0.9995,6.7000001));
#1221 = CARTESIAN_POINT('',(-3.9,0.9995,6.7000001));
#1222 = CARTESIAN_POINT('',(-4.3,1.6995,6.7000001));
#1223 = CARTESIAN_POINT('',(-3.9,1.6995,6.7000001));
#1224 = ADVANCED_FACE('',(#1225),#1231,.F.);
#1225 = FACE_BOUND('',#1226,.T.);
#1226 = EDGE_LOOP('',(#1227,#1228,#1229,#1230));
#1227 = ORIENTED_EDGE('',*,*,#1149,.T.);
#1228 = ORIENTED_EDGE('',*,*,#1135,.F.);
#1229 = ORIENTED_EDGE('',*,*,#748,.F.);
#1230 = ORIENTED_EDGE('',*,*,#1215,.T.);
#1231 = B_SPLINE_SURFACE_WITH_KNOTS('',1,1,(
    (#1232,#1233)
    ,(#1234,#1235
    )),.UNSPECIFIED.,.F.,.F.,.F.,(2,2),(2,2),(-9.298827042147E-33,3.),(
    0.,0.4),.PIECEWISE_BEZIER_KNOTS.);
#1232 = CARTESIAN_POINT('',(-4.3,1.6995,6.7000001));
#1233 = CARTESIAN_POINT('',(-3.9,1.6995,6.7000001));
#1234 = CARTESIAN_POINT('',(-4.3,1.6995,3.7000001));
#1235 = CARTESIAN_POINT('',(-3.9,1.6995,3.7000001));
#1236 = ADVANCED_FACE('',(#1237),#1253,.T.);
#1237 = FACE_BOUND('',#1238,.T.);
#1238 = EDGE_LOOP('',(#1239,#1246,#1251,#1252));
#1239 = ORIENTED_EDGE('',*,*,#1240,.F.);
#1240 = EDGE_CURVE('',#1241,#201,#1243,.T.);
#1241 = VERTEX_POINT('',#1242);
#1242 = CARTESIAN_POINT('',(3.8,0.9995,6.7000001));
#1243 = B_SPLINE_CURVE_WITH_KNOTS('',1,(#1244,#1245),.UNSPECIFIED.,.F.,
  .F.,(2,2),(-0.4,7.752645944865E-31),.PIECEWISE_BEZIER_KNOTS.);
#1244 = CARTESIAN_POINT('',(3.8,0.9995,6.7000001));
#1245 = CARTESIAN_POINT('',(4.2,0.9995,6.7000001));
#1246 = ORIENTED_EDGE('',*,*,#1247,.F.);
#1247 = EDGE_CURVE('',#937,#1241,#1248,.T.);
#1248 = B_SPLINE_CURVE_WITH_KNOTS('',1,(#1249,#1250),.UNSPECIFIED.,.F.,
  .F.,(2,2),(-0.,1.3),.PIECEWISE_BEZIER_KNOTS.);
#1249 = CARTESIAN_POINT('',(3.8,0.9995,8.0000001));
#1250 = CARTESIAN_POINT('',(3.8,0.9995,6.7000001));
#1251 = ORIENTED_EDGE('',*,*,#936,.F.);
#1252 = ORIENTED_EDGE('',*,*,#207,.T.);
#1253 = B_SPLINE_SURFACE_WITH_KNOTS('',1,1,(
    (#1254,#1255)
    ,(#1256,#1257
    )),.UNSPECIFIED.,.F.,.F.,.F.,(2,2),(2,2),(-1.3,0.),(-0.4,
    1.16289689173E-30),.PIECEWISE_BEZIER_KNOTS.);
#1254 = CARTESIAN_POINT('',(3.8,0.9995,6.7000001));
#1255 = CARTESIAN_POINT('',(4.2,0.9995,6.7000001));
#1256 = CARTESIAN_POINT('',(3.8,0.9995,8.0000001));
#1257 = CARTESIAN_POINT('',(4.2,0.9995,8.0000001));
#1258 = ADVANCED_FACE('',(#1259),#1275,.T.);
#1259 = FACE_BOUND('',#1260,.T.);
#1260 = EDGE_LOOP('',(#1261,#1268,#1269,#1270));
#1261 = ORIENTED_EDGE('',*,*,#1262,.F.);
#1262 = EDGE_CURVE('',#164,#1263,#1265,.T.);
#1263 = VERTEX_POINT('',#1264);
#1264 = CARTESIAN_POINT('',(3.8,-1.0005,6.7000001));
#1265 = B_SPLINE_CURVE_WITH_KNOTS('',1,(#1266,#1267),.UNSPECIFIED.,.F.,
  .F.,(2,2),(0.,0.4),.PIECEWISE_BEZIER_KNOTS.);
#1266 = CARTESIAN_POINT('',(4.2,-1.0005,6.7000001));
#1267 = CARTESIAN_POINT('',(3.8,-1.0005,6.7000001));
#1268 = ORIENTED_EDGE('',*,*,#163,.T.);
#1269 = ORIENTED_EDGE('',*,*,#914,.T.);
#1270 = ORIENTED_EDGE('',*,*,#1271,.F.);
#1271 = EDGE_CURVE('',#1263,#908,#1272,.T.);
#1272 = B_SPLINE_CURVE_WITH_KNOTS('',1,(#1273,#1274),.UNSPECIFIED.,.F.,
  .F.,(2,2),(-1.3,8.572527594031E-17),.PIECEWISE_BEZIER_KNOTS.);
#1273 = CARTESIAN_POINT('',(3.8,-1.0005,6.7000001));
#1274 = CARTESIAN_POINT('',(3.8,-1.0005,8.0000001));
#1275 = B_SPLINE_SURFACE_WITH_KNOTS('',1,1,(
    (#1276,#1277)
    ,(#1278,#1279
    )),.UNSPECIFIED.,.F.,.F.,.F.,(2,2),(2,2),(-8.572527594031E-17,1.3),(
    -0.4,7.752645944865E-31),.PIECEWISE_BEZIER_KNOTS.);
#1276 = CARTESIAN_POINT('',(3.8,-1.0005,8.0000001));
#1277 = CARTESIAN_POINT('',(4.2,-1.0005,8.0000001));
#1278 = CARTESIAN_POINT('',(3.8,-1.0005,6.7000001));
#1279 = CARTESIAN_POINT('',(4.2,-1.0005,6.7000001));
#1280 = ADVANCED_FACE('',(#1281),#1303,.T.);
#1281 = FACE_BOUND('',#1282,.T.);
#1282 = EDGE_LOOP('',(#1283,#1292,#1297,#1298));
#1283 = ORIENTED_EDGE('',*,*,#1284,.F.);
#1284 = EDGE_CURVE('',#1285,#1287,#1289,.T.);
#1285 = VERTEX_POINT('',#1286);
#1286 = CARTESIAN_POINT('',(3.8,1.6995,3.7000001));
#1287 = VERTEX_POINT('',#1288);
#1288 = CARTESIAN_POINT('',(3.8,-1.7005,3.7000001));
#1289 = B_SPLINE_CURVE_WITH_KNOTS('',1,(#1290,#1291),.UNSPECIFIED.,.F.,
  .F.,(2,2),(-0.7,2.7),.PIECEWISE_BEZIER_KNOTS.);
#1290 = CARTESIAN_POINT('',(3.8,1.6995,3.7000001));
#1291 = CARTESIAN_POINT('',(3.8,-1.7005,3.7000001));
#1292 = ORIENTED_EDGE('',*,*,#1293,.F.);
#1293 = EDGE_CURVE('',#187,#1285,#1294,.T.);
#1294 = B_SPLINE_CURVE_WITH_KNOTS('',1,(#1295,#1296),.UNSPECIFIED.,.F.,
  .F.,(2,2),(0.,0.4),.PIECEWISE_BEZIER_KNOTS.);
#1295 = CARTESIAN_POINT('',(4.2,1.6995,3.7000001));
#1296 = CARTESIAN_POINT('',(3.8,1.6995,3.7000001));
#1297 = ORIENTED_EDGE('',*,*,#186,.T.);
#1298 = ORIENTED_EDGE('',*,*,#1299,.T.);
#1299 = EDGE_CURVE('',#180,#1287,#1300,.T.);
#1300 = B_SPLINE_CURVE_WITH_KNOTS('',1,(#1301,#1302),.UNSPECIFIED.,.F.,
  .F.,(2,2),(0.,0.4),.PIECEWISE_BEZIER_KNOTS.);
#1301 = CARTESIAN_POINT('',(4.2,-1.7005,3.7000001));
#1302 = CARTESIAN_POINT('',(3.8,-1.7005,3.7000001));
#1303 = B_SPLINE_SURFACE_WITH_KNOTS('',1,1,(
    (#1304,#1305)
    ,(#1306,#1307
    )),.UNSPECIFIED.,.F.,.F.,.F.,(2,2),(2,2),(-2.7,0.7),(-0.4,
    5.452154178752E-16),.PIECEWISE_BEZIER_KNOTS.);
#1304 = CARTESIAN_POINT('',(3.8,-1.7005,3.7000001));
#1305 = CARTESIAN_POINT('',(4.2,-1.7005,3.7000001));
#1306 = CARTESIAN_POINT('',(3.8,1.6995,3.7000001));
#1307 = CARTESIAN_POINT('',(4.2,1.6995,3.7000001));
#1308 = ADVANCED_FACE('',(#1309),#1359,.F.);
#1309 = FACE_BOUND('',#1310,.T.);
#1310 = EDGE_LOOP('',(#1311,#1320,#1325,#1326,#1327,#1334,#1339,#1340,
    #1347,#1352,#1353,#1354));
#1311 = ORIENTED_EDGE('',*,*,#1312,.F.);
#1312 = EDGE_CURVE('',#1313,#1315,#1317,.T.);
#1313 = VERTEX_POINT('',#1314);
#1314 = CARTESIAN_POINT('',(3.8,0.315727766017,4.0000001));
#1315 = VERTEX_POINT('',#1316);
#1316 = CARTESIAN_POINT('',(3.8,-0.316727766017,4.0000001));
#1317 = B_SPLINE_CURVE_WITH_KNOTS('',1,(#1318,#1319),.UNSPECIFIED.,.F.,
  .F.,(2,2),(-0.316227766017,0.316227766017),.PIECEWISE_BEZIER_KNOTS.);
#1318 = CARTESIAN_POINT('',(3.8,0.315727766017,4.0000001));
#1319 = CARTESIAN_POINT('',(3.8,-0.316727766017,4.0000001));
#1320 = ORIENTED_EDGE('',*,*,#1321,.T.);
#1321 = EDGE_CURVE('',#1313,#900,#1322,.T.);
#1322 = B_SPLINE_CURVE_WITH_KNOTS('',1,(#1323,#1324),.UNSPECIFIED.,.F.,
  .F.,(2,2),(0.,4.),.PIECEWISE_BEZIER_KNOTS.);
#1323 = CARTESIAN_POINT('',(3.8,0.315727766017,4.0000001));
#1324 = CARTESIAN_POINT('',(3.8,0.315727766017,8.0000001));
#1325 = ORIENTED_EDGE('',*,*,#943,.T.);
#1326 = ORIENTED_EDGE('',*,*,#1247,.T.);
#1327 = ORIENTED_EDGE('',*,*,#1328,.T.);
#1328 = EDGE_CURVE('',#1241,#1329,#1331,.T.);
#1329 = VERTEX_POINT('',#1330);
#1330 = CARTESIAN_POINT('',(3.8,1.6995,6.7000001));
#1331 = B_SPLINE_CURVE_WITH_KNOTS('',1,(#1332,#1333),.UNSPECIFIED.,.F.,
  .F.,(2,2),(-0.7,0.),.PIECEWISE_BEZIER_KNOTS.);
#1332 = CARTESIAN_POINT('',(3.8,0.9995,6.7000001));
#1333 = CARTESIAN_POINT('',(3.8,1.6995,6.7000001));
#1334 = ORIENTED_EDGE('',*,*,#1335,.T.);
#1335 = EDGE_CURVE('',#1329,#1285,#1336,.T.);
#1336 = B_SPLINE_CURVE_WITH_KNOTS('',1,(#1337,#1338),.UNSPECIFIED.,.F.,
  .F.,(2,2),(-0.,3.),.PIECEWISE_BEZIER_KNOTS.);
#1337 = CARTESIAN_POINT('',(3.8,1.6995,6.7000001));
#1338 = CARTESIAN_POINT('',(3.8,1.6995,3.7000001));
#1339 = ORIENTED_EDGE('',*,*,#1284,.T.);
#1340 = ORIENTED_EDGE('',*,*,#1341,.T.);
#1341 = EDGE_CURVE('',#1287,#1342,#1344,.T.);
#1342 = VERTEX_POINT('',#1343);
#1343 = CARTESIAN_POINT('',(3.8,-1.7005,6.7000001));
#1344 = B_SPLINE_CURVE_WITH_KNOTS('',1,(#1345,#1346),.UNSPECIFIED.,.F.,
  .F.,(2,2),(-3.,0.),.PIECEWISE_BEZIER_KNOTS.);
#1345 = CARTESIAN_POINT('',(3.8,-1.7005,3.7000001));
#1346 = CARTESIAN_POINT('',(3.8,-1.7005,6.7000001));
#1347 = ORIENTED_EDGE('',*,*,#1348,.T.);
#1348 = EDGE_CURVE('',#1342,#1263,#1349,.T.);
#1349 = B_SPLINE_CURVE_WITH_KNOTS('',1,(#1350,#1351),.UNSPECIFIED.,.F.,
  .F.,(2,2),(-3.4,-2.7),.PIECEWISE_BEZIER_KNOTS.);
#1350 = CARTESIAN_POINT('',(3.8,-1.7005,6.7000001));
#1351 = CARTESIAN_POINT('',(3.8,-1.0005,6.7000001));
#1352 = ORIENTED_EDGE('',*,*,#1271,.T.);
#1353 = ORIENTED_EDGE('',*,*,#907,.T.);
#1354 = ORIENTED_EDGE('',*,*,#1355,.T.);
#1355 = EDGE_CURVE('',#898,#1315,#1356,.T.);
#1356 = B_SPLINE_CURVE_WITH_KNOTS('',1,(#1357,#1358),.UNSPECIFIED.,.F.,
  .F.,(2,2),(-4.,-0.),.PIECEWISE_BEZIER_KNOTS.);
#1357 = CARTESIAN_POINT('',(3.8,-0.316727766017,8.0000001));
#1358 = CARTESIAN_POINT('',(3.8,-0.316727766017,4.0000001));
#1359 = B_SPLINE_SURFACE_WITH_KNOTS('',1,1,(
    (#1360,#1361)
    ,(#1362,#1363
    )),.UNSPECIFIED.,.F.,.F.,.F.,(2,2),(2,2),(0.,4.3),(-1.7,1.7),
  .PIECEWISE_BEZIER_KNOTS.);
#1360 = CARTESIAN_POINT('',(3.8,-1.7005,8.0000001));
#1361 = CARTESIAN_POINT('',(3.8,1.6995,8.0000001));
#1362 = CARTESIAN_POINT('',(3.8,-1.7005,3.7000001));
#1363 = CARTESIAN_POINT('',(3.8,1.6995,3.7000001));
#1364 = ADVANCED_FACE('',(#1365),#1375,.T.);
#1365 = FACE_BOUND('',#1366,.T.);
#1366 = EDGE_LOOP('',(#1367,#1368,#1369,#1370));
#1367 = ORIENTED_EDGE('',*,*,#1341,.F.);
#1368 = ORIENTED_EDGE('',*,*,#1299,.F.);
#1369 = ORIENTED_EDGE('',*,*,#179,.T.);
#1370 = ORIENTED_EDGE('',*,*,#1371,.T.);
#1371 = EDGE_CURVE('',#173,#1342,#1372,.T.);
#1372 = B_SPLINE_CURVE_WITH_KNOTS('',1,(#1373,#1374),.UNSPECIFIED.,.F.,
  .F.,(2,2),(0.,0.4),.PIECEWISE_BEZIER_KNOTS.);
#1373 = CARTESIAN_POINT('',(4.2,-1.7005,6.7000001));
#1374 = CARTESIAN_POINT('',(3.8,-1.7005,6.7000001));
#1375 = B_SPLINE_SURFACE_WITH_KNOTS('',1,1,(
    (#1376,#1377)
    ,(#1378,#1379
    )),.UNSPECIFIED.,.F.,.F.,.F.,(2,2),(2,2),(-0.,3.),(-0.4,0.),
  .PIECEWISE_BEZIER_KNOTS.);
#1376 = CARTESIAN_POINT('',(3.8,-1.7005,6.7000001));
#1377 = CARTESIAN_POINT('',(4.2,-1.7005,6.7000001));
#1378 = CARTESIAN_POINT('',(3.8,-1.7005,3.7000001));
#1379 = CARTESIAN_POINT('',(4.2,-1.7005,3.7000001));
#1380 = ADVANCED_FACE('',(#1381),#1387,.T.);
#1381 = FACE_BOUND('',#1382,.T.);
#1382 = EDGE_LOOP('',(#1383,#1384,#1385,#1386));
#1383 = ORIENTED_EDGE('',*,*,#172,.T.);
#1384 = ORIENTED_EDGE('',*,*,#1262,.T.);
#1385 = ORIENTED_EDGE('',*,*,#1348,.F.);
#1386 = ORIENTED_EDGE('',*,*,#1371,.F.);
#1387 = B_SPLINE_SURFACE_WITH_KNOTS('',1,1,(
    (#1388,#1389)
    ,(#1390,#1391
    )),.UNSPECIFIED.,.F.,.F.,.F.,(2,2),(2,2),(2.7,3.4),(-0.4,
    3.24717095965E-16),.PIECEWISE_BEZIER_KNOTS.);
#1388 = CARTESIAN_POINT('',(3.8,-1.0005,6.7000001));
#1389 = CARTESIAN_POINT('',(4.2,-1.0005,6.7000001));
#1390 = CARTESIAN_POINT('',(3.8,-1.7005,6.7000001));
#1391 = CARTESIAN_POINT('',(4.2,-1.7005,6.7000001));
#1392 = ADVANCED_FACE('',(#1393),#1403,.T.);
#1393 = FACE_BOUND('',#1394,.T.);
#1394 = EDGE_LOOP('',(#1395,#1396,#1397,#1398));
#1395 = ORIENTED_EDGE('',*,*,#1328,.F.);
#1396 = ORIENTED_EDGE('',*,*,#1240,.T.);
#1397 = ORIENTED_EDGE('',*,*,#200,.T.);
#1398 = ORIENTED_EDGE('',*,*,#1399,.T.);
#1399 = EDGE_CURVE('',#194,#1329,#1400,.T.);
#1400 = B_SPLINE_CURVE_WITH_KNOTS('',1,(#1401,#1402),.UNSPECIFIED.,.F.,
  .F.,(2,2),(0.,0.4),.PIECEWISE_BEZIER_KNOTS.);
#1401 = CARTESIAN_POINT('',(4.2,1.6995,6.7000001));
#1402 = CARTESIAN_POINT('',(3.8,1.6995,6.7000001));
#1403 = B_SPLINE_SURFACE_WITH_KNOTS('',1,1,(
    (#1404,#1405)
    ,(#1406,#1407
    )),.UNSPECIFIED.,.F.,.F.,.F.,(2,2),(2,2),(0.,0.7),(-0.4,0.),
  .PIECEWISE_BEZIER_KNOTS.);
#1404 = CARTESIAN_POINT('',(3.8,1.6995,6.7000001));
#1405 = CARTESIAN_POINT('',(4.2,1.6995,6.7000001));
#1406 = CARTESIAN_POINT('',(3.8,0.9995,6.7000001));
#1407 = CARTESIAN_POINT('',(4.2,0.9995,6.7000001));
#1408 = ADVANCED_FACE('',(#1409),#1415,.T.);
#1409 = FACE_BOUND('',#1410,.T.);
#1410 = EDGE_LOOP('',(#1411,#1412,#1413,#1414));
#1411 = ORIENTED_EDGE('',*,*,#1335,.F.);
#1412 = ORIENTED_EDGE('',*,*,#1399,.F.);
#1413 = ORIENTED_EDGE('',*,*,#193,.T.);
#1414 = ORIENTED_EDGE('',*,*,#1293,.T.);
#1415 = B_SPLINE_SURFACE_WITH_KNOTS('',1,1,(
    (#1416,#1417)
    ,(#1418,#1419
    )),.UNSPECIFIED.,.F.,.F.,.F.,(2,2),(2,2),(-3.,0.),(-0.4,
    1.550529188973E-30),.PIECEWISE_BEZIER_KNOTS.);
#1416 = CARTESIAN_POINT('',(3.8,1.6995,3.7000001));
#1417 = CARTESIAN_POINT('',(4.2,1.6995,3.7000001));
#1418 = CARTESIAN_POINT('',(3.8,1.6995,6.7000001));
#1419 = CARTESIAN_POINT('',(4.2,1.6995,6.7000001));
#1420 = ADVANCED_FACE('',(#1421),#1443,.F.);
#1421 = FACE_BOUND('',#1422,.T.);
#1422 = EDGE_LOOP('',(#1423,#1424,#1431,#1438));
#1423 = ORIENTED_EDGE('',*,*,#465,.T.);
#1424 = ORIENTED_EDGE('',*,*,#1425,.T.);
#1425 = EDGE_CURVE('',#468,#1426,#1428,.T.);
#1426 = VERTEX_POINT('',#1427);
#1427 = CARTESIAN_POINT('',(1.75,-2.0005,14.3000001));
#1428 = B_SPLINE_CURVE_WITH_KNOTS('',1,(#1429,#1430),.UNSPECIFIED.,.F.,
  .F.,(2,2),(-2.5,-0.2),.PIECEWISE_BEZIER_KNOTS.);
#1429 = CARTESIAN_POINT('',(1.75,-2.0005,12.0000001));
#1430 = CARTESIAN_POINT('',(1.75,-2.0005,14.3000001));
#1431 = ORIENTED_EDGE('',*,*,#1432,.T.);
#1432 = EDGE_CURVE('',#1426,#1433,#1435,.T.);
#1433 = VERTEX_POINT('',#1434);
#1434 = CARTESIAN_POINT('',(-1.85,-2.0005,14.3000001));
#1435 = B_SPLINE_CURVE_WITH_KNOTS('',1,(#1436,#1437),.UNSPECIFIED.,.F.,
  .F.,(2,2),(-3.8,-0.2),.PIECEWISE_BEZIER_KNOTS.);
#1436 = CARTESIAN_POINT('',(1.75,-2.0005,14.3000001));
#1437 = CARTESIAN_POINT('',(-1.85,-2.0005,14.3000001));
#1438 = ORIENTED_EDGE('',*,*,#1439,.T.);
#1439 = EDGE_CURVE('',#1433,#466,#1440,.T.);
#1440 = B_SPLINE_CURVE_WITH_KNOTS('',1,(#1441,#1442),.UNSPECIFIED.,.F.,
  .F.,(2,2),(0.2,2.5),.PIECEWISE_BEZIER_KNOTS.);
#1441 = CARTESIAN_POINT('',(-1.85,-2.0005,14.3000001));
#1442 = CARTESIAN_POINT('',(-1.85,-2.0005,12.0000001));
#1443 = B_SPLINE_SURFACE_WITH_KNOTS('',1,1,(
    (#1444,#1445)
    ,(#1446,#1447
    )),.UNSPECIFIED.,.F.,.F.,.F.,(2,2),(2,2),(-2.5,-0.2),(0.2,3.8),
  .PIECEWISE_BEZIER_KNOTS.);
#1444 = CARTESIAN_POINT('',(-1.85,-2.0005,12.0000001));
#1445 = CARTESIAN_POINT('',(1.75,-2.0005,12.0000001));
#1446 = CARTESIAN_POINT('',(-1.85,-2.0005,14.3000001));
#1447 = CARTESIAN_POINT('',(1.75,-2.0005,14.3000001));
#1448 = ADVANCED_FACE('',(#1449),#1491,.F.);
#1449 = FACE_BOUND('',#1450,.T.);
#1450 = EDGE_LOOP('',(#1451,#1452,#1459,#1466,#1471,#1472,#1479,#1486));
#1451 = ORIENTED_EDGE('',*,*,#532,.T.);
#1452 = ORIENTED_EDGE('',*,*,#1453,.T.);
#1453 = EDGE_CURVE('',#525,#1454,#1456,.T.);
#1454 = VERTEX_POINT('',#1455);
#1455 = CARTESIAN_POINT('',(1.95,1.7995,14.3000001));
#1456 = B_SPLINE_CURVE_WITH_KNOTS('',1,(#1457,#1458),.UNSPECIFIED.,.F.,
  .F.,(2,2),(-2.5,-0.2),.PIECEWISE_BEZIER_KNOTS.);
#1457 = CARTESIAN_POINT('',(1.95,1.7995,12.0000001));
#1458 = CARTESIAN_POINT('',(1.95,1.7995,14.3000001));
#1459 = ORIENTED_EDGE('',*,*,#1460,.T.);
#1460 = EDGE_CURVE('',#1454,#1461,#1463,.T.);
#1461 = VERTEX_POINT('',#1462);
#1462 = CARTESIAN_POINT('',(1.95,-1.8005,14.3000001));
#1463 = B_SPLINE_CURVE_WITH_KNOTS('',1,(#1464,#1465),.UNSPECIFIED.,.F.,
  .F.,(2,2),(0.2,3.8),.PIECEWISE_BEZIER_KNOTS.);
#1464 = CARTESIAN_POINT('',(1.95,1.7995,14.3000001));
#1465 = CARTESIAN_POINT('',(1.95,-1.8005,14.3000001));
#1466 = ORIENTED_EDGE('',*,*,#1467,.T.);
#1467 = EDGE_CURVE('',#1461,#561,#1468,.T.);
#1468 = B_SPLINE_CURVE_WITH_KNOTS('',1,(#1469,#1470),.UNSPECIFIED.,.F.,
  .F.,(2,2),(0.2,2.5),.PIECEWISE_BEZIER_KNOTS.);
#1469 = CARTESIAN_POINT('',(1.95,-1.8005,14.3000001));
#1470 = CARTESIAN_POINT('',(1.95,-1.8005,12.0000001));
#1471 = ORIENTED_EDGE('',*,*,#560,.T.);
#1472 = ORIENTED_EDGE('',*,*,#1473,.T.);
#1473 = EDGE_CURVE('',#554,#1474,#1476,.T.);
#1474 = VERTEX_POINT('',#1475);
#1475 = CARTESIAN_POINT('',(1.95,-1.5005,14.0000001));
#1476 = B_SPLINE_CURVE_WITH_KNOTS('',1,(#1477,#1478),.UNSPECIFIED.,.F.,
  .F.,(2,2),(0.,2.),.PIECEWISE_BEZIER_KNOTS.);
#1477 = CARTESIAN_POINT('',(1.95,-1.5005,12.0000001));
#1478 = CARTESIAN_POINT('',(1.95,-1.5005,14.0000001));
#1479 = ORIENTED_EDGE('',*,*,#1480,.T.);
#1480 = EDGE_CURVE('',#1474,#1481,#1483,.T.);
#1481 = VERTEX_POINT('',#1482);
#1482 = CARTESIAN_POINT('',(1.95,1.4995,14.0000001));
#1483 = B_SPLINE_CURVE_WITH_KNOTS('',1,(#1484,#1485),.UNSPECIFIED.,.F.,
  .F.,(2,2),(0.,3.),.PIECEWISE_BEZIER_KNOTS.);
#1484 = CARTESIAN_POINT('',(1.95,-1.5005,14.0000001));
#1485 = CARTESIAN_POINT('',(1.95,1.4995,14.0000001));
#1486 = ORIENTED_EDGE('',*,*,#1487,.F.);
#1487 = EDGE_CURVE('',#533,#1481,#1488,.T.);
#1488 = B_SPLINE_CURVE_WITH_KNOTS('',1,(#1489,#1490),.UNSPECIFIED.,.F.,
  .F.,(2,2),(0.,2.),.PIECEWISE_BEZIER_KNOTS.);
#1489 = CARTESIAN_POINT('',(1.95,1.4995,12.0000001));
#1490 = CARTESIAN_POINT('',(1.95,1.4995,14.0000001));
#1491 = B_SPLINE_SURFACE_WITH_KNOTS('',1,1,(
    (#1492,#1493)
    ,(#1494,#1495
    )),.UNSPECIFIED.,.F.,.F.,.F.,(2,2),(2,2),(0.2,2.5),(0.2,3.8),
  .PIECEWISE_BEZIER_KNOTS.);
#1492 = CARTESIAN_POINT('',(1.95,1.7995,14.3000001));
#1493 = CARTESIAN_POINT('',(1.95,-1.8005,14.3000001));
#1494 = CARTESIAN_POINT('',(1.95,1.7995,12.0000001));
#1495 = CARTESIAN_POINT('',(1.95,-1.8005,12.0000001));
#1496 = ADVANCED_FACE('',(#1497),#1519,.F.);
#1497 = FACE_BOUND('',#1498,.T.);
#1498 = EDGE_LOOP('',(#1499,#1500,#1507,#1514));
#1499 = ORIENTED_EDGE('',*,*,#517,.T.);
#1500 = ORIENTED_EDGE('',*,*,#1501,.T.);
#1501 = EDGE_CURVE('',#510,#1502,#1504,.T.);
#1502 = VERTEX_POINT('',#1503);
#1503 = CARTESIAN_POINT('',(-1.85,1.9995,14.3000001));
#1504 = B_SPLINE_CURVE_WITH_KNOTS('',1,(#1505,#1506),.UNSPECIFIED.,.F.,
  .F.,(2,2),(-2.5,-0.2),.PIECEWISE_BEZIER_KNOTS.);
#1505 = CARTESIAN_POINT('',(-1.85,1.9995,12.0000001));
#1506 = CARTESIAN_POINT('',(-1.85,1.9995,14.3000001));
#1507 = ORIENTED_EDGE('',*,*,#1508,.T.);
#1508 = EDGE_CURVE('',#1502,#1509,#1511,.T.);
#1509 = VERTEX_POINT('',#1510);
#1510 = CARTESIAN_POINT('',(1.75,1.9995,14.3000001));
#1511 = B_SPLINE_CURVE_WITH_KNOTS('',1,(#1512,#1513),.UNSPECIFIED.,.F.,
  .F.,(2,2),(0.2,3.8),.PIECEWISE_BEZIER_KNOTS.);
#1512 = CARTESIAN_POINT('',(-1.85,1.9995,14.3000001));
#1513 = CARTESIAN_POINT('',(1.75,1.9995,14.3000001));
#1514 = ORIENTED_EDGE('',*,*,#1515,.T.);
#1515 = EDGE_CURVE('',#1509,#518,#1516,.T.);
#1516 = B_SPLINE_CURVE_WITH_KNOTS('',1,(#1517,#1518),.UNSPECIFIED.,.F.,
  .F.,(2,2),(0.2,2.5),.PIECEWISE_BEZIER_KNOTS.);
#1517 = CARTESIAN_POINT('',(1.75,1.9995,14.3000001));
#1518 = CARTESIAN_POINT('',(1.75,1.9995,12.0000001));
#1519 = B_SPLINE_SURFACE_WITH_KNOTS('',1,1,(
    (#1520,#1521)
    ,(#1522,#1523
    )),.UNSPECIFIED.,.F.,.F.,.F.,(2,2),(2,2),(0.2,2.5),(0.2,3.8),
  .PIECEWISE_BEZIER_KNOTS.);
#1520 = CARTESIAN_POINT('',(-1.85,1.9995,14.3000001));
#1521 = CARTESIAN_POINT('',(1.75,1.9995,14.3000001));
#1522 = CARTESIAN_POINT('',(-1.85,1.9995,12.0000001));
#1523 = CARTESIAN_POINT('',(1.75,1.9995,12.0000001));
#1524 = ADVANCED_FACE('',(#1525),#1547,.F.);
#1525 = FACE_BOUND('',#1526,.T.);
#1526 = EDGE_LOOP('',(#1527,#1536,#1541,#1542));
#1527 = ORIENTED_EDGE('',*,*,#1528,.T.);
#1528 = EDGE_CURVE('',#1529,#1531,#1533,.T.);
#1529 = VERTEX_POINT('',#1530);
#1530 = CARTESIAN_POINT('',(-2.05,-1.8005,14.3000001));
#1531 = VERTEX_POINT('',#1532);
#1532 = CARTESIAN_POINT('',(-2.05,-1.5005,14.3000001));
#1533 = B_SPLINE_CURVE_WITH_KNOTS('',1,(#1534,#1535),.UNSPECIFIED.,.F.,
  .F.,(2,2),(-3.8,-3.5),.PIECEWISE_BEZIER_KNOTS.);
#1534 = CARTESIAN_POINT('',(-2.05,-1.8005,14.3000001));
#1535 = CARTESIAN_POINT('',(-2.05,-1.5005,14.3000001));
#1536 = ORIENTED_EDGE('',*,*,#1537,.F.);
#1537 = EDGE_CURVE('',#483,#1531,#1538,.T.);
#1538 = B_SPLINE_CURVE_WITH_KNOTS('',1,(#1539,#1540),.UNSPECIFIED.,.F.,
  .F.,(2,2),(0.,2.3),.PIECEWISE_BEZIER_KNOTS.);
#1539 = CARTESIAN_POINT('',(-2.05,-1.5005,12.0000001));
#1540 = CARTESIAN_POINT('',(-2.05,-1.5005,14.3000001));
#1541 = ORIENTED_EDGE('',*,*,#482,.T.);
#1542 = ORIENTED_EDGE('',*,*,#1543,.T.);
#1543 = EDGE_CURVE('',#475,#1529,#1544,.T.);
#1544 = B_SPLINE_CURVE_WITH_KNOTS('',1,(#1545,#1546),.UNSPECIFIED.,.F.,
  .F.,(2,2),(-2.5,-0.2),.PIECEWISE_BEZIER_KNOTS.);
#1545 = CARTESIAN_POINT('',(-2.05,-1.8005,12.0000001));
#1546 = CARTESIAN_POINT('',(-2.05,-1.8005,14.3000001));
#1547 = B_SPLINE_SURFACE_WITH_KNOTS('',1,1,(
    (#1548,#1549)
    ,(#1550,#1551
    )),.UNSPECIFIED.,.F.,.F.,.F.,(2,2),(2,2),(-2.5,-0.2),(3.5,3.8),
  .PIECEWISE_BEZIER_KNOTS.);
#1548 = CARTESIAN_POINT('',(-2.05,-1.5005,12.0000001));
#1549 = CARTESIAN_POINT('',(-2.05,-1.8005,12.0000001));
#1550 = CARTESIAN_POINT('',(-2.05,-1.5005,14.3000001));
#1551 = CARTESIAN_POINT('',(-2.05,-1.8005,14.3000001));
#1552 = ADVANCED_FACE('',(#1553),#1575,.F.);
#1553 = FACE_BOUND('',#1554,.T.);
#1554 = EDGE_LOOP('',(#1555,#1556,#1563,#1570));
#1555 = ORIENTED_EDGE('',*,*,#335,.T.);
#1556 = ORIENTED_EDGE('',*,*,#1557,.T.);
#1557 = EDGE_CURVE('',#338,#1558,#1560,.T.);
#1558 = VERTEX_POINT('',#1559);
#1559 = CARTESIAN_POINT('',(0.75,-1.5005,17.3000001));
#1560 = B_SPLINE_CURVE_WITH_KNOTS('',1,(#1561,#1562),.UNSPECIFIED.,.F.,
  .F.,(2,2),(-3.,-0.2),.PIECEWISE_BEZIER_KNOTS.);
#1561 = CARTESIAN_POINT('',(0.75,-1.5005,14.5000001));
#1562 = CARTESIAN_POINT('',(0.75,-1.5005,17.3000001));
#1563 = ORIENTED_EDGE('',*,*,#1564,.T.);
#1564 = EDGE_CURVE('',#1558,#1565,#1567,.T.);
#1565 = VERTEX_POINT('',#1566);
#1566 = CARTESIAN_POINT('',(-0.85,-1.5005,17.3000001));
#1567 = B_SPLINE_CURVE_WITH_KNOTS('',1,(#1568,#1569),.UNSPECIFIED.,.F.,
  .F.,(2,2),(-1.8,-0.2),.PIECEWISE_BEZIER_KNOTS.);
#1568 = CARTESIAN_POINT('',(0.75,-1.5005,17.3000001));
#1569 = CARTESIAN_POINT('',(-0.85,-1.5005,17.3000001));
#1570 = ORIENTED_EDGE('',*,*,#1571,.T.);
#1571 = EDGE_CURVE('',#1565,#336,#1572,.T.);
#1572 = B_SPLINE_CURVE_WITH_KNOTS('',1,(#1573,#1574),.UNSPECIFIED.,.F.,
  .F.,(2,2),(0.2,3.),.PIECEWISE_BEZIER_KNOTS.);
#1573 = CARTESIAN_POINT('',(-0.85,-1.5005,17.3000001));
#1574 = CARTESIAN_POINT('',(-0.85,-1.5005,14.5000001));
#1575 = B_SPLINE_SURFACE_WITH_KNOTS('',1,1,(
    (#1576,#1577)
    ,(#1578,#1579
    )),.UNSPECIFIED.,.F.,.F.,.F.,(2,2),(2,2),(-3.,-0.2),(0.2,1.8),
  .PIECEWISE_BEZIER_KNOTS.);
#1576 = CARTESIAN_POINT('',(-0.85,-1.5005,14.5000001));
#1577 = CARTESIAN_POINT('',(0.75,-1.5005,14.5000001));
#1578 = CARTESIAN_POINT('',(-0.85,-1.5005,17.3000001));
#1579 = CARTESIAN_POINT('',(0.75,-1.5005,17.3000001));
#1580 = ADVANCED_FACE('',(#1581),#1603,.F.);
#1581 = FACE_BOUND('',#1582,.T.);
#1582 = EDGE_LOOP('',(#1583,#1584,#1591,#1598));
#1583 = ORIENTED_EDGE('',*,*,#382,.T.);
#1584 = ORIENTED_EDGE('',*,*,#1585,.T.);
#1585 = EDGE_CURVE('',#375,#1586,#1588,.T.);
#1586 = VERTEX_POINT('',#1587);
#1587 = CARTESIAN_POINT('',(0.95,1.2995,17.3000001));
#1588 = B_SPLINE_CURVE_WITH_KNOTS('',1,(#1589,#1590),.UNSPECIFIED.,.F.,
  .F.,(2,2),(-3.,-0.2),.PIECEWISE_BEZIER_KNOTS.);
#1589 = CARTESIAN_POINT('',(0.95,1.2995,14.5000001));
#1590 = CARTESIAN_POINT('',(0.95,1.2995,17.3000001));
#1591 = ORIENTED_EDGE('',*,*,#1592,.T.);
#1592 = EDGE_CURVE('',#1586,#1593,#1595,.T.);
#1593 = VERTEX_POINT('',#1594);
#1594 = CARTESIAN_POINT('',(0.95,-1.3005,17.3000001));
#1595 = B_SPLINE_CURVE_WITH_KNOTS('',1,(#1596,#1597),.UNSPECIFIED.,.F.,
  .F.,(2,2),(0.2,2.8),.PIECEWISE_BEZIER_KNOTS.);
#1596 = CARTESIAN_POINT('',(0.95,1.2995,17.3000001));
#1597 = CARTESIAN_POINT('',(0.95,-1.3005,17.3000001));
#1598 = ORIENTED_EDGE('',*,*,#1599,.T.);
#1599 = EDGE_CURVE('',#1593,#383,#1600,.T.);
#1600 = B_SPLINE_CURVE_WITH_KNOTS('',1,(#1601,#1602),.UNSPECIFIED.,.F.,
  .F.,(2,2),(0.2,3.),.PIECEWISE_BEZIER_KNOTS.);
#1601 = CARTESIAN_POINT('',(0.95,-1.3005,17.3000001));
#1602 = CARTESIAN_POINT('',(0.95,-1.3005,14.5000001));
#1603 = B_SPLINE_SURFACE_WITH_KNOTS('',1,1,(
    (#1604,#1605)
    ,(#1606,#1607
    )),.UNSPECIFIED.,.F.,.F.,.F.,(2,2),(2,2),(0.2,3.),(0.2,2.8),
  .PIECEWISE_BEZIER_KNOTS.);
#1604 = CARTESIAN_POINT('',(0.95,1.2995,17.3000001));
#1605 = CARTESIAN_POINT('',(0.95,-1.3005,17.3000001));
#1606 = CARTESIAN_POINT('',(0.95,1.2995,14.5000001));
#1607 = CARTESIAN_POINT('',(0.95,-1.3005,14.5000001));
#1608 = ADVANCED_FACE('',(#1609),#1631,.F.);
#1609 = FACE_BOUND('',#1610,.T.);
#1610 = EDGE_LOOP('',(#1611,#1620,#1625,#1626));
#1611 = ORIENTED_EDGE('',*,*,#1612,.T.);
#1612 = EDGE_CURVE('',#1613,#1615,#1617,.T.);
#1613 = VERTEX_POINT('',#1614);
#1614 = CARTESIAN_POINT('',(-0.85,1.4995,17.3000001));
#1615 = VERTEX_POINT('',#1616);
#1616 = CARTESIAN_POINT('',(0.75,1.4995,17.3000001));
#1617 = B_SPLINE_CURVE_WITH_KNOTS('',1,(#1618,#1619),.UNSPECIFIED.,.F.,
  .F.,(2,2),(0.2,1.8),.PIECEWISE_BEZIER_KNOTS.);
#1618 = CARTESIAN_POINT('',(-0.85,1.4995,17.3000001));
#1619 = CARTESIAN_POINT('',(0.75,1.4995,17.3000001));
#1620 = ORIENTED_EDGE('',*,*,#1621,.T.);
#1621 = EDGE_CURVE('',#1615,#368,#1622,.T.);
#1622 = B_SPLINE_CURVE_WITH_KNOTS('',1,(#1623,#1624),.UNSPECIFIED.,.F.,
  .F.,(2,2),(0.2,3.),.PIECEWISE_BEZIER_KNOTS.);
#1623 = CARTESIAN_POINT('',(0.75,1.4995,17.3000001));
#1624 = CARTESIAN_POINT('',(0.75,1.4995,14.5000001));
#1625 = ORIENTED_EDGE('',*,*,#367,.T.);
#1626 = ORIENTED_EDGE('',*,*,#1627,.T.);
#1627 = EDGE_CURVE('',#360,#1613,#1628,.T.);
#1628 = B_SPLINE_CURVE_WITH_KNOTS('',1,(#1629,#1630),.UNSPECIFIED.,.F.,
  .F.,(2,2),(-3.,-0.2),.PIECEWISE_BEZIER_KNOTS.);
#1629 = CARTESIAN_POINT('',(-0.85,1.4995,14.5000001));
#1630 = CARTESIAN_POINT('',(-0.85,1.4995,17.3000001));
#1631 = B_SPLINE_SURFACE_WITH_KNOTS('',1,1,(
    (#1632,#1633)
    ,(#1634,#1635
    )),.UNSPECIFIED.,.F.,.F.,.F.,(2,2),(2,2),(0.2,3.),(0.2,1.8),
  .PIECEWISE_BEZIER_KNOTS.);
#1632 = CARTESIAN_POINT('',(-0.85,1.4995,17.3000001));
#1633 = CARTESIAN_POINT('',(0.75,1.4995,17.3000001));
#1634 = CARTESIAN_POINT('',(-0.85,1.4995,14.5000001));
#1635 = CARTESIAN_POINT('',(0.75,1.4995,14.5000001));
#1636 = ADVANCED_FACE('',(#1637),#1659,.F.);
#1637 = FACE_BOUND('',#1638,.T.);
#1638 = EDGE_LOOP('',(#1639,#1640,#1647,#1654));
#1639 = ORIENTED_EDGE('',*,*,#352,.T.);
#1640 = ORIENTED_EDGE('',*,*,#1641,.T.);
#1641 = EDGE_CURVE('',#345,#1642,#1644,.T.);
#1642 = VERTEX_POINT('',#1643);
#1643 = CARTESIAN_POINT('',(-1.05,-1.3005,17.3000001));
#1644 = B_SPLINE_CURVE_WITH_KNOTS('',1,(#1645,#1646),.UNSPECIFIED.,.F.,
  .F.,(2,2),(-3.,-0.2),.PIECEWISE_BEZIER_KNOTS.);
#1645 = CARTESIAN_POINT('',(-1.05,-1.3005,14.5000001));
#1646 = CARTESIAN_POINT('',(-1.05,-1.3005,17.3000001));
#1647 = ORIENTED_EDGE('',*,*,#1648,.T.);
#1648 = EDGE_CURVE('',#1642,#1649,#1651,.T.);
#1649 = VERTEX_POINT('',#1650);
#1650 = CARTESIAN_POINT('',(-1.05,1.2995,17.3000001));
#1651 = B_SPLINE_CURVE_WITH_KNOTS('',1,(#1652,#1653),.UNSPECIFIED.,.F.,
  .F.,(2,2),(-2.8,-0.2),.PIECEWISE_BEZIER_KNOTS.);
#1652 = CARTESIAN_POINT('',(-1.05,-1.3005,17.3000001));
#1653 = CARTESIAN_POINT('',(-1.05,1.2995,17.3000001));
#1654 = ORIENTED_EDGE('',*,*,#1655,.T.);
#1655 = EDGE_CURVE('',#1649,#353,#1656,.T.);
#1656 = B_SPLINE_CURVE_WITH_KNOTS('',1,(#1657,#1658),.UNSPECIFIED.,.F.,
  .F.,(2,2),(0.2,3.),.PIECEWISE_BEZIER_KNOTS.);
#1657 = CARTESIAN_POINT('',(-1.05,1.2995,17.3000001));
#1658 = CARTESIAN_POINT('',(-1.05,1.2995,14.5000001));
#1659 = B_SPLINE_SURFACE_WITH_KNOTS('',1,1,(
    (#1660,#1661)
    ,(#1662,#1663
    )),.UNSPECIFIED.,.F.,.F.,.F.,(2,2),(2,2),(-3.,-0.2),(0.2,2.8),
  .PIECEWISE_BEZIER_KNOTS.);
#1660 = CARTESIAN_POINT('',(-1.05,1.2995,14.5000001));
#1661 = CARTESIAN_POINT('',(-1.05,-1.3005,14.5000001));
#1662 = CARTESIAN_POINT('',(-1.05,1.2995,17.3000001));
#1663 = CARTESIAN_POINT('',(-1.05,-1.3005,17.3000001));
#1664 = ADVANCED_FACE('',(#1665),#1695,.F.);
#1665 = FACE_BOUND('',#1666,.T.);
#1666 = EDGE_LOOP('',(#1667,#1676,#1683,#1690));
#1667 = ORIENTED_EDGE('',*,*,#1668,.T.);
#1668 = EDGE_CURVE('',#1669,#1671,#1673,.T.);
#1669 = VERTEX_POINT('',#1670);
#1670 = CARTESIAN_POINT('',(0.75,1.2995,17.5000001));
#1671 = VERTEX_POINT('',#1672);
#1672 = CARTESIAN_POINT('',(-0.85,1.2995,17.5000001));
#1673 = B_SPLINE_CURVE_WITH_KNOTS('',1,(#1674,#1675),.UNSPECIFIED.,.F.,
  .F.,(2,2),(-0.8,0.8),.PIECEWISE_BEZIER_KNOTS.);
#1674 = CARTESIAN_POINT('',(0.75,1.2995,17.5000001));
#1675 = CARTESIAN_POINT('',(-0.85,1.2995,17.5000001));
#1676 = ORIENTED_EDGE('',*,*,#1677,.T.);
#1677 = EDGE_CURVE('',#1671,#1678,#1680,.T.);
#1678 = VERTEX_POINT('',#1679);
#1679 = CARTESIAN_POINT('',(-0.85,-1.3005,17.5000001));
#1680 = B_SPLINE_CURVE_WITH_KNOTS('',1,(#1681,#1682),.UNSPECIFIED.,.F.,
  .F.,(2,2),(-1.3,1.3),.PIECEWISE_BEZIER_KNOTS.);
#1681 = CARTESIAN_POINT('',(-0.85,1.2995,17.5000001));
#1682 = CARTESIAN_POINT('',(-0.85,-1.3005,17.5000001));
#1683 = ORIENTED_EDGE('',*,*,#1684,.T.);
#1684 = EDGE_CURVE('',#1678,#1685,#1687,.T.);
#1685 = VERTEX_POINT('',#1686);
#1686 = CARTESIAN_POINT('',(0.75,-1.3005,17.5000001));
#1687 = B_SPLINE_CURVE_WITH_KNOTS('',1,(#1688,#1689),.UNSPECIFIED.,.F.,
  .F.,(2,2),(-0.8,0.8),.PIECEWISE_BEZIER_KNOTS.);
#1688 = CARTESIAN_POINT('',(-0.85,-1.3005,17.5000001));
#1689 = CARTESIAN_POINT('',(0.75,-1.3005,17.5000001));
#1690 = ORIENTED_EDGE('',*,*,#1691,.T.);
#1691 = EDGE_CURVE('',#1685,#1669,#1692,.T.);
#1692 = B_SPLINE_CURVE_WITH_KNOTS('',1,(#1693,#1694),.UNSPECIFIED.,.F.,
  .F.,(2,2),(-1.3,1.3),.PIECEWISE_BEZIER_KNOTS.);
#1693 = CARTESIAN_POINT('',(0.75,-1.3005,17.5000001));
#1694 = CARTESIAN_POINT('',(0.75,1.2995,17.5000001));
#1695 = B_SPLINE_SURFACE_WITH_KNOTS('',1,1,(
    (#1696,#1697)
    ,(#1698,#1699
    )),.UNSPECIFIED.,.F.,.F.,.F.,(2,2),(2,2),(-1.3,1.3),(-0.8,0.8),
  .PIECEWISE_BEZIER_KNOTS.);
#1696 = CARTESIAN_POINT('',(-0.85,-1.3005,17.5000001));
#1697 = CARTESIAN_POINT('',(0.75,-1.3005,17.5000001));
#1698 = CARTESIAN_POINT('',(-0.85,1.2995,17.5000001));
#1699 = CARTESIAN_POINT('',(0.75,1.2995,17.5000001));
#1700 = ADVANCED_FACE('',(#1701),#1715,.F.);
#1701 = FACE_BOUND('',#1702,.T.);
#1702 = EDGE_LOOP('',(#1703,#1708,#1709,#1714));
#1703 = ORIENTED_EDGE('',*,*,#1704,.T.);
#1704 = EDGE_CURVE('',#287,#497,#1705,.T.);
#1705 = B_SPLINE_CURVE_WITH_KNOTS('',1,(#1706,#1707),.UNSPECIFIED.,.F.,
  .F.,(2,2),(-2.5,0.),.PIECEWISE_BEZIER_KNOTS.);
#1706 = CARTESIAN_POINT('',(-1.45,1.4995,14.5000001));
#1707 = CARTESIAN_POINT('',(-1.45,1.4995,12.0000001));
#1708 = ORIENTED_EDGE('',*,*,#496,.F.);
#1709 = ORIENTED_EDGE('',*,*,#1710,.F.);
#1710 = EDGE_CURVE('',#294,#490,#1711,.T.);
#1711 = B_SPLINE_CURVE_WITH_KNOTS('',1,(#1712,#1713),.UNSPECIFIED.,.F.,
  .F.,(2,2),(-2.5,0.),.PIECEWISE_BEZIER_KNOTS.);
#1712 = CARTESIAN_POINT('',(-1.45,-1.5005,14.5000001));
#1713 = CARTESIAN_POINT('',(-1.45,-1.5005,12.0000001));
#1714 = ORIENTED_EDGE('',*,*,#293,.T.);
#1715 = B_SPLINE_SURFACE_WITH_KNOTS('',1,1,(
    (#1716,#1717)
    ,(#1718,#1719
    )),.UNSPECIFIED.,.F.,.F.,.F.,(2,2),(2,2),(0.,2.5),(-3.,0.),
  .PIECEWISE_BEZIER_KNOTS.);
#1716 = CARTESIAN_POINT('',(-1.45,1.4995,12.0000001));
#1717 = CARTESIAN_POINT('',(-1.45,-1.5005,12.0000001));
#1718 = CARTESIAN_POINT('',(-1.45,1.4995,14.5000001));
#1719 = CARTESIAN_POINT('',(-1.45,-1.5005,14.5000001));
#1720 = ADVANCED_FACE('',(#1721),#1733,.F.);
#1721 = FACE_BOUND('',#1722,.T.);
#1722 = EDGE_LOOP('',(#1723,#1724,#1725,#1731,#1732));
#1723 = ORIENTED_EDGE('',*,*,#489,.T.);
#1724 = ORIENTED_EDGE('',*,*,#1537,.T.);
#1725 = ORIENTED_EDGE('',*,*,#1726,.T.);
#1726 = EDGE_CURVE('',#1531,#301,#1727,.T.);
#1727 = ( BOUNDED_CURVE() B_SPLINE_CURVE(2,(#1728,#1729,#1730),
.UNSPECIFIED.,.F.,.F.) B_SPLINE_CURVE_WITH_KNOTS((3,3),(1.570796326795,
3.14159265359),.PIECEWISE_BEZIER_KNOTS.) CURVE() 
GEOMETRIC_REPRESENTATION_ITEM() RATIONAL_B_SPLINE_CURVE((1.,
0.707106781187,1.)) REPRESENTATION_ITEM('') );
#1728 = CARTESIAN_POINT('',(-2.05,-1.5005,14.3000001));
#1729 = CARTESIAN_POINT('',(-2.05,-1.5005,14.5000001));
#1730 = CARTESIAN_POINT('',(-1.85,-1.5005,14.5000001));
#1731 = ORIENTED_EDGE('',*,*,#300,.T.);
#1732 = ORIENTED_EDGE('',*,*,#1710,.T.);
#1733 = B_SPLINE_SURFACE_WITH_KNOTS('',1,1,(
    (#1734,#1735)
    ,(#1736,#1737
    )),.UNSPECIFIED.,.F.,.F.,.F.,(2,2),(2,2),(-6.5,-4.),(-2.,-1.4),
  .PIECEWISE_BEZIER_KNOTS.);
#1734 = CARTESIAN_POINT('',(-2.05,-1.5005,14.5000001));
#1735 = CARTESIAN_POINT('',(-1.45,-1.5005,14.5000001));
#1736 = CARTESIAN_POINT('',(-2.05,-1.5005,12.0000001));
#1737 = CARTESIAN_POINT('',(-1.45,-1.5005,12.0000001));
#1738 = ADVANCED_FACE('',(#1739),#1746,.T.);
#1739 = FACE_BOUND('',#1740,.T.);
#1740 = EDGE_LOOP('',(#1741,#1742,#1743,#1744,#1745));
#1741 = ORIENTED_EDGE('',*,*,#503,.F.);
#1742 = ORIENTED_EDGE('',*,*,#1704,.F.);
#1743 = ORIENTED_EDGE('',*,*,#286,.T.);
#1744 = ORIENTED_EDGE('',*,*,#131,.T.);
#1745 = ORIENTED_EDGE('',*,*,#95,.F.);
#1746 = B_SPLINE_SURFACE_WITH_KNOTS('',1,1,(
    (#1747,#1748)
    ,(#1749,#1750
    )),.UNSPECIFIED.,.F.,.F.,.F.,(2,2),(2,2),(-6.5,-4.),(-2.,-1.4),
  .PIECEWISE_BEZIER_KNOTS.);
#1747 = CARTESIAN_POINT('',(-2.05,1.4995,14.5000001));
#1748 = CARTESIAN_POINT('',(-1.45,1.4995,14.5000001));
#1749 = CARTESIAN_POINT('',(-2.05,1.4995,12.0000001));
#1750 = CARTESIAN_POINT('',(-1.45,1.4995,12.0000001));
#1751 = ADVANCED_FACE('',(#1752),#1774,.T.);
#1752 = FACE_BOUND('',#1753,.T.);
#1753 = EDGE_LOOP('',(#1754,#1761,#1762,#1769));
#1754 = ORIENTED_EDGE('',*,*,#1755,.F.);
#1755 = EDGE_CURVE('',#1481,#1756,#1758,.T.);
#1756 = VERTEX_POINT('',#1757);
#1757 = CARTESIAN_POINT('',(1.35,1.4995,14.0000001));
#1758 = B_SPLINE_CURVE_WITH_KNOTS('',1,(#1759,#1760),.UNSPECIFIED.,.F.,
  .F.,(2,2),(0.,0.6),.PIECEWISE_BEZIER_KNOTS.);
#1759 = CARTESIAN_POINT('',(1.95,1.4995,14.0000001));
#1760 = CARTESIAN_POINT('',(1.35,1.4995,14.0000001));
#1761 = ORIENTED_EDGE('',*,*,#1480,.F.);
#1762 = ORIENTED_EDGE('',*,*,#1763,.T.);
#1763 = EDGE_CURVE('',#1474,#1764,#1766,.T.);
#1764 = VERTEX_POINT('',#1765);
#1765 = CARTESIAN_POINT('',(1.35,-1.5005,14.0000001));
#1766 = B_SPLINE_CURVE_WITH_KNOTS('',1,(#1767,#1768),.UNSPECIFIED.,.F.,
  .F.,(2,2),(0.,0.6),.PIECEWISE_BEZIER_KNOTS.);
#1767 = CARTESIAN_POINT('',(1.95,-1.5005,14.0000001));
#1768 = CARTESIAN_POINT('',(1.35,-1.5005,14.0000001));
#1769 = ORIENTED_EDGE('',*,*,#1770,.T.);
#1770 = EDGE_CURVE('',#1764,#1756,#1771,.T.);
#1771 = B_SPLINE_CURVE_WITH_KNOTS('',1,(#1772,#1773),.UNSPECIFIED.,.F.,
  .F.,(2,2),(0.,3.),.PIECEWISE_BEZIER_KNOTS.);
#1772 = CARTESIAN_POINT('',(1.35,-1.5005,14.0000001));
#1773 = CARTESIAN_POINT('',(1.35,1.4995,14.0000001));
#1774 = B_SPLINE_SURFACE_WITH_KNOTS('',1,1,(
    (#1775,#1776)
    ,(#1777,#1778
    )),.UNSPECIFIED.,.F.,.F.,.F.,(2,2),(2,2),(-0.6,0.),(-3.,
    3.185319639056E-16),.PIECEWISE_BEZIER_KNOTS.);
#1775 = CARTESIAN_POINT('',(1.35,1.4995,14.0000001));
#1776 = CARTESIAN_POINT('',(1.35,-1.5005,14.0000001));
#1777 = CARTESIAN_POINT('',(1.95,1.4995,14.0000001));
#1778 = CARTESIAN_POINT('',(1.95,-1.5005,14.0000001));
#1779 = ADVANCED_FACE('',(#1780),#1794,.T.);
#1780 = FACE_BOUND('',#1781,.T.);
#1781 = EDGE_LOOP('',(#1782,#1787,#1788,#1793));
#1782 = ORIENTED_EDGE('',*,*,#1783,.F.);
#1783 = EDGE_CURVE('',#1756,#540,#1784,.T.);
#1784 = B_SPLINE_CURVE_WITH_KNOTS('',1,(#1785,#1786),.UNSPECIFIED.,.F.,
  .F.,(2,2),(-2.,0.),.PIECEWISE_BEZIER_KNOTS.);
#1785 = CARTESIAN_POINT('',(1.35,1.4995,14.0000001));
#1786 = CARTESIAN_POINT('',(1.35,1.4995,12.0000001));
#1787 = ORIENTED_EDGE('',*,*,#1770,.F.);
#1788 = ORIENTED_EDGE('',*,*,#1789,.T.);
#1789 = EDGE_CURVE('',#1764,#547,#1790,.T.);
#1790 = B_SPLINE_CURVE_WITH_KNOTS('',1,(#1791,#1792),.UNSPECIFIED.,.F.,
  .F.,(2,2),(-2.,0.),.PIECEWISE_BEZIER_KNOTS.);
#1791 = CARTESIAN_POINT('',(1.35,-1.5005,14.0000001));
#1792 = CARTESIAN_POINT('',(1.35,-1.5005,12.0000001));
#1793 = ORIENTED_EDGE('',*,*,#546,.T.);
#1794 = B_SPLINE_SURFACE_WITH_KNOTS('',1,1,(
    (#1795,#1796)
    ,(#1797,#1798
    )),.UNSPECIFIED.,.F.,.F.,.F.,(2,2),(2,2),(0.,2.),(-3.,0.),
  .PIECEWISE_BEZIER_KNOTS.);
#1795 = CARTESIAN_POINT('',(1.35,1.4995,12.0000001));
#1796 = CARTESIAN_POINT('',(1.35,-1.5005,12.0000001));
#1797 = CARTESIAN_POINT('',(1.35,1.4995,14.0000001));
#1798 = CARTESIAN_POINT('',(1.35,-1.5005,14.0000001));
#1799 = ADVANCED_FACE('',(#1800),#1806,.F.);
#1800 = FACE_BOUND('',#1801,.T.);
#1801 = EDGE_LOOP('',(#1802,#1803,#1804,#1805));
#1802 = ORIENTED_EDGE('',*,*,#553,.F.);
#1803 = ORIENTED_EDGE('',*,*,#1789,.F.);
#1804 = ORIENTED_EDGE('',*,*,#1763,.F.);
#1805 = ORIENTED_EDGE('',*,*,#1473,.F.);
#1806 = B_SPLINE_SURFACE_WITH_KNOTS('',1,1,(
    (#1807,#1808)
    ,(#1809,#1810
    )),.UNSPECIFIED.,.F.,.F.,.F.,(2,2),(2,2),(-6.,-4.),(1.4,2.),
  .PIECEWISE_BEZIER_KNOTS.);
#1807 = CARTESIAN_POINT('',(1.35,-1.5005,14.0000001));
#1808 = CARTESIAN_POINT('',(1.95,-1.5005,14.0000001));
#1809 = CARTESIAN_POINT('',(1.35,-1.5005,12.0000001));
#1810 = CARTESIAN_POINT('',(1.95,-1.5005,12.0000001));
#1811 = ADVANCED_FACE('',(#1812),#1818,.T.);
#1812 = FACE_BOUND('',#1813,.T.);
#1813 = EDGE_LOOP('',(#1814,#1815,#1816,#1817));
#1814 = ORIENTED_EDGE('',*,*,#539,.T.);
#1815 = ORIENTED_EDGE('',*,*,#1487,.T.);
#1816 = ORIENTED_EDGE('',*,*,#1755,.T.);
#1817 = ORIENTED_EDGE('',*,*,#1783,.T.);
#1818 = B_SPLINE_SURFACE_WITH_KNOTS('',1,1,(
    (#1819,#1820)
    ,(#1821,#1822
    )),.UNSPECIFIED.,.F.,.F.,.F.,(2,2),(2,2),(-6.,-4.),(1.4,2.),
  .PIECEWISE_BEZIER_KNOTS.);
#1819 = CARTESIAN_POINT('',(1.35,1.4995,14.0000001));
#1820 = CARTESIAN_POINT('',(1.95,1.4995,14.0000001));
#1821 = CARTESIAN_POINT('',(1.35,1.4995,12.0000001));
#1822 = CARTESIAN_POINT('',(1.95,1.4995,12.0000001));
#1823 = ADVANCED_FACE('',(#1824),#1835,.T.);
#1824 = FACE_BOUND('',#1825,.T.);
#1825 = EDGE_LOOP('',(#1826,#1827,#1828,#1834));
#1826 = ORIENTED_EDGE('',*,*,#374,.F.);
#1827 = ORIENTED_EDGE('',*,*,#1621,.F.);
#1828 = ORIENTED_EDGE('',*,*,#1829,.F.);
#1829 = EDGE_CURVE('',#1586,#1615,#1830,.T.);
#1830 = ( BOUNDED_CURVE() B_SPLINE_CURVE(2,(#1831,#1832,#1833),
.UNSPECIFIED.,.F.,.F.) B_SPLINE_CURVE_WITH_KNOTS((3,3),(1.570796326795,
3.14159265359),.PIECEWISE_BEZIER_KNOTS.) CURVE() 
GEOMETRIC_REPRESENTATION_ITEM() RATIONAL_B_SPLINE_CURVE((1.,
0.707106781187,1.)) REPRESENTATION_ITEM('') );
#1831 = CARTESIAN_POINT('',(0.95,1.2995,17.3000001));
#1832 = CARTESIAN_POINT('',(0.95,1.4995,17.3000001));
#1833 = CARTESIAN_POINT('',(0.75,1.4995,17.3000001));
#1834 = ORIENTED_EDGE('',*,*,#1585,.F.);
#1835 = ( BOUNDED_SURFACE() B_SPLINE_SURFACE(2,1,(
    (#1836,#1837)
    ,(#1838,#1839)
    ,(#1840,#1841
)),.UNSPECIFIED.,.F.,.F.,.F.) B_SPLINE_SURFACE_WITH_KNOTS((3,3),(2,2),(
    0.,1.570796326795),(0.2,3.),.PIECEWISE_BEZIER_KNOTS.) 
GEOMETRIC_REPRESENTATION_ITEM() RATIONAL_B_SPLINE_SURFACE((
    (1.,1.)
    ,(0.707106781187,0.707106781187)
,(1.,1.))) REPRESENTATION_ITEM('') SURFACE() );
#1836 = CARTESIAN_POINT('',(0.75,1.4995,17.3000001));
#1837 = CARTESIAN_POINT('',(0.75,1.4995,14.5000001));
#1838 = CARTESIAN_POINT('',(0.95,1.4995,17.3000001));
#1839 = CARTESIAN_POINT('',(0.95,1.4995,14.5000001));
#1840 = CARTESIAN_POINT('',(0.95,1.2995,17.3000001));
#1841 = CARTESIAN_POINT('',(0.95,1.2995,14.5000001));
#1842 = ADVANCED_FACE('',(#1843),#1859,.T.);
#1843 = FACE_BOUND('',#1844,.T.);
#1844 = EDGE_LOOP('',(#1845,#1851,#1852,#1858));
#1845 = ORIENTED_EDGE('',*,*,#1846,.F.);
#1846 = EDGE_CURVE('',#1593,#1685,#1847,.T.);
#1847 = ( BOUNDED_CURVE() B_SPLINE_CURVE(2,(#1848,#1849,#1850),
.UNSPECIFIED.,.F.,.F.) B_SPLINE_CURVE_WITH_KNOTS((3,3),(1.570796326795,
3.14159265359),.PIECEWISE_BEZIER_KNOTS.) CURVE() 
GEOMETRIC_REPRESENTATION_ITEM() RATIONAL_B_SPLINE_CURVE((1.,
0.707106781187,1.)) REPRESENTATION_ITEM('') );
#1848 = CARTESIAN_POINT('',(0.95,-1.3005,17.3000001));
#1849 = CARTESIAN_POINT('',(0.95,-1.3005,17.5000001));
#1850 = CARTESIAN_POINT('',(0.75,-1.3005,17.5000001));
#1851 = ORIENTED_EDGE('',*,*,#1592,.F.);
#1852 = ORIENTED_EDGE('',*,*,#1853,.F.);
#1853 = EDGE_CURVE('',#1669,#1586,#1854,.T.);
#1854 = ( BOUNDED_CURVE() B_SPLINE_CURVE(2,(#1855,#1856,#1857),
.UNSPECIFIED.,.F.,.F.) B_SPLINE_CURVE_WITH_KNOTS((3,3),(0.,
1.570796326795),.PIECEWISE_BEZIER_KNOTS.) CURVE() 
GEOMETRIC_REPRESENTATION_ITEM() RATIONAL_B_SPLINE_CURVE((1.,
0.707106781187,1.)) REPRESENTATION_ITEM('') );
#1855 = CARTESIAN_POINT('',(0.75,1.2995,17.5000001));
#1856 = CARTESIAN_POINT('',(0.95,1.2995,17.5000001));
#1857 = CARTESIAN_POINT('',(0.95,1.2995,17.3000001));
#1858 = ORIENTED_EDGE('',*,*,#1691,.F.);
#1859 = ( BOUNDED_SURFACE() B_SPLINE_SURFACE(2,1,(
    (#1860,#1861)
    ,(#1862,#1863)
    ,(#1864,#1865
)),.UNSPECIFIED.,.F.,.F.,.F.) B_SPLINE_SURFACE_WITH_KNOTS((3,3),(2,2),(
    0.,1.570796326795),(-1.3,1.3),.PIECEWISE_BEZIER_KNOTS.) 
GEOMETRIC_REPRESENTATION_ITEM() RATIONAL_B_SPLINE_SURFACE((
    (1.,1.)
    ,(0.707106781187,0.707106781187)
,(1.,1.))) REPRESENTATION_ITEM('') SURFACE() );
#1860 = CARTESIAN_POINT('',(0.75,-1.3005,17.5000001));
#1861 = CARTESIAN_POINT('',(0.75,1.2995,17.5000001));
#1862 = CARTESIAN_POINT('',(0.95,-1.3005,17.5000001));
#1863 = CARTESIAN_POINT('',(0.95,1.2995,17.5000001));
#1864 = CARTESIAN_POINT('',(0.95,-1.3005,17.3000001));
#1865 = CARTESIAN_POINT('',(0.95,1.2995,17.3000001));
#1866 = ADVANCED_FACE('',(#1867),#1878,.T.);
#1867 = FACE_BOUND('',#1868,.T.);
#1868 = EDGE_LOOP('',(#1869,#1870,#1871,#1877));
#1869 = ORIENTED_EDGE('',*,*,#389,.F.);
#1870 = ORIENTED_EDGE('',*,*,#1599,.F.);
#1871 = ORIENTED_EDGE('',*,*,#1872,.F.);
#1872 = EDGE_CURVE('',#1558,#1593,#1873,.T.);
#1873 = ( BOUNDED_CURVE() B_SPLINE_CURVE(2,(#1874,#1875,#1876),
.UNSPECIFIED.,.F.,.F.) B_SPLINE_CURVE_WITH_KNOTS((3,3),(0.,
1.570796326795),.PIECEWISE_BEZIER_KNOTS.) CURVE() 
GEOMETRIC_REPRESENTATION_ITEM() RATIONAL_B_SPLINE_CURVE((1.,
0.707106781187,1.)) REPRESENTATION_ITEM('') );
#1874 = CARTESIAN_POINT('',(0.75,-1.5005,17.3000001));
#1875 = CARTESIAN_POINT('',(0.95,-1.5005,17.3000001));
#1876 = CARTESIAN_POINT('',(0.95,-1.3005,17.3000001));
#1877 = ORIENTED_EDGE('',*,*,#1557,.F.);
#1878 = ( BOUNDED_SURFACE() B_SPLINE_SURFACE(2,1,(
    (#1879,#1880)
    ,(#1881,#1882)
    ,(#1883,#1884
)),.UNSPECIFIED.,.F.,.F.,.F.) B_SPLINE_SURFACE_WITH_KNOTS((3,3),(2,2),(
    1.570796326795,3.14159265359),(0.2,3.),.PIECEWISE_BEZIER_KNOTS.) 
GEOMETRIC_REPRESENTATION_ITEM() RATIONAL_B_SPLINE_SURFACE((
    (1.,1.)
    ,(0.707106781187,0.707106781187)
,(1.,1.))) REPRESENTATION_ITEM('') SURFACE() );
#1879 = CARTESIAN_POINT('',(0.95,-1.3005,17.3000001));
#1880 = CARTESIAN_POINT('',(0.95,-1.3005,14.5000001));
#1881 = CARTESIAN_POINT('',(0.95,-1.5005,17.3000001));
#1882 = CARTESIAN_POINT('',(0.95,-1.5005,14.5000001));
#1883 = CARTESIAN_POINT('',(0.75,-1.5005,17.3000001));
#1884 = CARTESIAN_POINT('',(0.75,-1.5005,14.5000001));
#1885 = ADVANCED_FACE('',(#1886),#1896,.T.);
#1886 = FACE_BOUND('',#1887,.T.);
#1887 = EDGE_LOOP('',(#1888,#1889,#1890));
#1888 = ORIENTED_EDGE('',*,*,#1853,.T.);
#1889 = ORIENTED_EDGE('',*,*,#1829,.T.);
#1890 = ORIENTED_EDGE('',*,*,#1891,.F.);
#1891 = EDGE_CURVE('',#1669,#1615,#1892,.T.);
#1892 = ( BOUNDED_CURVE() B_SPLINE_CURVE(2,(#1893,#1894,#1895),
.UNSPECIFIED.,.F.,.F.) B_SPLINE_CURVE_WITH_KNOTS((3,3),(0.,
1.570796326795),.PIECEWISE_BEZIER_KNOTS.) CURVE() 
GEOMETRIC_REPRESENTATION_ITEM() RATIONAL_B_SPLINE_CURVE((1.,
0.707106781187,1.)) REPRESENTATION_ITEM('') );
#1893 = CARTESIAN_POINT('',(0.75,1.2995,17.5000001));
#1894 = CARTESIAN_POINT('',(0.75,1.4995,17.5000001));
#1895 = CARTESIAN_POINT('',(0.75,1.4995,17.3000001));
#1896 = ( BOUNDED_SURFACE() B_SPLINE_SURFACE(2,2,(
    (#1897,#1898,#1899)
    ,(#1900,#1901,#1902)
    ,(#1903,#1904,#1905
)),.UNSPECIFIED.,.F.,.F.,.F.) B_SPLINE_SURFACE_WITH_KNOTS((3,3),(3,3),(
    3.14159265359,4.712388980385),(-5.551115123126E-16,1.570796326795),
.PIECEWISE_BEZIER_KNOTS.) GEOMETRIC_REPRESENTATION_ITEM() 
RATIONAL_B_SPLINE_SURFACE((
    (1.,0.707106781187,1.)
    ,(0.707106781187,0.5,0.707106781187)
,(1.,0.707106781187,1.))) REPRESENTATION_ITEM('') SURFACE() );
#1897 = CARTESIAN_POINT('',(0.75,1.4995,17.3000001));
#1898 = CARTESIAN_POINT('',(0.95,1.4995,17.3000001));
#1899 = CARTESIAN_POINT('',(0.95,1.2995,17.3000001));
#1900 = CARTESIAN_POINT('',(0.75,1.4995,17.5000001));
#1901 = CARTESIAN_POINT('',(0.95,1.4995,17.5000001));
#1902 = CARTESIAN_POINT('',(0.95,1.2995,17.3000001));
#1903 = CARTESIAN_POINT('',(0.75,1.2995,17.5000001));
#1904 = CARTESIAN_POINT('',(0.95,1.2995,17.5000001));
#1905 = CARTESIAN_POINT('',(0.95,1.2995,17.3000001));
#1906 = ADVANCED_FACE('',(#1907),#1917,.T.);
#1907 = FACE_BOUND('',#1908,.T.);
#1908 = EDGE_LOOP('',(#1909,#1910,#1911));
#1909 = ORIENTED_EDGE('',*,*,#1872,.T.);
#1910 = ORIENTED_EDGE('',*,*,#1846,.T.);
#1911 = ORIENTED_EDGE('',*,*,#1912,.F.);
#1912 = EDGE_CURVE('',#1558,#1685,#1913,.T.);
#1913 = ( BOUNDED_CURVE() B_SPLINE_CURVE(2,(#1914,#1915,#1916),
.UNSPECIFIED.,.F.,.F.) B_SPLINE_CURVE_WITH_KNOTS((3,3),(4.712388980385,
6.28318530718),.PIECEWISE_BEZIER_KNOTS.) CURVE() 
GEOMETRIC_REPRESENTATION_ITEM() RATIONAL_B_SPLINE_CURVE((1.,
0.707106781187,1.)) REPRESENTATION_ITEM('') );
#1914 = CARTESIAN_POINT('',(0.75,-1.5005,17.3000001));
#1915 = CARTESIAN_POINT('',(0.75,-1.5005,17.5000001));
#1916 = CARTESIAN_POINT('',(0.75,-1.3005,17.5000001));
#1917 = ( BOUNDED_SURFACE() B_SPLINE_SURFACE(2,2,(
    (#1918,#1919,#1920)
    ,(#1921,#1922,#1923)
    ,(#1924,#1925,#1926
)),.UNSPECIFIED.,.F.,.F.,.F.) B_SPLINE_SURFACE_WITH_KNOTS((3,3),(3,3),(
    4.712388980385,6.28318530718),(-8.881784197001E-16,1.570796326795),
.PIECEWISE_BEZIER_KNOTS.) GEOMETRIC_REPRESENTATION_ITEM() 
RATIONAL_B_SPLINE_SURFACE((
    (1.,0.707106781187,1.)
    ,(0.707106781187,0.5,0.707106781187)
,(1.,0.707106781187,1.))) REPRESENTATION_ITEM('') SURFACE() );
#1918 = CARTESIAN_POINT('',(0.75,-1.3005,17.5000001));
#1919 = CARTESIAN_POINT('',(0.95,-1.3005,17.5000001));
#1920 = CARTESIAN_POINT('',(0.95,-1.3005,17.3000001));
#1921 = CARTESIAN_POINT('',(0.75,-1.5005,17.5000001));
#1922 = CARTESIAN_POINT('',(0.95,-1.5005,17.5000001));
#1923 = CARTESIAN_POINT('',(0.95,-1.3005,17.3000001));
#1924 = CARTESIAN_POINT('',(0.75,-1.5005,17.3000001));
#1925 = CARTESIAN_POINT('',(0.95,-1.5005,17.3000001));
#1926 = CARTESIAN_POINT('',(0.95,-1.3005,17.3000001));
#1927 = ADVANCED_FACE('',(#1928),#1939,.T.);
#1928 = FACE_BOUND('',#1929,.T.);
#1929 = EDGE_LOOP('',(#1930,#1931,#1932,#1938));
#1930 = ORIENTED_EDGE('',*,*,#359,.F.);
#1931 = ORIENTED_EDGE('',*,*,#1655,.F.);
#1932 = ORIENTED_EDGE('',*,*,#1933,.F.);
#1933 = EDGE_CURVE('',#1613,#1649,#1934,.T.);
#1934 = ( BOUNDED_CURVE() B_SPLINE_CURVE(2,(#1935,#1936,#1937),
.UNSPECIFIED.,.F.,.F.) B_SPLINE_CURVE_WITH_KNOTS((3,3),(3.14159265359,
4.712388980385),.PIECEWISE_BEZIER_KNOTS.) CURVE() 
GEOMETRIC_REPRESENTATION_ITEM() RATIONAL_B_SPLINE_CURVE((1.,
0.707106781187,1.)) REPRESENTATION_ITEM('') );
#1935 = CARTESIAN_POINT('',(-0.85,1.4995,17.3000001));
#1936 = CARTESIAN_POINT('',(-1.05,1.4995,17.3000001));
#1937 = CARTESIAN_POINT('',(-1.05,1.2995,17.3000001));
#1938 = ORIENTED_EDGE('',*,*,#1627,.F.);
#1939 = ( BOUNDED_SURFACE() B_SPLINE_SURFACE(2,1,(
    (#1940,#1941)
    ,(#1942,#1943)
    ,(#1944,#1945
)),.UNSPECIFIED.,.F.,.F.,.F.) B_SPLINE_SURFACE_WITH_KNOTS((3,3),(2,2),(
    4.712388980385,6.28318530718),(0.2,3.),.PIECEWISE_BEZIER_KNOTS.) 
GEOMETRIC_REPRESENTATION_ITEM() RATIONAL_B_SPLINE_SURFACE((
    (1.,1.)
    ,(0.707106781187,0.707106781187)
,(1.,1.))) REPRESENTATION_ITEM('') SURFACE() );
#1940 = CARTESIAN_POINT('',(-1.05,1.2995,17.3000001));
#1941 = CARTESIAN_POINT('',(-1.05,1.2995,14.5000001));
#1942 = CARTESIAN_POINT('',(-1.05,1.4995,17.3000001));
#1943 = CARTESIAN_POINT('',(-1.05,1.4995,14.5000001));
#1944 = CARTESIAN_POINT('',(-0.85,1.4995,17.3000001));
#1945 = CARTESIAN_POINT('',(-0.85,1.4995,14.5000001));
#1946 = ADVANCED_FACE('',(#1947),#1958,.T.);
#1947 = FACE_BOUND('',#1948,.T.);
#1948 = EDGE_LOOP('',(#1949,#1950,#1951,#1957));
#1949 = ORIENTED_EDGE('',*,*,#1891,.T.);
#1950 = ORIENTED_EDGE('',*,*,#1612,.F.);
#1951 = ORIENTED_EDGE('',*,*,#1952,.F.);
#1952 = EDGE_CURVE('',#1671,#1613,#1953,.T.);
#1953 = ( BOUNDED_CURVE() B_SPLINE_CURVE(2,(#1954,#1955,#1956),
.UNSPECIFIED.,.F.,.F.) B_SPLINE_CURVE_WITH_KNOTS((3,3),(3.14159265359,
4.712388980385),.PIECEWISE_BEZIER_KNOTS.) CURVE() 
GEOMETRIC_REPRESENTATION_ITEM() RATIONAL_B_SPLINE_CURVE((1.,
0.707106781187,1.)) REPRESENTATION_ITEM('') );
#1954 = CARTESIAN_POINT('',(-0.85,1.2995,17.5000001));
#1955 = CARTESIAN_POINT('',(-0.85,1.4995,17.5000001));
#1956 = CARTESIAN_POINT('',(-0.85,1.4995,17.3000001));
#1957 = ORIENTED_EDGE('',*,*,#1668,.F.);
#1958 = ( BOUNDED_SURFACE() B_SPLINE_SURFACE(2,1,(
    (#1959,#1960)
    ,(#1961,#1962)
    ,(#1963,#1964
)),.UNSPECIFIED.,.F.,.F.,.F.) B_SPLINE_SURFACE_WITH_KNOTS((3,3),(2,2),(
    3.14159265359,4.712388980385),(-0.8,0.8),.PIECEWISE_BEZIER_KNOTS.) 
GEOMETRIC_REPRESENTATION_ITEM() RATIONAL_B_SPLINE_SURFACE((
    (1.,1.)
    ,(0.707106781187,0.707106781187)
,(1.,1.))) REPRESENTATION_ITEM('') SURFACE() );
#1959 = CARTESIAN_POINT('',(0.75,1.2995,17.5000001));
#1960 = CARTESIAN_POINT('',(-0.85,1.2995,17.5000001));
#1961 = CARTESIAN_POINT('',(0.75,1.4995,17.5000001));
#1962 = CARTESIAN_POINT('',(-0.85,1.4995,17.5000001));
#1963 = CARTESIAN_POINT('',(0.75,1.4995,17.3000001));
#1964 = CARTESIAN_POINT('',(-0.85,1.4995,17.3000001));
#1965 = ADVANCED_FACE('',(#1966),#1977,.T.);
#1966 = FACE_BOUND('',#1967,.T.);
#1967 = EDGE_LOOP('',(#1968,#1969,#1970,#1976));
#1968 = ORIENTED_EDGE('',*,*,#1912,.T.);
#1969 = ORIENTED_EDGE('',*,*,#1684,.F.);
#1970 = ORIENTED_EDGE('',*,*,#1971,.F.);
#1971 = EDGE_CURVE('',#1565,#1678,#1972,.T.);
#1972 = ( BOUNDED_CURVE() B_SPLINE_CURVE(2,(#1973,#1974,#1975),
.UNSPECIFIED.,.F.,.F.) B_SPLINE_CURVE_WITH_KNOTS((3,3),(1.570796326795,
3.14159265359),.PIECEWISE_BEZIER_KNOTS.) CURVE() 
GEOMETRIC_REPRESENTATION_ITEM() RATIONAL_B_SPLINE_CURVE((1.,
0.707106781187,1.)) REPRESENTATION_ITEM('') );
#1973 = CARTESIAN_POINT('',(-0.85,-1.5005,17.3000001));
#1974 = CARTESIAN_POINT('',(-0.85,-1.5005,17.5000001));
#1975 = CARTESIAN_POINT('',(-0.85,-1.3005,17.5000001));
#1976 = ORIENTED_EDGE('',*,*,#1564,.F.);
#1977 = ( BOUNDED_SURFACE() B_SPLINE_SURFACE(2,1,(
    (#1978,#1979)
    ,(#1980,#1981)
    ,(#1982,#1983
)),.UNSPECIFIED.,.F.,.F.,.F.) B_SPLINE_SURFACE_WITH_KNOTS((3,3),(2,2),(
    0.,1.570796326795),(-0.8,0.8),.PIECEWISE_BEZIER_KNOTS.) 
GEOMETRIC_REPRESENTATION_ITEM() RATIONAL_B_SPLINE_SURFACE((
    (1.,1.)
    ,(0.707106781187,0.707106781187)
,(1.,1.))) REPRESENTATION_ITEM('') SURFACE() );
#1978 = CARTESIAN_POINT('',(-0.85,-1.3005,17.5000001));
#1979 = CARTESIAN_POINT('',(0.75,-1.3005,17.5000001));
#1980 = CARTESIAN_POINT('',(-0.85,-1.5005,17.5000001));
#1981 = CARTESIAN_POINT('',(0.75,-1.5005,17.5000001));
#1982 = CARTESIAN_POINT('',(-0.85,-1.5005,17.3000001));
#1983 = CARTESIAN_POINT('',(0.75,-1.5005,17.3000001));
#1984 = ADVANCED_FACE('',(#1985),#1996,.T.);
#1985 = FACE_BOUND('',#1986,.T.);
#1986 = EDGE_LOOP('',(#1987,#1988,#1989,#1995));
#1987 = ORIENTED_EDGE('',*,*,#344,.F.);
#1988 = ORIENTED_EDGE('',*,*,#1571,.F.);
#1989 = ORIENTED_EDGE('',*,*,#1990,.F.);
#1990 = EDGE_CURVE('',#1642,#1565,#1991,.T.);
#1991 = ( BOUNDED_CURVE() B_SPLINE_CURVE(2,(#1992,#1993,#1994),
.UNSPECIFIED.,.F.,.F.) B_SPLINE_CURVE_WITH_KNOTS((3,3),(4.712388980385,
6.28318530718),.PIECEWISE_BEZIER_KNOTS.) CURVE() 
GEOMETRIC_REPRESENTATION_ITEM() RATIONAL_B_SPLINE_CURVE((1.,
0.707106781187,1.)) REPRESENTATION_ITEM('') );
#1992 = CARTESIAN_POINT('',(-1.05,-1.3005,17.3000001));
#1993 = CARTESIAN_POINT('',(-1.05,-1.5005,17.3000001));
#1994 = CARTESIAN_POINT('',(-0.85,-1.5005,17.3000001));
#1995 = ORIENTED_EDGE('',*,*,#1641,.F.);
#1996 = ( BOUNDED_SURFACE() B_SPLINE_SURFACE(2,1,(
    (#1997,#1998)
    ,(#1999,#2000)
    ,(#2001,#2002
)),.UNSPECIFIED.,.F.,.F.,.F.) B_SPLINE_SURFACE_WITH_KNOTS((3,3),(2,2),(
    3.14159265359,4.712388980385),(0.2,3.),.PIECEWISE_BEZIER_KNOTS.) 
GEOMETRIC_REPRESENTATION_ITEM() RATIONAL_B_SPLINE_SURFACE((
    (1.,1.)
    ,(0.707106781187,0.707106781187)
,(1.,1.))) REPRESENTATION_ITEM('') SURFACE() );
#1997 = CARTESIAN_POINT('',(-0.85,-1.5005,17.3000001));
#1998 = CARTESIAN_POINT('',(-0.85,-1.5005,14.5000001));
#1999 = CARTESIAN_POINT('',(-1.05,-1.5005,17.3000001));
#2000 = CARTESIAN_POINT('',(-1.05,-1.5005,14.5000001));
#2001 = CARTESIAN_POINT('',(-1.05,-1.3005,17.3000001));
#2002 = CARTESIAN_POINT('',(-1.05,-1.3005,14.5000001));
#2003 = ADVANCED_FACE('',(#2004),#2014,.T.);
#2004 = FACE_BOUND('',#2005,.T.);
#2005 = EDGE_LOOP('',(#2006,#2007,#2008));
#2006 = ORIENTED_EDGE('',*,*,#1952,.T.);
#2007 = ORIENTED_EDGE('',*,*,#1933,.T.);
#2008 = ORIENTED_EDGE('',*,*,#2009,.F.);
#2009 = EDGE_CURVE('',#1671,#1649,#2010,.T.);
#2010 = ( BOUNDED_CURVE() B_SPLINE_CURVE(2,(#2011,#2012,#2013),
.UNSPECIFIED.,.F.,.F.) B_SPLINE_CURVE_WITH_KNOTS((3,3),(0.,
1.570796326795),.PIECEWISE_BEZIER_KNOTS.) CURVE() 
GEOMETRIC_REPRESENTATION_ITEM() RATIONAL_B_SPLINE_CURVE((1.,
0.707106781187,1.)) REPRESENTATION_ITEM('') );
#2011 = CARTESIAN_POINT('',(-0.85,1.2995,17.5000001));
#2012 = CARTESIAN_POINT('',(-1.05,1.2995,17.5000001));
#2013 = CARTESIAN_POINT('',(-1.05,1.2995,17.3000001));
#2014 = ( BOUNDED_SURFACE() B_SPLINE_SURFACE(2,2,(
    (#2015,#2016,#2017)
    ,(#2018,#2019,#2020)
    ,(#2021,#2022,#2023
)),.UNSPECIFIED.,.F.,.F.,.F.) B_SPLINE_SURFACE_WITH_KNOTS((3,3),(3,3),(
    3.14159265359,4.712388980385),(-1.570796326795,0.),
.PIECEWISE_BEZIER_KNOTS.) GEOMETRIC_REPRESENTATION_ITEM() 
RATIONAL_B_SPLINE_SURFACE((
    (1.,0.707106781187,1.)
    ,(0.707106781187,0.5,0.707106781187)
,(1.,0.707106781187,1.))) REPRESENTATION_ITEM('') SURFACE() );
#2015 = CARTESIAN_POINT('',(-1.05,1.2995,17.3000001));
#2016 = CARTESIAN_POINT('',(-1.05,1.4995,17.3000001));
#2017 = CARTESIAN_POINT('',(-0.85,1.4995,17.3000001));
#2018 = CARTESIAN_POINT('',(-1.05,1.2995,17.3000001));
#2019 = CARTESIAN_POINT('',(-1.05,1.4995,17.5000001));
#2020 = CARTESIAN_POINT('',(-0.85,1.4995,17.5000001));
#2021 = CARTESIAN_POINT('',(-1.05,1.2995,17.3000001));
#2022 = CARTESIAN_POINT('',(-1.05,1.2995,17.5000001));
#2023 = CARTESIAN_POINT('',(-0.85,1.2995,17.5000001));
#2024 = ADVANCED_FACE('',(#2025),#2035,.T.);
#2025 = FACE_BOUND('',#2026,.T.);
#2026 = EDGE_LOOP('',(#2027,#2028,#2029));
#2027 = ORIENTED_EDGE('',*,*,#1990,.T.);
#2028 = ORIENTED_EDGE('',*,*,#1971,.T.);
#2029 = ORIENTED_EDGE('',*,*,#2030,.F.);
#2030 = EDGE_CURVE('',#1642,#1678,#2031,.T.);
#2031 = ( BOUNDED_CURVE() B_SPLINE_CURVE(2,(#2032,#2033,#2034),
.UNSPECIFIED.,.F.,.F.) B_SPLINE_CURVE_WITH_KNOTS((3,3),(1.570796326795,
3.14159265359),.PIECEWISE_BEZIER_KNOTS.) CURVE() 
GEOMETRIC_REPRESENTATION_ITEM() RATIONAL_B_SPLINE_CURVE((1.,
0.707106781187,1.)) REPRESENTATION_ITEM('') );
#2032 = CARTESIAN_POINT('',(-1.05,-1.3005,17.3000001));
#2033 = CARTESIAN_POINT('',(-1.05,-1.3005,17.5000001));
#2034 = CARTESIAN_POINT('',(-0.85,-1.3005,17.5000001));
#2035 = ( BOUNDED_SURFACE() B_SPLINE_SURFACE(2,2,(
    (#2036,#2037,#2038)
    ,(#2039,#2040,#2041)
    ,(#2042,#2043,#2044
)),.UNSPECIFIED.,.F.,.F.,.F.) B_SPLINE_SURFACE_WITH_KNOTS((3,3),(3,3),(
    4.712388980385,6.28318530718),(-1.570796326795,6.661338147751E-16),
.PIECEWISE_BEZIER_KNOTS.) GEOMETRIC_REPRESENTATION_ITEM() 
RATIONAL_B_SPLINE_SURFACE((
    (1.,0.707106781187,1.)
    ,(0.707106781187,0.5,0.707106781187)
,(1.,0.707106781187,1.))) REPRESENTATION_ITEM('') SURFACE() );
#2036 = CARTESIAN_POINT('',(-1.05,-1.3005,17.3000001));
#2037 = CARTESIAN_POINT('',(-1.05,-1.3005,17.5000001));
#2038 = CARTESIAN_POINT('',(-0.85,-1.3005,17.5000001));
#2039 = CARTESIAN_POINT('',(-1.05,-1.3005,17.3000001));
#2040 = CARTESIAN_POINT('',(-1.05,-1.5005,17.5000001));
#2041 = CARTESIAN_POINT('',(-0.85,-1.5005,17.5000001));
#2042 = CARTESIAN_POINT('',(-1.05,-1.3005,17.3000001));
#2043 = CARTESIAN_POINT('',(-1.05,-1.5005,17.3000001));
#2044 = CARTESIAN_POINT('',(-0.85,-1.5005,17.3000001));
#2045 = ADVANCED_FACE('',(#2046),#2052,.T.);
#2046 = FACE_BOUND('',#2047,.T.);
#2047 = EDGE_LOOP('',(#2048,#2049,#2050,#2051));
#2048 = ORIENTED_EDGE('',*,*,#2009,.T.);
#2049 = ORIENTED_EDGE('',*,*,#1648,.F.);
#2050 = ORIENTED_EDGE('',*,*,#2030,.T.);
#2051 = ORIENTED_EDGE('',*,*,#1677,.F.);
#2052 = ( BOUNDED_SURFACE() B_SPLINE_SURFACE(2,1,(
    (#2053,#2054)
    ,(#2055,#2056)
    ,(#2057,#2058
)),.UNSPECIFIED.,.F.,.F.,.F.) B_SPLINE_SURFACE_WITH_KNOTS((3,3),(2,2),(
    3.14159265359,4.712388980385),(-1.3,1.3),.PIECEWISE_BEZIER_KNOTS.) 
GEOMETRIC_REPRESENTATION_ITEM() RATIONAL_B_SPLINE_SURFACE((
    (1.,1.)
    ,(0.707106781187,0.707106781187)
,(1.,1.))) REPRESENTATION_ITEM('') SURFACE() );
#2053 = CARTESIAN_POINT('',(-0.85,1.2995,17.5000001));
#2054 = CARTESIAN_POINT('',(-0.85,-1.3005,17.5000001));
#2055 = CARTESIAN_POINT('',(-1.05,1.2995,17.5000001));
#2056 = CARTESIAN_POINT('',(-1.05,-1.3005,17.5000001));
#2057 = CARTESIAN_POINT('',(-1.05,1.2995,17.3000001));
#2058 = CARTESIAN_POINT('',(-1.05,-1.3005,17.3000001));
#2059 = ADVANCED_FACE('',(#2060),#2071,.T.);
#2060 = FACE_BOUND('',#2061,.T.);
#2061 = EDGE_LOOP('',(#2062,#2063,#2064,#2070));
#2062 = ORIENTED_EDGE('',*,*,#509,.F.);
#2063 = ORIENTED_EDGE('',*,*,#111,.F.);
#2064 = ORIENTED_EDGE('',*,*,#2065,.F.);
#2065 = EDGE_CURVE('',#1502,#105,#2066,.T.);
#2066 = ( BOUNDED_CURVE() B_SPLINE_CURVE(2,(#2067,#2068,#2069),
.UNSPECIFIED.,.F.,.F.) B_SPLINE_CURVE_WITH_KNOTS((3,3),(3.14159265359,
4.712388980385),.PIECEWISE_BEZIER_KNOTS.) CURVE() 
GEOMETRIC_REPRESENTATION_ITEM() RATIONAL_B_SPLINE_CURVE((1.,
0.707106781187,1.)) REPRESENTATION_ITEM('') );
#2067 = CARTESIAN_POINT('',(-1.85,1.9995,14.3000001));
#2068 = CARTESIAN_POINT('',(-2.05,1.9995,14.3000001));
#2069 = CARTESIAN_POINT('',(-2.05,1.7995,14.3000001));
#2070 = ORIENTED_EDGE('',*,*,#1501,.F.);
#2071 = ( BOUNDED_SURFACE() B_SPLINE_SURFACE(2,1,(
    (#2072,#2073)
    ,(#2074,#2075)
    ,(#2076,#2077
)),.UNSPECIFIED.,.F.,.F.,.F.) B_SPLINE_SURFACE_WITH_KNOTS((3,3),(2,2),(
    4.712388980385,6.28318530718),(0.2,2.5),.PIECEWISE_BEZIER_KNOTS.) 
GEOMETRIC_REPRESENTATION_ITEM() RATIONAL_B_SPLINE_SURFACE((
    (1.,1.)
    ,(0.707106781187,0.707106781187)
,(1.,1.))) REPRESENTATION_ITEM('') SURFACE() );
#2072 = CARTESIAN_POINT('',(-2.05,1.7995,14.3000001));
#2073 = CARTESIAN_POINT('',(-2.05,1.7995,12.0000001));
#2074 = CARTESIAN_POINT('',(-2.05,1.9995,14.3000001));
#2075 = CARTESIAN_POINT('',(-2.05,1.9995,12.0000001));
#2076 = CARTESIAN_POINT('',(-1.85,1.9995,14.3000001));
#2077 = CARTESIAN_POINT('',(-1.85,1.9995,12.0000001));
#2078 = ADVANCED_FACE('',(#2079),#2095,.T.);
#2079 = FACE_BOUND('',#2080,.T.);
#2080 = EDGE_LOOP('',(#2081,#2087,#2088,#2094));
#2081 = ORIENTED_EDGE('',*,*,#2082,.F.);
#2082 = EDGE_CURVE('',#1509,#322,#2083,.T.);
#2083 = ( BOUNDED_CURVE() B_SPLINE_CURVE(2,(#2084,#2085,#2086),
.UNSPECIFIED.,.F.,.F.) B_SPLINE_CURVE_WITH_KNOTS((3,3),(4.712388980385,
6.28318530718),.PIECEWISE_BEZIER_KNOTS.) CURVE() 
GEOMETRIC_REPRESENTATION_ITEM() RATIONAL_B_SPLINE_CURVE((1.,
0.707106781187,1.)) REPRESENTATION_ITEM('') );
#2084 = CARTESIAN_POINT('',(1.75,1.9995,14.3000001));
#2085 = CARTESIAN_POINT('',(1.75,1.9995,14.5000001));
#2086 = CARTESIAN_POINT('',(1.75,1.7995,14.5000001));
#2087 = ORIENTED_EDGE('',*,*,#1508,.F.);
#2088 = ORIENTED_EDGE('',*,*,#2089,.F.);
#2089 = EDGE_CURVE('',#140,#1502,#2090,.T.);
#2090 = ( BOUNDED_CURVE() B_SPLINE_CURVE(2,(#2091,#2092,#2093),
.UNSPECIFIED.,.F.,.F.) B_SPLINE_CURVE_WITH_KNOTS((3,3),(3.14159265359,
4.712388980385),.PIECEWISE_BEZIER_KNOTS.) CURVE() 
GEOMETRIC_REPRESENTATION_ITEM() RATIONAL_B_SPLINE_CURVE((1.,
0.707106781187,1.)) REPRESENTATION_ITEM('') );
#2091 = CARTESIAN_POINT('',(-1.85,1.7995,14.5000001));
#2092 = CARTESIAN_POINT('',(-1.85,1.9995,14.5000001));
#2093 = CARTESIAN_POINT('',(-1.85,1.9995,14.3000001));
#2094 = ORIENTED_EDGE('',*,*,#328,.F.);
#2095 = ( BOUNDED_SURFACE() B_SPLINE_SURFACE(2,1,(
    (#2096,#2097)
    ,(#2098,#2099)
    ,(#2100,#2101
)),.UNSPECIFIED.,.F.,.F.,.F.) B_SPLINE_SURFACE_WITH_KNOTS((3,3),(2,2),(
    3.14159265359,4.712388980385),(-1.8,1.8),.PIECEWISE_BEZIER_KNOTS.) 
GEOMETRIC_REPRESENTATION_ITEM() RATIONAL_B_SPLINE_SURFACE((
    (1.,1.)
    ,(0.707106781187,0.707106781187)
,(1.,1.))) REPRESENTATION_ITEM('') SURFACE() );
#2096 = CARTESIAN_POINT('',(1.75,1.7995,14.5000001));
#2097 = CARTESIAN_POINT('',(-1.85,1.7995,14.5000001));
#2098 = CARTESIAN_POINT('',(1.75,1.9995,14.5000001));
#2099 = CARTESIAN_POINT('',(-1.85,1.9995,14.5000001));
#2100 = CARTESIAN_POINT('',(1.75,1.9995,14.3000001));
#2101 = CARTESIAN_POINT('',(-1.85,1.9995,14.3000001));
#2102 = ADVANCED_FACE('',(#2103),#2114,.T.);
#2103 = FACE_BOUND('',#2104,.T.);
#2104 = EDGE_LOOP('',(#2105,#2106,#2107,#2113));
#2105 = ORIENTED_EDGE('',*,*,#524,.F.);
#2106 = ORIENTED_EDGE('',*,*,#1515,.F.);
#2107 = ORIENTED_EDGE('',*,*,#2108,.F.);
#2108 = EDGE_CURVE('',#1454,#1509,#2109,.T.);
#2109 = ( BOUNDED_CURVE() B_SPLINE_CURVE(2,(#2110,#2111,#2112),
.UNSPECIFIED.,.F.,.F.) B_SPLINE_CURVE_WITH_KNOTS((3,3),(1.570796326795,
3.14159265359),.PIECEWISE_BEZIER_KNOTS.) CURVE() 
GEOMETRIC_REPRESENTATION_ITEM() RATIONAL_B_SPLINE_CURVE((1.,
0.707106781187,1.)) REPRESENTATION_ITEM('') );
#2110 = CARTESIAN_POINT('',(1.95,1.7995,14.3000001));
#2111 = CARTESIAN_POINT('',(1.95,1.9995,14.3000001));
#2112 = CARTESIAN_POINT('',(1.75,1.9995,14.3000001));
#2113 = ORIENTED_EDGE('',*,*,#1453,.F.);
#2114 = ( BOUNDED_SURFACE() B_SPLINE_SURFACE(2,1,(
    (#2115,#2116)
    ,(#2117,#2118)
    ,(#2119,#2120
)),.UNSPECIFIED.,.F.,.F.,.F.) B_SPLINE_SURFACE_WITH_KNOTS((3,3),(2,2),(
    0.,1.570796326795),(0.2,2.5),.PIECEWISE_BEZIER_KNOTS.) 
GEOMETRIC_REPRESENTATION_ITEM() RATIONAL_B_SPLINE_SURFACE((
    (1.,1.)
    ,(0.707106781187,0.707106781187)
,(1.,1.))) REPRESENTATION_ITEM('') SURFACE() );
#2115 = CARTESIAN_POINT('',(1.75,1.9995,14.3000001));
#2116 = CARTESIAN_POINT('',(1.75,1.9995,12.0000001));
#2117 = CARTESIAN_POINT('',(1.95,1.9995,14.3000001));
#2118 = CARTESIAN_POINT('',(1.95,1.9995,12.0000001));
#2119 = CARTESIAN_POINT('',(1.95,1.7995,14.3000001));
#2120 = CARTESIAN_POINT('',(1.95,1.7995,12.0000001));
#2121 = ADVANCED_FACE('',(#2122),#2127,.T.);
#2122 = FACE_BOUND('',#2123,.T.);
#2123 = EDGE_LOOP('',(#2124,#2125,#2126));
#2124 = ORIENTED_EDGE('',*,*,#2089,.T.);
#2125 = ORIENTED_EDGE('',*,*,#2065,.T.);
#2126 = ORIENTED_EDGE('',*,*,#146,.F.);
#2127 = ( BOUNDED_SURFACE() B_SPLINE_SURFACE(2,2,(
    (#2128,#2129,#2130)
    ,(#2131,#2132,#2133)
    ,(#2134,#2135,#2136
)),.UNSPECIFIED.,.F.,.F.,.F.) B_SPLINE_SURFACE_WITH_KNOTS((3,3),(3,3),(
    3.14159265359,4.712388980385),(-1.570796326795,0.),
.PIECEWISE_BEZIER_KNOTS.) GEOMETRIC_REPRESENTATION_ITEM() 
RATIONAL_B_SPLINE_SURFACE((
    (1.,0.707106781187,1.)
    ,(0.707106781187,0.5,0.707106781187)
,(1.,0.707106781187,1.))) REPRESENTATION_ITEM('') SURFACE() );
#2128 = CARTESIAN_POINT('',(-2.05,1.7995,14.3000001));
#2129 = CARTESIAN_POINT('',(-2.05,1.9995,14.3000001));
#2130 = CARTESIAN_POINT('',(-1.85,1.9995,14.3000001));
#2131 = CARTESIAN_POINT('',(-2.05,1.7995,14.3000001));
#2132 = CARTESIAN_POINT('',(-2.05,1.9995,14.5000001));
#2133 = CARTESIAN_POINT('',(-1.85,1.9995,14.5000001));
#2134 = CARTESIAN_POINT('',(-2.05,1.7995,14.3000001));
#2135 = CARTESIAN_POINT('',(-2.05,1.7995,14.5000001));
#2136 = CARTESIAN_POINT('',(-1.85,1.7995,14.5000001));
#2137 = ADVANCED_FACE('',(#2138),#2148,.T.);
#2138 = FACE_BOUND('',#2139,.T.);
#2139 = EDGE_LOOP('',(#2140,#2141,#2142));
#2140 = ORIENTED_EDGE('',*,*,#2108,.T.);
#2141 = ORIENTED_EDGE('',*,*,#2082,.T.);
#2142 = ORIENTED_EDGE('',*,*,#2143,.F.);
#2143 = EDGE_CURVE('',#1454,#322,#2144,.T.);
#2144 = ( BOUNDED_CURVE() B_SPLINE_CURVE(2,(#2145,#2146,#2147),
.UNSPECIFIED.,.F.,.F.) B_SPLINE_CURVE_WITH_KNOTS((3,3),(4.712388980385,
6.28318530718),.PIECEWISE_BEZIER_KNOTS.) CURVE() 
GEOMETRIC_REPRESENTATION_ITEM() RATIONAL_B_SPLINE_CURVE((1.,
0.707106781187,1.)) REPRESENTATION_ITEM('') );
#2145 = CARTESIAN_POINT('',(1.95,1.7995,14.3000001));
#2146 = CARTESIAN_POINT('',(1.95,1.7995,14.5000001));
#2147 = CARTESIAN_POINT('',(1.75,1.7995,14.5000001));
#2148 = ( BOUNDED_SURFACE() B_SPLINE_SURFACE(2,2,(
    (#2149,#2150,#2151)
    ,(#2152,#2153,#2154)
    ,(#2155,#2156,#2157
)),.UNSPECIFIED.,.F.,.F.,.F.) B_SPLINE_SURFACE_WITH_KNOTS((3,3),(3,3),(
    3.14159265359,4.712388980385),(0.,1.570796326795),
.PIECEWISE_BEZIER_KNOTS.) GEOMETRIC_REPRESENTATION_ITEM() 
RATIONAL_B_SPLINE_SURFACE((
    (1.,0.707106781187,1.)
    ,(0.707106781187,0.5,0.707106781187)
,(1.,0.707106781187,1.))) REPRESENTATION_ITEM('') SURFACE() );
#2149 = CARTESIAN_POINT('',(1.75,1.9995,14.3000001));
#2150 = CARTESIAN_POINT('',(1.95,1.9995,14.3000001));
#2151 = CARTESIAN_POINT('',(1.95,1.7995,14.3000001));
#2152 = CARTESIAN_POINT('',(1.75,1.9995,14.5000001));
#2153 = CARTESIAN_POINT('',(1.95,1.9995,14.5000001));
#2154 = CARTESIAN_POINT('',(1.95,1.7995,14.3000001));
#2155 = CARTESIAN_POINT('',(1.75,1.7995,14.5000001));
#2156 = CARTESIAN_POINT('',(1.95,1.7995,14.5000001));
#2157 = CARTESIAN_POINT('',(1.95,1.7995,14.3000001));
#2158 = ADVANCED_FACE('',(#2159),#2170,.T.);
#2159 = FACE_BOUND('',#2160,.T.);
#2160 = EDGE_LOOP('',(#2161,#2162,#2163,#2169));
#2161 = ORIENTED_EDGE('',*,*,#474,.F.);
#2162 = ORIENTED_EDGE('',*,*,#1439,.F.);
#2163 = ORIENTED_EDGE('',*,*,#2164,.F.);
#2164 = EDGE_CURVE('',#1529,#1433,#2165,.T.);
#2165 = ( BOUNDED_CURVE() B_SPLINE_CURVE(2,(#2166,#2167,#2168),
.UNSPECIFIED.,.F.,.F.) B_SPLINE_CURVE_WITH_KNOTS((3,3),(4.712388980385,
6.28318530718),.PIECEWISE_BEZIER_KNOTS.) CURVE() 
GEOMETRIC_REPRESENTATION_ITEM() RATIONAL_B_SPLINE_CURVE((1.,
0.707106781187,1.)) REPRESENTATION_ITEM('') );
#2166 = CARTESIAN_POINT('',(-2.05,-1.8005,14.3000001));
#2167 = CARTESIAN_POINT('',(-2.05,-2.0005,14.3000001));
#2168 = CARTESIAN_POINT('',(-1.85,-2.0005,14.3000001));
#2169 = ORIENTED_EDGE('',*,*,#1543,.F.);
#2170 = ( BOUNDED_SURFACE() B_SPLINE_SURFACE(2,1,(
    (#2171,#2172)
    ,(#2173,#2174)
    ,(#2175,#2176
)),.UNSPECIFIED.,.F.,.F.,.F.) B_SPLINE_SURFACE_WITH_KNOTS((3,3),(2,2),(
    3.14159265359,4.712388980385),(0.2,2.5),.PIECEWISE_BEZIER_KNOTS.) 
GEOMETRIC_REPRESENTATION_ITEM() RATIONAL_B_SPLINE_SURFACE((
    (1.,1.)
    ,(0.707106781187,0.707106781187)
,(1.,1.))) REPRESENTATION_ITEM('') SURFACE() );
#2171 = CARTESIAN_POINT('',(-1.85,-2.0005,14.3000001));
#2172 = CARTESIAN_POINT('',(-1.85,-2.0005,12.0000001));
#2173 = CARTESIAN_POINT('',(-2.05,-2.0005,14.3000001));
#2174 = CARTESIAN_POINT('',(-2.05,-2.0005,12.0000001));
#2175 = CARTESIAN_POINT('',(-2.05,-1.8005,14.3000001));
#2176 = CARTESIAN_POINT('',(-2.05,-1.8005,12.0000001));
#2177 = ADVANCED_FACE('',(#2178),#2189,.T.);
#2178 = FACE_BOUND('',#2179,.T.);
#2179 = EDGE_LOOP('',(#2180,#2181,#2182,#2188));
#2180 = ORIENTED_EDGE('',*,*,#1726,.F.);
#2181 = ORIENTED_EDGE('',*,*,#1528,.F.);
#2182 = ORIENTED_EDGE('',*,*,#2183,.F.);
#2183 = EDGE_CURVE('',#308,#1529,#2184,.T.);
#2184 = ( BOUNDED_CURVE() B_SPLINE_CURVE(2,(#2185,#2186,#2187),
.UNSPECIFIED.,.F.,.F.) B_SPLINE_CURVE_WITH_KNOTS((3,3),(3.14159265359,
4.712388980385),.PIECEWISE_BEZIER_KNOTS.) CURVE() 
GEOMETRIC_REPRESENTATION_ITEM() RATIONAL_B_SPLINE_CURVE((1.,
0.707106781187,1.)) REPRESENTATION_ITEM('') );
#2185 = CARTESIAN_POINT('',(-1.85,-1.8005,14.5000001));
#2186 = CARTESIAN_POINT('',(-2.05,-1.8005,14.5000001));
#2187 = CARTESIAN_POINT('',(-2.05,-1.8005,14.3000001));
#2188 = ORIENTED_EDGE('',*,*,#307,.F.);
#2189 = ( BOUNDED_SURFACE() B_SPLINE_SURFACE(2,1,(
    (#2190,#2191)
    ,(#2192,#2193)
    ,(#2194,#2195
)),.UNSPECIFIED.,.F.,.F.,.F.) B_SPLINE_SURFACE_WITH_KNOTS((3,3),(2,2),(
    3.14159265359,4.712388980385),(1.5,1.8),.PIECEWISE_BEZIER_KNOTS.) 
GEOMETRIC_REPRESENTATION_ITEM() RATIONAL_B_SPLINE_SURFACE((
    (1.,1.)
    ,(0.707106781187,0.707106781187)
,(1.,1.))) REPRESENTATION_ITEM('') SURFACE() );
#2190 = CARTESIAN_POINT('',(-1.85,-1.5005,14.5000001));
#2191 = CARTESIAN_POINT('',(-1.85,-1.8005,14.5000001));
#2192 = CARTESIAN_POINT('',(-2.05,-1.5005,14.5000001));
#2193 = CARTESIAN_POINT('',(-2.05,-1.8005,14.5000001));
#2194 = CARTESIAN_POINT('',(-2.05,-1.5005,14.3000001));
#2195 = CARTESIAN_POINT('',(-2.05,-1.8005,14.3000001));
#2196 = ADVANCED_FACE('',(#2197),#2208,.T.);
#2197 = FACE_BOUND('',#2198,.T.);
#2198 = EDGE_LOOP('',(#2199,#2200,#2201,#2207));
#2199 = ORIENTED_EDGE('',*,*,#2143,.T.);
#2200 = ORIENTED_EDGE('',*,*,#321,.F.);
#2201 = ORIENTED_EDGE('',*,*,#2202,.F.);
#2202 = EDGE_CURVE('',#1461,#315,#2203,.T.);
#2203 = ( BOUNDED_CURVE() B_SPLINE_CURVE(2,(#2204,#2205,#2206),
.UNSPECIFIED.,.F.,.F.) B_SPLINE_CURVE_WITH_KNOTS((3,3),(1.570796326795,
3.14159265359),.PIECEWISE_BEZIER_KNOTS.) CURVE() 
GEOMETRIC_REPRESENTATION_ITEM() RATIONAL_B_SPLINE_CURVE((1.,
0.707106781187,1.)) REPRESENTATION_ITEM('') );
#2204 = CARTESIAN_POINT('',(1.95,-1.8005,14.3000001));
#2205 = CARTESIAN_POINT('',(1.95,-1.8005,14.5000001));
#2206 = CARTESIAN_POINT('',(1.75,-1.8005,14.5000001));
#2207 = ORIENTED_EDGE('',*,*,#1460,.F.);
#2208 = ( BOUNDED_SURFACE() B_SPLINE_SURFACE(2,1,(
    (#2209,#2210)
    ,(#2211,#2212)
    ,(#2213,#2214
)),.UNSPECIFIED.,.F.,.F.,.F.) B_SPLINE_SURFACE_WITH_KNOTS((3,3),(2,2),(
    0.,1.570796326795),(-1.8,1.8),.PIECEWISE_BEZIER_KNOTS.) 
GEOMETRIC_REPRESENTATION_ITEM() RATIONAL_B_SPLINE_SURFACE((
    (1.,1.)
    ,(0.707106781187,0.707106781187)
,(1.,1.))) REPRESENTATION_ITEM('') SURFACE() );
#2209 = CARTESIAN_POINT('',(1.75,-1.8005,14.5000001));
#2210 = CARTESIAN_POINT('',(1.75,1.7995,14.5000001));
#2211 = CARTESIAN_POINT('',(1.95,-1.8005,14.5000001));
#2212 = CARTESIAN_POINT('',(1.95,1.7995,14.5000001));
#2213 = CARTESIAN_POINT('',(1.95,-1.8005,14.3000001));
#2214 = CARTESIAN_POINT('',(1.95,1.7995,14.3000001));
#2215 = ADVANCED_FACE('',(#2216),#2227,.T.);
#2216 = FACE_BOUND('',#2217,.T.);
#2217 = EDGE_LOOP('',(#2218,#2219,#2220,#2226));
#2218 = ORIENTED_EDGE('',*,*,#567,.F.);
#2219 = ORIENTED_EDGE('',*,*,#1467,.F.);
#2220 = ORIENTED_EDGE('',*,*,#2221,.F.);
#2221 = EDGE_CURVE('',#1426,#1461,#2222,.T.);
#2222 = ( BOUNDED_CURVE() B_SPLINE_CURVE(2,(#2223,#2224,#2225),
.UNSPECIFIED.,.F.,.F.) B_SPLINE_CURVE_WITH_KNOTS((3,3),(0.,
1.570796326795),.PIECEWISE_BEZIER_KNOTS.) CURVE() 
GEOMETRIC_REPRESENTATION_ITEM() RATIONAL_B_SPLINE_CURVE((1.,
0.707106781187,1.)) REPRESENTATION_ITEM('') );
#2223 = CARTESIAN_POINT('',(1.75,-2.0005,14.3000001));
#2224 = CARTESIAN_POINT('',(1.95,-2.0005,14.3000001));
#2225 = CARTESIAN_POINT('',(1.95,-1.8005,14.3000001));
#2226 = ORIENTED_EDGE('',*,*,#1425,.F.);
#2227 = ( BOUNDED_SURFACE() B_SPLINE_SURFACE(2,1,(
    (#2228,#2229)
    ,(#2230,#2231)
    ,(#2232,#2233
)),.UNSPECIFIED.,.F.,.F.,.F.) B_SPLINE_SURFACE_WITH_KNOTS((3,3),(2,2),(
    1.570796326795,3.14159265359),(0.2,2.5),.PIECEWISE_BEZIER_KNOTS.) 
GEOMETRIC_REPRESENTATION_ITEM() RATIONAL_B_SPLINE_SURFACE((
    (1.,1.)
    ,(0.707106781187,0.707106781187)
,(1.,1.))) REPRESENTATION_ITEM('') SURFACE() );
#2228 = CARTESIAN_POINT('',(1.95,-1.8005,14.3000001));
#2229 = CARTESIAN_POINT('',(1.95,-1.8005,12.0000001));
#2230 = CARTESIAN_POINT('',(1.95,-2.0005,14.3000001));
#2231 = CARTESIAN_POINT('',(1.95,-2.0005,12.0000001));
#2232 = CARTESIAN_POINT('',(1.75,-2.0005,14.3000001));
#2233 = CARTESIAN_POINT('',(1.75,-2.0005,12.0000001));
#2234 = ADVANCED_FACE('',(#2235),#2245,.T.);
#2235 = FACE_BOUND('',#2236,.T.);
#2236 = EDGE_LOOP('',(#2237,#2238,#2239));
#2237 = ORIENTED_EDGE('',*,*,#2183,.T.);
#2238 = ORIENTED_EDGE('',*,*,#2164,.T.);
#2239 = ORIENTED_EDGE('',*,*,#2240,.F.);
#2240 = EDGE_CURVE('',#308,#1433,#2241,.T.);
#2241 = ( BOUNDED_CURVE() B_SPLINE_CURVE(2,(#2242,#2243,#2244),
.UNSPECIFIED.,.F.,.F.) B_SPLINE_CURVE_WITH_KNOTS((3,3),(3.14159265359,
4.712388980385),.PIECEWISE_BEZIER_KNOTS.) CURVE() 
GEOMETRIC_REPRESENTATION_ITEM() RATIONAL_B_SPLINE_CURVE((1.,
0.707106781187,1.)) REPRESENTATION_ITEM('') );
#2242 = CARTESIAN_POINT('',(-1.85,-1.8005,14.5000001));
#2243 = CARTESIAN_POINT('',(-1.85,-2.0005,14.5000001));
#2244 = CARTESIAN_POINT('',(-1.85,-2.0005,14.3000001));
#2245 = ( BOUNDED_SURFACE() B_SPLINE_SURFACE(2,2,(
    (#2246,#2247,#2248)
    ,(#2249,#2250,#2251)
    ,(#2252,#2253,#2254
)),.UNSPECIFIED.,.F.,.F.,.F.) B_SPLINE_SURFACE_WITH_KNOTS((3,3),(3,3),(
    4.712388980385,6.28318530718),(-1.570796326795,1.998401444325E-15),
.PIECEWISE_BEZIER_KNOTS.) GEOMETRIC_REPRESENTATION_ITEM() 
RATIONAL_B_SPLINE_SURFACE((
    (1.,0.707106781187,1.)
    ,(0.707106781187,0.5,0.707106781187)
,(1.,0.707106781187,1.))) REPRESENTATION_ITEM('') SURFACE() );
#2246 = CARTESIAN_POINT('',(-2.05,-1.8005,14.3000001));
#2247 = CARTESIAN_POINT('',(-2.05,-1.8005,14.5000001));
#2248 = CARTESIAN_POINT('',(-1.85,-1.8005,14.5000001));
#2249 = CARTESIAN_POINT('',(-2.05,-1.8005,14.3000001));
#2250 = CARTESIAN_POINT('',(-2.05,-2.0005,14.5000001));
#2251 = CARTESIAN_POINT('',(-1.85,-2.0005,14.5000001));
#2252 = CARTESIAN_POINT('',(-2.05,-1.8005,14.3000001));
#2253 = CARTESIAN_POINT('',(-2.05,-2.0005,14.3000001));
#2254 = CARTESIAN_POINT('',(-1.85,-2.0005,14.3000001));
#2255 = ADVANCED_FACE('',(#2256),#2266,.T.);
#2256 = FACE_BOUND('',#2257,.T.);
#2257 = EDGE_LOOP('',(#2258,#2259,#2260));
#2258 = ORIENTED_EDGE('',*,*,#2221,.T.);
#2259 = ORIENTED_EDGE('',*,*,#2202,.T.);
#2260 = ORIENTED_EDGE('',*,*,#2261,.F.);
#2261 = EDGE_CURVE('',#1426,#315,#2262,.T.);
#2262 = ( BOUNDED_CURVE() B_SPLINE_CURVE(2,(#2263,#2264,#2265),
.UNSPECIFIED.,.F.,.F.) B_SPLINE_CURVE_WITH_KNOTS((3,3),(4.712388980385,
6.28318530718),.PIECEWISE_BEZIER_KNOTS.) CURVE() 
GEOMETRIC_REPRESENTATION_ITEM() RATIONAL_B_SPLINE_CURVE((1.,
0.707106781187,1.)) REPRESENTATION_ITEM('') );
#2263 = CARTESIAN_POINT('',(1.75,-2.0005,14.3000001));
#2264 = CARTESIAN_POINT('',(1.75,-2.0005,14.5000001));
#2265 = CARTESIAN_POINT('',(1.75,-1.8005,14.5000001));
#2266 = ( BOUNDED_SURFACE() B_SPLINE_SURFACE(2,2,(
    (#2267,#2268,#2269)
    ,(#2270,#2271,#2272)
    ,(#2273,#2274,#2275
)),.UNSPECIFIED.,.F.,.F.,.F.) B_SPLINE_SURFACE_WITH_KNOTS((3,3),(3,3),(
    4.712388980385,6.28318530718),(-8.881784197001E-16,1.570796326795),
.PIECEWISE_BEZIER_KNOTS.) GEOMETRIC_REPRESENTATION_ITEM() 
RATIONAL_B_SPLINE_SURFACE((
    (1.,0.707106781187,1.)
    ,(0.707106781187,0.5,0.707106781187)
,(1.,0.707106781187,1.))) REPRESENTATION_ITEM('') SURFACE() );
#2267 = CARTESIAN_POINT('',(1.75,-1.8005,14.5000001));
#2268 = CARTESIAN_POINT('',(1.95,-1.8005,14.5000001));
#2269 = CARTESIAN_POINT('',(1.95,-1.8005,14.3000001));
#2270 = CARTESIAN_POINT('',(1.75,-2.0005,14.5000001));
#2271 = CARTESIAN_POINT('',(1.95,-2.0005,14.5000001));
#2272 = CARTESIAN_POINT('',(1.95,-1.8005,14.3000001));
#2273 = CARTESIAN_POINT('',(1.75,-2.0005,14.3000001));
#2274 = CARTESIAN_POINT('',(1.95,-2.0005,14.3000001));
#2275 = CARTESIAN_POINT('',(1.95,-1.8005,14.3000001));
#2276 = ADVANCED_FACE('',(#2277),#2283,.T.);
#2277 = FACE_BOUND('',#2278,.T.);
#2278 = EDGE_LOOP('',(#2279,#2280,#2281,#2282));
#2279 = ORIENTED_EDGE('',*,*,#2240,.T.);
#2280 = ORIENTED_EDGE('',*,*,#1432,.F.);
#2281 = ORIENTED_EDGE('',*,*,#2261,.T.);
#2282 = ORIENTED_EDGE('',*,*,#314,.F.);
#2283 = ( BOUNDED_SURFACE() B_SPLINE_SURFACE(2,1,(
    (#2284,#2285)
    ,(#2286,#2287)
    ,(#2288,#2289
)),.UNSPECIFIED.,.F.,.F.,.F.) B_SPLINE_SURFACE_WITH_KNOTS((3,3),(2,2),(
    0.,1.570796326795),(-1.8,1.8),.PIECEWISE_BEZIER_KNOTS.) 
GEOMETRIC_REPRESENTATION_ITEM() RATIONAL_B_SPLINE_SURFACE((
    (1.,1.)
    ,(0.707106781187,0.707106781187)
,(1.,1.))) REPRESENTATION_ITEM('') SURFACE() );
#2284 = CARTESIAN_POINT('',(-1.85,-1.8005,14.5000001));
#2285 = CARTESIAN_POINT('',(1.75,-1.8005,14.5000001));
#2286 = CARTESIAN_POINT('',(-1.85,-2.0005,14.5000001));
#2287 = CARTESIAN_POINT('',(1.75,-2.0005,14.5000001));
#2288 = CARTESIAN_POINT('',(-1.85,-2.0005,14.3000001));
#2289 = CARTESIAN_POINT('',(1.75,-2.0005,14.3000001));
#2290 = ADVANCED_FACE('',(#2291),#2300,.F.);
#2291 = FACE_BOUND('',#2292,.T.);
#2292 = EDGE_LOOP('',(#2293,#2299));
#2293 = ORIENTED_EDGE('',*,*,#2294,.F.);
#2294 = EDGE_CURVE('',#1313,#1315,#2295,.T.);
#2295 = ( BOUNDED_CURVE() B_SPLINE_CURVE(2,(#2296,#2297,#2298),
.UNSPECIFIED.,.F.,.F.) B_SPLINE_CURVE_WITH_KNOTS((3,3),(3.584503697663,
5.840274263106),.PIECEWISE_BEZIER_KNOTS.) CURVE() 
GEOMETRIC_REPRESENTATION_ITEM() RATIONAL_B_SPLINE_CURVE((1.,
0.428571428571,1.)) REPRESENTATION_ITEM('') );
#2296 = CARTESIAN_POINT('',(3.8,0.315727766017,4.0000001));
#2297 = CARTESIAN_POINT('',(3.133333333333,-5.000000000065E-04,4.0000001
    ));
#2298 = CARTESIAN_POINT('',(3.8,-0.316727766017,4.0000001));
#2299 = ORIENTED_EDGE('',*,*,#1312,.T.);
#2300 = B_SPLINE_SURFACE_WITH_KNOTS('',1,1,(
    (#2301,#2302)
    ,(#2303,#2304
    )),.UNSPECIFIED.,.F.,.F.,.F.,(2,2),(2,2),(-0.316227766017,
    0.316227766017),(-0.35,-0.15),.PIECEWISE_BEZIER_KNOTS.);
#2301 = CARTESIAN_POINT('',(3.6,0.315727766017,4.0000001));
#2302 = CARTESIAN_POINT('',(3.8,0.315727766017,4.0000001));
#2303 = CARTESIAN_POINT('',(3.6,-0.316727766017,4.0000001));
#2304 = CARTESIAN_POINT('',(3.8,-0.316727766017,4.0000001));
#2305 = ADVANCED_FACE('',(#2306),#2312,.T.);
#2306 = FACE_BOUND('',#2307,.T.);
#2307 = EDGE_LOOP('',(#2308,#2309,#2310,#2311));
#2308 = ORIENTED_EDGE('',*,*,#1321,.F.);
#2309 = ORIENTED_EDGE('',*,*,#2294,.T.);
#2310 = ORIENTED_EDGE('',*,*,#1355,.F.);
#2311 = ORIENTED_EDGE('',*,*,#897,.T.);
#2312 = ( BOUNDED_SURFACE() B_SPLINE_SURFACE(2,1,(
    (#2313,#2314)
    ,(#2315,#2316)
    ,(#2317,#2318
)),.UNSPECIFIED.,.F.,.F.,.F.) B_SPLINE_SURFACE_WITH_KNOTS((3,3),(2,2),(
    3.584503697663,5.840274263106),(0.,4.),.PIECEWISE_BEZIER_KNOTS.) 
GEOMETRIC_REPRESENTATION_ITEM() RATIONAL_B_SPLINE_SURFACE((
    (1.,1.)
    ,(0.428571428571,0.428571428571)
,(1.,1.))) REPRESENTATION_ITEM('') SURFACE() );
#2313 = CARTESIAN_POINT('',(3.8,0.315727766017,4.0000001));
#2314 = CARTESIAN_POINT('',(3.8,0.315727766017,8.0000001));
#2315 = CARTESIAN_POINT('',(3.133333333333,-5.000000000065E-04,4.0000001
    ));
#2316 = CARTESIAN_POINT('',(3.133333333333,-5.000000000065E-04,8.0000001
    ));
#2317 = CARTESIAN_POINT('',(3.8,-0.316727766017,4.0000001));
#2318 = CARTESIAN_POINT('',(3.8,-0.316727766017,8.0000001));
#2319 = ADVANCED_FACE('',(#2320),#2338,.T.);
#2320 = FACE_BOUND('',#2321,.T.);
#2321 = EDGE_LOOP('',(#2322,#2323,#2324,#2330,#2331,#2332));
#2322 = ORIENTED_EDGE('',*,*,#263,.F.);
#2323 = ORIENTED_EDGE('',*,*,#76,.T.);
#2324 = ORIENTED_EDGE('',*,*,#2325,.T.);
#2325 = EDGE_CURVE('',#69,#250,#2326,.T.);
#2326 = ( BOUNDED_CURVE() B_SPLINE_CURVE(2,(#2327,#2328,#2329),
.UNSPECIFIED.,.F.,.F.) B_SPLINE_CURVE_WITH_KNOTS((3,3),(1.570796326795,
2.345989700105),.PIECEWISE_BEZIER_KNOTS.) CURVE() 
GEOMETRIC_REPRESENTATION_ITEM() RATIONAL_B_SPLINE_CURVE((1.,
0.925820099773,1.)) REPRESENTATION_ITEM('') );
#2327 = CARTESIAN_POINT('',(4.3,-5.000000000114E-04,4.244949074278));
#2328 = CARTESIAN_POINT('',(4.3,0.142386901662,4.244949074278));
#2329 = CARTESIAN_POINT('',(4.2,0.244448974278,4.244949074278));
#2330 = ORIENTED_EDGE('',*,*,#249,.F.);
#2331 = ORIENTED_EDGE('',*,*,#39,.T.);
#2332 = ORIENTED_EDGE('',*,*,#2333,.T.);
#2333 = EDGE_CURVE('',#32,#264,#2334,.T.);
#2334 = ( BOUNDED_CURVE() B_SPLINE_CURVE(2,(#2335,#2336,#2337),
.UNSPECIFIED.,.F.,.F.) B_SPLINE_CURVE_WITH_KNOTS((3,3),(4.712388980385,
5.487582353695),.PIECEWISE_BEZIER_KNOTS.) CURVE() 
GEOMETRIC_REPRESENTATION_ITEM() RATIONAL_B_SPLINE_CURVE((1.,
0.925820099773,1.)) REPRESENTATION_ITEM('') );
#2335 = CARTESIAN_POINT('',(4.3,-5.000000000113E-04,11.255051125722));
#2336 = CARTESIAN_POINT('',(4.3,-0.143386901662,11.255051125722));
#2337 = CARTESIAN_POINT('',(4.2,-0.245448974278,11.255051125722));
#2338 = ( BOUNDED_SURFACE() B_SPLINE_SURFACE(2,1,(
    (#2339,#2340)
    ,(#2341,#2342)
    ,(#2343,#2344
)),.UNSPECIFIED.,.F.,.F.,.F.) B_SPLINE_SURFACE_WITH_KNOTS((3,3),(2,2),(
    0.795602953485,2.345989700105),(0.244948974273,7.255051025722),
.PIECEWISE_BEZIER_KNOTS.) GEOMETRIC_REPRESENTATION_ITEM() 
RATIONAL_B_SPLINE_SURFACE((
    (1.,1.)
    ,(0.714285714286,0.714285714286)
,(1.,1.))) REPRESENTATION_ITEM('') SURFACE() );
#2339 = CARTESIAN_POINT('',(4.2,-0.245448974278,4.244949074273));
#2340 = CARTESIAN_POINT('',(4.2,-0.245448974278,11.255051125722));
#2341 = CARTESIAN_POINT('',(4.44,-5.000000000116E-04,4.244949074273));
#2342 = CARTESIAN_POINT('',(4.44,-5.000000000116E-04,11.255051125722));
#2343 = CARTESIAN_POINT('',(4.2,0.244448974278,4.244949074273));
#2344 = CARTESIAN_POINT('',(4.2,0.244448974278,11.255051125722));
#2345 = ADVANCED_FACE('',(#2346),#2351,.T.);
#2346 = FACE_BOUND('',#2347,.T.);
#2347 = EDGE_LOOP('',(#2348,#2349,#2350));
#2348 = ORIENTED_EDGE('',*,*,#68,.F.);
#2349 = ORIENTED_EDGE('',*,*,#256,.F.);
#2350 = ORIENTED_EDGE('',*,*,#2325,.F.);
#2351 = ( BOUNDED_SURFACE() B_SPLINE_SURFACE(2,2,(
    (#2352,#2353,#2354)
    ,(#2355,#2356,#2357)
    ,(#2358,#2359,#2360
)),.UNSPECIFIED.,.F.,.F.,.F.) B_SPLINE_SURFACE_WITH_KNOTS((3,3),(3,3),(
    1.570796326795,2.345989700105),(-0.775200993522,2.22044604925E-16),
.PIECEWISE_BEZIER_KNOTS.) GEOMETRIC_REPRESENTATION_ITEM() 
RATIONAL_B_SPLINE_SURFACE((
    (1.,0.925818659681,1.)
    ,(0.925820099773,0.857141523877,0.925820099773)
,(1.,0.925818659681,1.))) REPRESENTATION_ITEM('') SURFACE() );
#2352 = CARTESIAN_POINT('',(4.128570095307,0.244450879324,4.069986827549
    ));
#2353 = CARTESIAN_POINT('',(4.2,0.142388457458,4.0000001));
#2354 = CARTESIAN_POINT('',(4.2,-5.000000000111E-04,4.0000001));
#2355 = CARTESIAN_POINT('',(4.19999813343,0.244450879324,4.142887763687)
  );
#2356 = CARTESIAN_POINT('',(4.3,0.142388457458,4.102062172616));
#2357 = CARTESIAN_POINT('',(4.3,-5.000000000115E-04,4.102062172616));
#2358 = CARTESIAN_POINT('',(4.19999813343,0.244450879324,4.244949074278)
  );
#2359 = CARTESIAN_POINT('',(4.3,0.142388457458,4.244949074278));
#2360 = CARTESIAN_POINT('',(4.3,-5.000000000115E-04,4.244949074278));
#2361 = ADVANCED_FACE('',(#2362),#2367,.T.);
#2362 = FACE_BOUND('',#2363,.T.);
#2363 = EDGE_LOOP('',(#2364,#2365,#2366));
#2364 = ORIENTED_EDGE('',*,*,#31,.F.);
#2365 = ORIENTED_EDGE('',*,*,#270,.F.);
#2366 = ORIENTED_EDGE('',*,*,#2333,.F.);
#2367 = ( BOUNDED_SURFACE() B_SPLINE_SURFACE(2,2,(
    (#2368,#2369,#2370)
    ,(#2371,#2372,#2373)
    ,(#2374,#2375,#2376
)),.UNSPECIFIED.,.F.,.F.,.F.) B_SPLINE_SURFACE_WITH_KNOTS((3,3),(3,3),(
    0.795602953485,1.570796326795),(-2.975836896927E-30,0.775200993523),
.PIECEWISE_BEZIER_KNOTS.) GEOMETRIC_REPRESENTATION_ITEM() 
RATIONAL_B_SPLINE_SURFACE((
    (1.,0.925818659681,1.)
    ,(0.925820099773,0.857141523877,0.925820099773)
,(1.,0.925818659681,1.))) REPRESENTATION_ITEM('') SURFACE() );
#2368 = CARTESIAN_POINT('',(4.3,-5.000000000114E-04,11.255051125722));
#2369 = CARTESIAN_POINT('',(4.3,-0.143388457458,11.255051125722));
#2370 = CARTESIAN_POINT('',(4.19999813343,-0.245450879324,
    11.255051125722));
#2371 = CARTESIAN_POINT('',(4.3,-5.000000000114E-04,11.397938027384));
#2372 = CARTESIAN_POINT('',(4.3,-0.143388457458,11.397938027384));
#2373 = CARTESIAN_POINT('',(4.19999813343,-0.245450879324,
    11.357112436313));
#2374 = CARTESIAN_POINT('',(4.2,-5.00000000011E-04,11.5000001));
#2375 = CARTESIAN_POINT('',(4.2,-0.143388457458,11.5000001));
#2376 = CARTESIAN_POINT('',(4.128570095307,-0.245450879324,
    11.43001337245));
#2377 = MANIFOLD_SOLID_BREP('',#2378);
#2378 = CLOSED_SHELL('',(#2379,#3784,#3820,#3848,#3870,#3892,#3908,#4180
    ,#4208,#4258,#4394,#4442,#4462,#4504,#4552,#4578,#4606,#4642,#4684,
    #4698,#4712,#4730,#4746,#4760,#4776,#4796,#4808,#4824,#4835,#4847,
    #4863,#4874,#4890,#4902,#4918,#4929,#4949,#4961,#4977,#4988,#5016,
    #5038,#5060,#5076,#5088,#5116,#5138,#5160,#5176,#5188,#5216,#5238,
    #5260,#5276,#5288,#5316,#5338,#5360,#5376,#5388,#5416,#5438,#5460,
    #5476,#5488,#5516,#5538,#5560,#5582,#5604,#5620,#5634,#5668,#5690,
    #5718,#5746,#5774,#5802,#5830,#5858,#5880,#5908,#5936,#5964,#5992,
    #6014,#6036,#6064,#6086,#6108,#6130,#6152,#6174,#6196,#6218,#6240,
    #6262,#6284,#6300,#6320,#6444,#6464,#6484,#6504,#6524,#6544,#6560,
    #6572,#6600,#6622,#6644,#6672,#6700,#6728,#6750,#6765,#6877,#6897,
    #6913,#6929,#6945,#6961,#6977,#6993,#7005,#7033,#7055,#7083,#7105,
    #7133,#7149,#7163,#7191,#7213,#7235,#7257,#7279,#7301,#7323,#7345,
    #7367,#7389,#7411,#7427,#7447,#7639,#7663,#7679,#7699,#7719,#7735,
    #7755,#7775,#7795,#7815,#7831,#7847,#7863,#7879,#7895,#7929,#7957,
    #7985,#8013,#8041,#8069,#8091,#8107,#8123,#8157,#8179,#8207,#8235,
    #8263,#8291,#8319,#8347,#8375,#8403,#8431,#8459,#8481,#8509,#8537,
    #8565,#8593,#8621,#8649,#8677,#8699,#8728,#8756,#8778,#8806,#8828,
    #8850,#8872,#8894,#8916,#8938,#8966,#8994,#9016,#9044,#9072,#9088,
    #9111,#9139,#9161,#9183,#9205,#9227,#9249,#9271,#9293,#9315,#9337,
    #9359,#9375,#9395,#9519,#9539,#9559,#9579,#9599,#9619,#9635,#9647,
    #9675,#9697,#9719,#9747,#9775,#9803,#9825,#9840,#9952,#9972,#9988,
    #10004,#10020,#10036,#10052,#10068,#10080,#10108,#10130,#10158,
    #10180,#10208,#10224,#10238,#10558,#10582,#10602,#10622,#10642,
    #10662,#10682,#10702,#10722,#10742,#10762,#10782,#10802,#10818,
    #10834,#10850,#10866,#10886,#10906,#10926,#10946,#10966,#10986,
    #11006,#11022,#11042,#11062,#11078,#11098,#11118,#11138,#11154,
    #11174,#11190,#11233,#11261));
#2379 = ADVANCED_FACE('',(#2380,#2438,#2524,#2641,#2828,#2944,#3003,
    #3033,#3077,#3201,#3287,#3345,#3431,#3490),#3779,.T.);
#2380 = FACE_BOUND('',#2381,.T.);
#2381 = EDGE_LOOP('',(#2382,#2391,#2398,#2405,#2412,#2419,#2426,#2433));
#2382 = ORIENTED_EDGE('',*,*,#2383,.F.);
#2383 = EDGE_CURVE('',#2384,#2386,#2388,.T.);
#2384 = VERTEX_POINT('',#2385);
#2385 = CARTESIAN_POINT('',(-0.983652139504,4.2495,5.609611375078));
#2386 = VERTEX_POINT('',#2387);
#2387 = CARTESIAN_POINT('',(-0.955579381805,4.2495,5.609810477094));
#2388 = B_SPLINE_CURVE_WITH_KNOTS('',1,(#2389,#2390),.UNSPECIFIED.,.F.,
  .F.,(2,2),(-2.807346374184E-02,0.),.PIECEWISE_BEZIER_KNOTS.);
#2389 = CARTESIAN_POINT('',(-0.983652139504,4.2495,5.609611375078));
#2390 = CARTESIAN_POINT('',(-0.955579381805,4.2495,5.609810477094));
#2391 = ORIENTED_EDGE('',*,*,#2392,.F.);
#2392 = EDGE_CURVE('',#2393,#2384,#2395,.T.);
#2393 = VERTEX_POINT('',#2394);
#2394 = CARTESIAN_POINT('',(-1.05966977262,4.2495,5.40569046745));
#2395 = B_SPLINE_CURVE_WITH_KNOTS('',1,(#2396,#2397),.UNSPECIFIED.,.F.,
  .F.,(2,2),(-0.217629081495,0.),.PIECEWISE_BEZIER_KNOTS.);
#2396 = CARTESIAN_POINT('',(-1.05966977262,4.2495,5.40569046745));
#2397 = CARTESIAN_POINT('',(-0.983652139504,4.2495,5.609611375078));
#2398 = ORIENTED_EDGE('',*,*,#2399,.F.);
#2399 = EDGE_CURVE('',#2400,#2393,#2402,.T.);
#2400 = VERTEX_POINT('',#2401);
#2401 = CARTESIAN_POINT('',(-1.030661256333,4.2495,5.4058962062));
#2402 = B_SPLINE_CURVE_WITH_KNOTS('',1,(#2403,#2404),.UNSPECIFIED.,.F.,
  .F.,(2,2),(-2.900924586407E-02,-0.),.PIECEWISE_BEZIER_KNOTS.);
#2403 = CARTESIAN_POINT('',(-1.030661256333,4.2495,5.4058962062));
#2404 = CARTESIAN_POINT('',(-1.05966977262,4.2495,5.40569046745));
#2405 = ORIENTED_EDGE('',*,*,#2406,.F.);
#2406 = EDGE_CURVE('',#2407,#2400,#2409,.T.);
#2407 = VERTEX_POINT('',#2408);
#2408 = CARTESIAN_POINT('',(-1.010313124546,4.2495,5.461668969979));
#2409 = B_SPLINE_CURVE_WITH_KNOTS('',1,(#2410,#2411),.UNSPECIFIED.,.F.,
  .F.,(2,2),(-5.936874301202E-02,-4.171906181846E-16),
  .PIECEWISE_BEZIER_KNOTS.);
#2410 = CARTESIAN_POINT('',(-1.010313124546,4.2495,5.461668969979));
#2411 = CARTESIAN_POINT('',(-1.030661256333,4.2495,5.4058962062));
#2412 = ORIENTED_EDGE('',*,*,#2413,.F.);
#2413 = EDGE_CURVE('',#2414,#2407,#2416,.T.);
#2414 = VERTEX_POINT('',#2415);
#2415 = CARTESIAN_POINT('',(-0.925626972156,4.2495,5.462269594395));
#2416 = B_SPLINE_CURVE_WITH_KNOTS('',1,(#2417,#2418),.UNSPECIFIED.,.F.,
  .F.,(2,2),(-8.468828228455E-02,-0.),.PIECEWISE_BEZIER_KNOTS.);
#2417 = CARTESIAN_POINT('',(-0.925626972156,4.2495,5.462269594395));
#2418 = CARTESIAN_POINT('',(-1.010313124546,4.2495,5.461668969979));
#2419 = ORIENTED_EDGE('',*,*,#2420,.F.);
#2420 = EDGE_CURVE('',#2421,#2414,#2423,.T.);
#2421 = VERTEX_POINT('',#2422);
#2422 = CARTESIAN_POINT('',(-0.905685497986,4.2495,5.40678257888));
#2423 = B_SPLINE_CURVE_WITH_KNOTS('',1,(#2424,#2425),.UNSPECIFIED.,.F.,
  .F.,(2,2),(-5.896160855076E-02,0.),.PIECEWISE_BEZIER_KNOTS.);
#2424 = CARTESIAN_POINT('',(-0.905685497986,4.2495,5.40678257888));
#2425 = CARTESIAN_POINT('',(-0.925626972156,4.2495,5.462269594395));
#2426 = ORIENTED_EDGE('',*,*,#2427,.F.);
#2427 = EDGE_CURVE('',#2428,#2421,#2430,.T.);
#2428 = VERTEX_POINT('',#2429);
#2429 = CARTESIAN_POINT('',(-0.876676981697,4.2495,5.40698831763));
#2430 = B_SPLINE_CURVE_WITH_KNOTS('',1,(#2431,#2432),.UNSPECIFIED.,.F.,
  .F.,(2,2),(-2.900924586545E-02,-0.),.PIECEWISE_BEZIER_KNOTS.);
#2431 = CARTESIAN_POINT('',(-0.876676981697,4.2495,5.40698831763));
#2432 = CARTESIAN_POINT('',(-0.905685497986,4.2495,5.40678257888));
#2433 = ORIENTED_EDGE('',*,*,#2434,.F.);
#2434 = EDGE_CURVE('',#2386,#2428,#2435,.T.);
#2435 = B_SPLINE_CURVE_WITH_KNOTS('',1,(#2436,#2437),.UNSPECIFIED.,.F.,
  .F.,(2,2),(-0.217629081496,0.),.PIECEWISE_BEZIER_KNOTS.);
#2436 = CARTESIAN_POINT('',(-0.955579381805,4.2495,5.609810477094));
#2437 = CARTESIAN_POINT('',(-0.876676981697,4.2495,5.40698831763));
#2438 = FACE_BOUND('',#2439,.T.);
#2439 = EDGE_LOOP('',(#2440,#2449,#2456,#2463,#2470,#2477,#2484,#2491,
    #2498,#2505,#2512,#2519));
#2440 = ORIENTED_EDGE('',*,*,#2441,.F.);
#2441 = EDGE_CURVE('',#2442,#2444,#2446,.T.);
#2442 = VERTEX_POINT('',#2443);
#2443 = CARTESIAN_POINT('',(-0.661564962942,4.2495,5.431701153523));
#2444 = VERTEX_POINT('',#2445);
#2445 = CARTESIAN_POINT('',(-0.578438408203,4.2495,5.432290716716));
#2446 = B_SPLINE_CURVE_WITH_KNOTS('',1,(#2447,#2448),.UNSPECIFIED.,.F.,
  .F.,(2,2),(-8.312864540908E-02,0.),.PIECEWISE_BEZIER_KNOTS.);
#2447 = CARTESIAN_POINT('',(-0.661564962942,4.2495,5.431701153523));
#2448 = CARTESIAN_POINT('',(-0.578438408203,4.2495,5.432290716716));
#2449 = ORIENTED_EDGE('',*,*,#2450,.F.);
#2450 = EDGE_CURVE('',#2451,#2442,#2453,.T.);
#2451 = VERTEX_POINT('',#2452);
#2452 = CARTESIAN_POINT('',(-0.661400519425,4.2495,5.408515135128));
#2453 = B_SPLINE_CURVE_WITH_KNOTS('',1,(#2454,#2455),.UNSPECIFIED.,.F.,
  .F.,(2,2),(-2.318660153379E-02,0.),.PIECEWISE_BEZIER_KNOTS.);
#2454 = CARTESIAN_POINT('',(-0.661400519425,4.2495,5.408515135128));
#2455 = CARTESIAN_POINT('',(-0.661564962942,4.2495,5.431701153523));
#2456 = ORIENTED_EDGE('',*,*,#2457,.F.);
#2457 = EDGE_CURVE('',#2458,#2451,#2460,.T.);
#2458 = VERTEX_POINT('',#2459);
#2459 = CARTESIAN_POINT('',(-0.552020737578,4.2495,5.409290895577));
#2460 = B_SPLINE_CURVE_WITH_KNOTS('',1,(#2461,#2462),.UNSPECIFIED.,.F.,
  .F.,(2,2),(-0.109382532797,-0.),.PIECEWISE_BEZIER_KNOTS.);
#2461 = CARTESIAN_POINT('',(-0.552020737578,4.2495,5.409290895577));
#2462 = CARTESIAN_POINT('',(-0.661400519425,4.2495,5.408515135128));
#2463 = ORIENTED_EDGE('',*,*,#2464,.F.);
#2464 = EDGE_CURVE('',#2465,#2458,#2467,.T.);
#2465 = VERTEX_POINT('',#2466);
#2466 = CARTESIAN_POINT('',(-0.553463121074,4.2495,5.612662429123));
#2467 = B_SPLINE_CURVE_WITH_KNOTS('',1,(#2468,#2469),.UNSPECIFIED.,.F.,
  .F.,(2,2),(-0.203376648431,-1.574779975303E-18),
  .PIECEWISE_BEZIER_KNOTS.);
#2468 = CARTESIAN_POINT('',(-0.553463121074,4.2495,5.612662429123));
#2469 = CARTESIAN_POINT('',(-0.552020737578,4.2495,5.409290895577));
#2470 = ORIENTED_EDGE('',*,*,#2471,.F.);
#2471 = EDGE_CURVE('',#2472,#2465,#2474,.T.);
#2472 = VERTEX_POINT('',#2473);
#2473 = CARTESIAN_POINT('',(-0.658216096558,4.2495,5.611919483637));
#2474 = B_SPLINE_CURVE_WITH_KNOTS('',1,(#2475,#2476),.UNSPECIFIED.,.F.,
  .F.,(2,2),(-0.104755610069,0.),.PIECEWISE_BEZIER_KNOTS.);
#2475 = CARTESIAN_POINT('',(-0.658216096558,4.2495,5.611919483637));
#2476 = CARTESIAN_POINT('',(-0.553463121074,4.2495,5.612662429123));
#2477 = ORIENTED_EDGE('',*,*,#2478,.F.);
#2478 = EDGE_CURVE('',#2479,#2472,#2481,.T.);
#2479 = VERTEX_POINT('',#2480);
#2480 = CARTESIAN_POINT('',(-0.658050178212,4.2495,5.588525518889));
#2481 = B_SPLINE_CURVE_WITH_KNOTS('',1,(#2482,#2483),.UNSPECIFIED.,.F.,
  .F.,(2,2),(-2.339455311681E-02,0.),.PIECEWISE_BEZIER_KNOTS.);
#2482 = CARTESIAN_POINT('',(-0.658050178212,4.2495,5.588525518889));
#2483 = CARTESIAN_POINT('',(-0.658216096558,4.2495,5.611919483637));
#2484 = ORIENTED_EDGE('',*,*,#2485,.F.);
#2485 = EDGE_CURVE('',#2486,#2479,#2488,.T.);
#2486 = VERTEX_POINT('',#2487);
#2487 = CARTESIAN_POINT('',(-0.579550429834,4.2495,5.589082267119));
#2488 = B_SPLINE_CURVE_WITH_KNOTS('',1,(#2489,#2490),.UNSPECIFIED.,.F.,
  .F.,(2,2),(-7.850172268119E-02,-0.),.PIECEWISE_BEZIER_KNOTS.);
#2489 = CARTESIAN_POINT('',(-0.579550429834,4.2495,5.589082267119));
#2490 = CARTESIAN_POINT('',(-0.658050178212,4.2495,5.588525518889));
#2491 = ORIENTED_EDGE('',*,*,#2492,.F.);
#2492 = EDGE_CURVE('',#2493,#2486,#2495,.T.);
#2493 = VERTEX_POINT('',#2494);
#2494 = CARTESIAN_POINT('',(-0.579088808122,4.2495,5.523995058529));
#2495 = B_SPLINE_CURVE_WITH_KNOTS('',1,(#2496,#2497),.UNSPECIFIED.,.F.,
  .F.,(2,2),(-6.508884556213E-02,0.),.PIECEWISE_BEZIER_KNOTS.);
#2496 = CARTESIAN_POINT('',(-0.579088808122,4.2495,5.523995058529));
#2497 = CARTESIAN_POINT('',(-0.579550429834,4.2495,5.589082267119));
#2498 = ORIENTED_EDGE('',*,*,#2499,.F.);
#2499 = EDGE_CURVE('',#2500,#2493,#2502,.T.);
#2500 = VERTEX_POINT('',#2501);
#2501 = CARTESIAN_POINT('',(-0.651818045195,4.2495,5.523479236824));
#2502 = B_SPLINE_CURVE_WITH_KNOTS('',1,(#2503,#2504),.UNSPECIFIED.,.F.,
  .F.,(2,2),(-7.273106624528E-02,0.),.PIECEWISE_BEZIER_KNOTS.);
#2503 = CARTESIAN_POINT('',(-0.651818045195,4.2495,5.523479236824));
#2504 = CARTESIAN_POINT('',(-0.579088808122,4.2495,5.523995058529));
#2505 = ORIENTED_EDGE('',*,*,#2506,.F.);
#2506 = EDGE_CURVE('',#2507,#2500,#2509,.T.);
#2507 = VERTEX_POINT('',#2508);
#2508 = CARTESIAN_POINT('',(-0.651652864263,4.2495,5.500189245253));
#2509 = B_SPLINE_CURVE_WITH_KNOTS('',1,(#2510,#2511),.UNSPECIFIED.,.F.,
  .F.,(2,2),(-2.32905773253E-02,0.),.PIECEWISE_BEZIER_KNOTS.);
#2510 = CARTESIAN_POINT('',(-0.651652864263,4.2495,5.500189245253));
#2511 = CARTESIAN_POINT('',(-0.651818045195,4.2495,5.523479236824));
#2512 = ORIENTED_EDGE('',*,*,#2513,.F.);
#2513 = EDGE_CURVE('',#2514,#2507,#2516,.T.);
#2514 = VERTEX_POINT('',#2515);
#2515 = CARTESIAN_POINT('',(-0.57892362719,4.2495,5.500705066958));
#2516 = B_SPLINE_CURVE_WITH_KNOTS('',1,(#2517,#2518),.UNSPECIFIED.,.F.,
  .F.,(2,2),(-7.273106624528E-02,-0.),.PIECEWISE_BEZIER_KNOTS.);
#2517 = CARTESIAN_POINT('',(-0.57892362719,4.2495,5.500705066958));
#2518 = CARTESIAN_POINT('',(-0.651652864263,4.2495,5.500189245253));
#2519 = ORIENTED_EDGE('',*,*,#2520,.F.);
#2520 = EDGE_CURVE('',#2444,#2514,#2521,.T.);
#2521 = B_SPLINE_CURVE_WITH_KNOTS('',1,(#2522,#2523),.UNSPECIFIED.,.F.,
  .F.,(2,2),(-6.841607089331E-02,0.),.PIECEWISE_BEZIER_KNOTS.);
#2522 = CARTESIAN_POINT('',(-0.578438408203,4.2495,5.432290716716));
#2523 = CARTESIAN_POINT('',(-0.57892362719,4.2495,5.500705066958));
#2524 = FACE_BOUND('',#2525,.T.);
#2525 = EDGE_LOOP('',(#2526,#2535,#2542,#2549,#2558,#2567,#2574,#2583,
    #2592,#2599,#2606,#2613,#2620,#2627,#2634));
#2526 = ORIENTED_EDGE('',*,*,#2527,.F.);
#2527 = EDGE_CURVE('',#2528,#2530,#2532,.T.);
#2528 = VERTEX_POINT('',#2529);
#2529 = CARTESIAN_POINT('',(-0.499192800649,4.2495,5.554923404275));
#2530 = VERTEX_POINT('',#2531);
#2531 = CARTESIAN_POINT('',(-0.458751273304,4.2495,5.445824946204));
#2532 = B_SPLINE_CURVE_WITH_KNOTS('',1,(#2533,#2534),.UNSPECIFIED.,.F.,
  .F.,(2,2),(-0.116352871419,3.971065925292E-16),
  .PIECEWISE_BEZIER_KNOTS.);
#2533 = CARTESIAN_POINT('',(-0.499192800649,4.2495,5.554923404275));
#2534 = CARTESIAN_POINT('',(-0.458751273304,4.2495,5.445824946204));
#2535 = ORIENTED_EDGE('',*,*,#2536,.F.);
#2536 = EDGE_CURVE('',#2537,#2528,#2539,.T.);
#2537 = VERTEX_POINT('',#2538);
#2538 = CARTESIAN_POINT('',(-0.52560198752,4.2495,5.554736100897));
#2539 = B_SPLINE_CURVE_WITH_KNOTS('',1,(#2540,#2541),.UNSPECIFIED.,.F.,
  .F.,(2,2),(-2.640985107347E-02,0.),.PIECEWISE_BEZIER_KNOTS.);
#2540 = CARTESIAN_POINT('',(-0.52560198752,4.2495,5.554736100897));
#2541 = CARTESIAN_POINT('',(-0.499192800649,4.2495,5.554923404275));
#2542 = ORIENTED_EDGE('',*,*,#2543,.F.);
#2543 = EDGE_CURVE('',#2544,#2537,#2546,.T.);
#2544 = VERTEX_POINT('',#2545);
#2545 = CARTESIAN_POINT('',(-0.458497230399,4.2495,5.388014753859));
#2546 = B_SPLINE_CURVE_WITH_KNOTS('',1,(#2547,#2548),.UNSPECIFIED.,.F.,
  .F.,(2,2),(-0.179719381221,0.),.PIECEWISE_BEZIER_KNOTS.);
#2547 = CARTESIAN_POINT('',(-0.458497230399,4.2495,5.388014753859));
#2548 = CARTESIAN_POINT('',(-0.52560198752,4.2495,5.554736100897));
#2549 = ORIENTED_EDGE('',*,*,#2550,.F.);
#2550 = EDGE_CURVE('',#2551,#2544,#2553,.T.);
#2551 = VERTEX_POINT('',#2552);
#2552 = CARTESIAN_POINT('',(-0.406336977385,4.2495,5.341906345206));
#2553 = B_SPLINE_CURVE_WITH_KNOTS('',3,(#2554,#2555,#2556,#2557),
  .UNSPECIFIED.,.F.,.F.,(4,4),(1.,2.),.PIECEWISE_BEZIER_KNOTS.);
#2554 = CARTESIAN_POINT('',(-0.406336977385,4.2495,5.341906345206));
#2555 = CARTESIAN_POINT('',(-0.428639223778,4.2495,5.341748169716));
#2556 = CARTESIAN_POINT('',(-0.44600864592,4.2495,5.357117762169));
#2557 = CARTESIAN_POINT('',(-0.458497230399,4.2495,5.388014753859));
#2558 = ORIENTED_EDGE('',*,*,#2559,.F.);
#2559 = EDGE_CURVE('',#2560,#2551,#2562,.T.);
#2560 = VERTEX_POINT('',#2561);
#2561 = CARTESIAN_POINT('',(-0.38992396377,4.2495,5.34410232029));
#2562 = B_SPLINE_CURVE_WITH_KNOTS('',3,(#2563,#2564,#2565,#2566),
  .UNSPECIFIED.,.F.,.F.,(4,4),(2.,3.),.PIECEWISE_BEZIER_KNOTS.);
#2563 = CARTESIAN_POINT('',(-0.38992396377,4.2495,5.34410232029));
#2564 = CARTESIAN_POINT('',(-0.394437210561,4.2495,5.342718591447));
#2565 = CARTESIAN_POINT('',(-0.39994262702,4.2495,5.341951696221));
#2566 = CARTESIAN_POINT('',(-0.406336977385,4.2495,5.341906345206));
#2567 = ORIENTED_EDGE('',*,*,#2568,.F.);
#2568 = EDGE_CURVE('',#2569,#2560,#2571,.T.);
#2569 = VERTEX_POINT('',#2570);
#2570 = CARTESIAN_POINT('',(-0.390084720213,4.2495,5.366768472803));
#2571 = B_SPLINE_CURVE_WITH_KNOTS('',1,(#2572,#2573),.UNSPECIFIED.,.F.,
  .F.,(2,2),(-2.266672257622E-02,0.),.PIECEWISE_BEZIER_KNOTS.);
#2572 = CARTESIAN_POINT('',(-0.390084720213,4.2495,5.366768472803));
#2573 = CARTESIAN_POINT('',(-0.38992396377,4.2495,5.34410232029));
#2574 = ORIENTED_EDGE('',*,*,#2575,.F.);
#2575 = EDGE_CURVE('',#2576,#2569,#2578,.T.);
#2576 = VERTEX_POINT('',#2577);
#2577 = CARTESIAN_POINT('',(-0.404516344152,4.2495,5.363754723188));
#2578 = B_SPLINE_CURVE_WITH_KNOTS('',3,(#2579,#2580,#2581,#2582),
  .UNSPECIFIED.,.F.,.F.,(4,4),(4.,5.),.PIECEWISE_BEZIER_KNOTS.);
#2579 = CARTESIAN_POINT('',(-0.404516344152,4.2495,5.363754723188));
#2580 = CARTESIAN_POINT('',(-0.399837551202,4.2495,5.363787906857));
#2581 = CARTESIAN_POINT('',(-0.39506142181,4.2495,5.364757586532));
#2582 = CARTESIAN_POINT('',(-0.390084720213,4.2495,5.366768472803));
#2583 = ORIENTED_EDGE('',*,*,#2584,.F.);
#2584 = EDGE_CURVE('',#2585,#2576,#2587,.T.);
#2585 = VERTEX_POINT('',#2586);
#2586 = CARTESIAN_POINT('',(-0.430758882224,4.2495,5.384052347856));
#2587 = B_SPLINE_CURVE_WITH_KNOTS('',3,(#2588,#2589,#2590,#2591),
  .UNSPECIFIED.,.F.,.F.,(4,4),(5.,6.),.PIECEWISE_BEZIER_KNOTS.);
#2588 = CARTESIAN_POINT('',(-0.430758882224,4.2495,5.384052347856));
#2589 = CARTESIAN_POINT('',(-0.424891032156,4.2495,5.370368815063));
#2590 = CARTESIAN_POINT('',(-0.416161339938,4.2495,5.363672132722));
#2591 = CARTESIAN_POINT('',(-0.404516344152,4.2495,5.363754723188));
#2592 = ORIENTED_EDGE('',*,*,#2593,.F.);
#2593 = EDGE_CURVE('',#2594,#2585,#2596,.T.);
#2594 = VERTEX_POINT('',#2595);
#2595 = CARTESIAN_POINT('',(-0.442123302093,4.2495,5.410382262629));
#2596 = B_SPLINE_CURVE_WITH_KNOTS('',1,(#2597,#2598),.UNSPECIFIED.,.F.,
  .F.,(2,2),(-2.867776928081E-02,2.199794634862E-17),
  .PIECEWISE_BEZIER_KNOTS.);
#2597 = CARTESIAN_POINT('',(-0.442123302093,4.2495,5.410382262629));
#2598 = CARTESIAN_POINT('',(-0.430758882224,4.2495,5.384052347856));
#2599 = ORIENTED_EDGE('',*,*,#2600,.F.);
#2600 = EDGE_CURVE('',#2601,#2594,#2603,.T.);
#2601 = VERTEX_POINT('',#2602);
#2602 = CARTESIAN_POINT('',(-0.386173957619,4.2495,5.555724974244));
#2603 = B_SPLINE_CURVE_WITH_KNOTS('',1,(#2604,#2605),.UNSPECIFIED.,.F.,
  .F.,(2,2),(-0.155739631972,-0.),.PIECEWISE_BEZIER_KNOTS.);
#2604 = CARTESIAN_POINT('',(-0.386173957619,4.2495,5.555724974244));
#2605 = CARTESIAN_POINT('',(-0.442123302093,4.2495,5.410382262629));
#2606 = ORIENTED_EDGE('',*,*,#2607,.F.);
#2607 = EDGE_CURVE('',#2608,#2601,#2610,.T.);
#2608 = VERTEX_POINT('',#2609);
#2609 = CARTESIAN_POINT('',(-0.414662608024,4.2495,5.555522922569));
#2610 = B_SPLINE_CURVE_WITH_KNOTS('',1,(#2611,#2612),.UNSPECIFIED.,.F.,
  .F.,(2,2),(-2.84893669072E-02,0.),.PIECEWISE_BEZIER_KNOTS.);
#2611 = CARTESIAN_POINT('',(-0.414662608024,4.2495,5.555522922569));
#2612 = CARTESIAN_POINT('',(-0.386173957619,4.2495,5.555724974244));
#2613 = ORIENTED_EDGE('',*,*,#2614,.F.);
#2614 = EDGE_CURVE('',#2615,#2608,#2617,.T.);
#2615 = VERTEX_POINT('',#2616);
#2616 = CARTESIAN_POINT('',(-0.451838531886,4.2495,5.446081930646));
#2617 = B_SPLINE_CURVE_WITH_KNOTS('',1,(#2618,#2619),.UNSPECIFIED.,.F.,
  .F.,(2,2),(-0.115582784306,0.),.PIECEWISE_BEZIER_KNOTS.);
#2618 = CARTESIAN_POINT('',(-0.451838531886,4.2495,5.446081930646));
#2619 = CARTESIAN_POINT('',(-0.414662608024,4.2495,5.555522922569));
#2620 = ORIENTED_EDGE('',*,*,#2621,.F.);
#2621 = EDGE_CURVE('',#2622,#2615,#2624,.T.);
#2622 = VERTEX_POINT('',#2623);
#2623 = CARTESIAN_POINT('',(-0.454872924476,4.2495,5.434102892884));
#2624 = B_SPLINE_CURVE_WITH_KNOTS('',1,(#2625,#2626),.UNSPECIFIED.,.F.,
  .F.,(2,2),(-1.235738176562E-02,0.),.PIECEWISE_BEZIER_KNOTS.);
#2625 = CARTESIAN_POINT('',(-0.454872924476,4.2495,5.434102892884));
#2626 = CARTESIAN_POINT('',(-0.451838531886,4.2495,5.446081930646));
#2627 = ORIENTED_EDGE('',*,*,#2628,.F.);
#2628 = EDGE_CURVE('',#2629,#2622,#2631,.T.);
#2629 = VERTEX_POINT('',#2630);
#2630 = CARTESIAN_POINT('',(-0.455548750123,4.2495,5.434098099687));
#2631 = B_SPLINE_CURVE_WITH_KNOTS('',1,(#2632,#2633),.UNSPECIFIED.,.F.,
  .F.,(2,2),(-6.758426448347E-04,0.),.PIECEWISE_BEZIER_KNOTS.);
#2632 = CARTESIAN_POINT('',(-0.455548750123,4.2495,5.434098099687));
#2633 = CARTESIAN_POINT('',(-0.454872924476,4.2495,5.434102892884));
#2634 = ORIENTED_EDGE('',*,*,#2635,.F.);
#2635 = EDGE_CURVE('',#2530,#2629,#2636,.T.);
#2636 = B_SPLINE_CURVE_WITH_KNOTS('',3,(#2637,#2638,#2639,#2640),
  .UNSPECIFIED.,.F.,.F.,(4,4),(12.,13.),.PIECEWISE_BEZIER_KNOTS.);
#2637 = CARTESIAN_POINT('',(-0.458751273304,4.2495,5.445824946204));
#2638 = CARTESIAN_POINT('',(-0.457155542326,4.2495,5.440741321771));
#2639 = CARTESIAN_POINT('',(-0.456087788793,4.2495,5.436797715207));
#2640 = CARTESIAN_POINT('',(-0.455548750123,4.2495,5.434098099687));
#2641 = FACE_BOUND('',#2642,.T.);
#2642 = EDGE_LOOP('',(#2643,#2652,#2661,#2670,#2679,#2688,#2697,#2706,
    #2715,#2724,#2733,#2740,#2749,#2758,#2767,#2776,#2785,#2794,#2803,
    #2812,#2821));
#2643 = ORIENTED_EDGE('',*,*,#2644,.F.);
#2644 = EDGE_CURVE('',#2645,#2647,#2649,.T.);
#2645 = VERTEX_POINT('',#2646);
#2646 = CARTESIAN_POINT('',(-0.274011216128,4.2495,5.442664117132));
#2647 = VERTEX_POINT('',#2648);
#2648 = CARTESIAN_POINT('',(-0.273824650165,4.2495,5.416358903438));
#2649 = B_SPLINE_CURVE_WITH_KNOTS('',1,(#2650,#2651),.UNSPECIFIED.,.F.,
  .F.,(2,2),(-2.630587528195E-02,0.),.PIECEWISE_BEZIER_KNOTS.);
#2650 = CARTESIAN_POINT('',(-0.274011216128,4.2495,5.442664117132));
#2651 = CARTESIAN_POINT('',(-0.273824650165,4.2495,5.416358903438));
#2652 = ORIENTED_EDGE('',*,*,#2653,.F.);
#2653 = EDGE_CURVE('',#2654,#2645,#2656,.T.);
#2654 = VERTEX_POINT('',#2655);
#2655 = CARTESIAN_POINT('',(-0.315812855314,4.2495,5.428330560089));
#2656 = B_SPLINE_CURVE_WITH_KNOTS('',3,(#2657,#2658,#2659,#2660),
  .UNSPECIFIED.,.F.,.F.,(4,4),(0.,1.),.PIECEWISE_BEZIER_KNOTS.);
#2657 = CARTESIAN_POINT('',(-0.315812855314,4.2495,5.428330560089));
#2658 = CARTESIAN_POINT('',(-0.300840717875,4.2495,5.428436747831));
#2659 = CARTESIAN_POINT('',(-0.286941495872,4.2495,5.433214354375));
#2660 = CARTESIAN_POINT('',(-0.274011216128,4.2495,5.442664117132));
#2661 = ORIENTED_EDGE('',*,*,#2662,.F.);
#2662 = EDGE_CURVE('',#2663,#2654,#2665,.T.);
#2663 = VERTEX_POINT('',#2664);
#2664 = CARTESIAN_POINT('',(-0.34600047478,4.2495,5.447768377579));
#2665 = B_SPLINE_CURVE_WITH_KNOTS('',3,(#2666,#2667,#2668,#2669),
  .UNSPECIFIED.,.F.,.F.,(4,4),(1.,2.),.PIECEWISE_BEZIER_KNOTS.);
#2666 = CARTESIAN_POINT('',(-0.34600047478,4.2495,5.447768377579));
#2667 = CARTESIAN_POINT('',(-0.345907560506,4.2495,5.43466775732));
#2668 = CARTESIAN_POINT('',(-0.335827691821,4.2495,5.428188607726));
#2669 = CARTESIAN_POINT('',(-0.315812855314,4.2495,5.428330560089));
#2670 = ORIENTED_EDGE('',*,*,#2671,.F.);
#2671 = EDGE_CURVE('',#2672,#2663,#2674,.T.);
#2672 = VERTEX_POINT('',#2673);
#2673 = CARTESIAN_POINT('',(-0.339548240829,4.2495,5.461643267211));
#2674 = B_SPLINE_CURVE_WITH_KNOTS('',3,(#2675,#2676,#2677,#2678),
  .UNSPECIFIED.,.F.,.F.,(4,4),(2.,3.),.PIECEWISE_BEZIER_KNOTS.);
#2675 = CARTESIAN_POINT('',(-0.339548240829,4.2495,5.461643267211));
#2676 = CARTESIAN_POINT('',(-0.343889304728,4.2495,5.457973234604));
#2677 = CARTESIAN_POINT('',(-0.346040295183,4.2495,5.453382929119));
#2678 = CARTESIAN_POINT('',(-0.34600047478,4.2495,5.447768377579));
#2679 = ORIENTED_EDGE('',*,*,#2680,.F.);
#2680 = EDGE_CURVE('',#2681,#2672,#2683,.T.);
#2681 = VERTEX_POINT('',#2682);
#2682 = CARTESIAN_POINT('',(-0.312971297875,4.2495,5.47482906121));
#2683 = B_SPLINE_CURVE_WITH_KNOTS('',3,(#2684,#2685,#2686,#2687),
  .UNSPECIFIED.,.F.,.F.,(4,4),(3.,4.),.PIECEWISE_BEZIER_KNOTS.);
#2684 = CARTESIAN_POINT('',(-0.312971297875,4.2495,5.47482906121));
#2685 = CARTESIAN_POINT('',(-0.32634844175,4.2495,5.469743222211));
#2686 = CARTESIAN_POINT('',(-0.33520717693,4.2495,5.465313299819));
#2687 = CARTESIAN_POINT('',(-0.339548240829,4.2495,5.461643267211));
#2688 = ORIENTED_EDGE('',*,*,#2689,.F.);
#2689 = EDGE_CURVE('',#2690,#2681,#2692,.T.);
#2690 = VERTEX_POINT('',#2691);
#2691 = CARTESIAN_POINT('',(-0.281759806864,4.2495,5.494286429477));
#2692 = B_SPLINE_CURVE_WITH_KNOTS('',3,(#2693,#2694,#2695,#2696),
  .UNSPECIFIED.,.F.,.F.,(4,4),(4.,5.),.PIECEWISE_BEZIER_KNOTS.);
#2693 = CARTESIAN_POINT('',(-0.281759806864,4.2495,5.494286429477));
#2694 = CARTESIAN_POINT('',(-0.286497590683,4.2495,5.487910144617));
#2695 = CARTESIAN_POINT('',(-0.296953161803,4.2495,5.48138932876));
#2696 = CARTESIAN_POINT('',(-0.312971297875,4.2495,5.47482906121));
#2697 = ORIENTED_EDGE('',*,*,#2698,.F.);
#2698 = EDGE_CURVE('',#2699,#2690,#2701,.T.);
#2699 = VERTEX_POINT('',#2700);
#2700 = CARTESIAN_POINT('',(-0.274696639773,4.2495,5.517315751853));
#2701 = B_SPLINE_CURVE_WITH_KNOTS('',3,(#2702,#2703,#2704,#2705),
  .UNSPECIFIED.,.F.,.F.,(4,4),(5.,6.),.PIECEWISE_BEZIER_KNOTS.);
#2702 = CARTESIAN_POINT('',(-0.274696639773,4.2495,5.517315751853));
#2703 = CARTESIAN_POINT('',(-0.274633222094,4.2495,5.508374058659));
#2704 = CARTESIAN_POINT('',(-0.276970036457,4.2495,5.500663083045));
#2705 = CARTESIAN_POINT('',(-0.281759806864,4.2495,5.494286429477));
#2706 = ORIENTED_EDGE('',*,*,#2707,.F.);
#2707 = EDGE_CURVE('',#2708,#2699,#2710,.T.);
#2708 = VERTEX_POINT('',#2709);
#2709 = CARTESIAN_POINT('',(-0.291240178142,4.2495,5.548183984361));
#2710 = B_SPLINE_CURVE_WITH_KNOTS('',3,(#2711,#2712,#2713,#2714),
  .UNSPECIFIED.,.F.,.F.,(4,4),(6.,7.),.PIECEWISE_BEZIER_KNOTS.);
#2711 = CARTESIAN_POINT('',(-0.291240178142,4.2495,5.548183984361));
#2712 = CARTESIAN_POINT('',(-0.280319675065,4.2495,5.540463055967));
#2713 = CARTESIAN_POINT('',(-0.274788079218,4.2495,5.530208425758));
#2714 = CARTESIAN_POINT('',(-0.274696639773,4.2495,5.517315751853));
#2715 = ORIENTED_EDGE('',*,*,#2716,.F.);
#2716 = EDGE_CURVE('',#2717,#2708,#2719,.T.);
#2717 = VERTEX_POINT('',#2718);
#2718 = CARTESIAN_POINT('',(-0.33155965056,4.2495,5.559439627415));
#2719 = B_SPLINE_CURVE_WITH_KNOTS('',3,(#2720,#2721,#2722,#2723),
  .UNSPECIFIED.,.F.,.F.,(4,4),(7.,8.),.PIECEWISE_BEZIER_KNOTS.);
#2720 = CARTESIAN_POINT('',(-0.33155965056,4.2495,5.559439627415));
#2721 = CARTESIAN_POINT('',(-0.315651754531,4.2495,5.55955245189));
#2722 = CARTESIAN_POINT('',(-0.302211930392,4.2495,5.555800570873));
#2723 = CARTESIAN_POINT('',(-0.291240178142,4.2495,5.548183984361));
#2724 = ORIENTED_EDGE('',*,*,#2725,.F.);
#2725 = EDGE_CURVE('',#2726,#2717,#2728,.T.);
#2726 = VERTEX_POINT('',#2727);
#2727 = CARTESIAN_POINT('',(-0.365929052313,4.2495,5.552749206137));
#2728 = B_SPLINE_CURVE_WITH_KNOTS('',3,(#2729,#2730,#2731,#2732),
  .UNSPECIFIED.,.F.,.F.,(4,4),(8.,9.),.PIECEWISE_BEZIER_KNOTS.);
#2729 = CARTESIAN_POINT('',(-0.365929052313,4.2495,5.552749206137));
#2730 = CARTESIAN_POINT('',(-0.355354759718,4.2495,5.557191295875));
#2731 = CARTESIAN_POINT('',(-0.343932458583,4.2495,5.559351875045));
#2732 = CARTESIAN_POINT('',(-0.33155965056,4.2495,5.559439627415));
#2733 = ORIENTED_EDGE('',*,*,#2734,.F.);
#2734 = EDGE_CURVE('',#2735,#2726,#2737,.T.);
#2735 = VERTEX_POINT('',#2736);
#2736 = CARTESIAN_POINT('',(-0.365753547572,4.2495,5.528003590093));
#2737 = B_SPLINE_CURVE_WITH_KNOTS('',1,(#2738,#2739),.UNSPECIFIED.,.F.,
  .F.,(2,2),(-2.474623840786E-02,0.),.PIECEWISE_BEZIER_KNOTS.);
#2738 = CARTESIAN_POINT('',(-0.365753547572,4.2495,5.528003590093));
#2739 = CARTESIAN_POINT('',(-0.365929052313,4.2495,5.552749206137));
#2740 = ORIENTED_EDGE('',*,*,#2741,.F.);
#2741 = EDGE_CURVE('',#2742,#2735,#2744,.T.);
#2742 = VERTEX_POINT('',#2743);
#2743 = CARTESIAN_POINT('',(-0.32891754876,4.2495,5.538766663216));
#2744 = B_SPLINE_CURVE_WITH_KNOTS('',3,(#2745,#2746,#2747,#2748),
  .UNSPECIFIED.,.F.,.F.,(4,4),(10.,11.),.PIECEWISE_BEZIER_KNOTS.);
#2745 = CARTESIAN_POINT('',(-0.32891754876,4.2495,5.538766663216));
#2746 = CARTESIAN_POINT('',(-0.342693994668,4.2495,5.538668955745));
#2747 = CARTESIAN_POINT('',(-0.354937757408,4.2495,5.535046852784));
#2748 = CARTESIAN_POINT('',(-0.365753547572,4.2495,5.528003590093));
#2749 = ORIENTED_EDGE('',*,*,#2750,.F.);
#2750 = EDGE_CURVE('',#2751,#2742,#2753,.T.);
#2751 = VERTEX_POINT('',#2752);
#2752 = CARTESIAN_POINT('',(-0.308812380092,4.2495,5.5335023791));
#2753 = B_SPLINE_CURVE_WITH_KNOTS('',3,(#2754,#2755,#2756,#2757),
  .UNSPECIFIED.,.F.,.F.,(4,4),(11.,12.),.PIECEWISE_BEZIER_KNOTS.);
#2754 = CARTESIAN_POINT('',(-0.308812380092,4.2495,5.5335023791));
#2755 = CARTESIAN_POINT('',(-0.313984861856,4.2495,5.537104938247));
#2756 = CARTESIAN_POINT('',(-0.320703667805,4.2495,5.538824918991));
#2757 = CARTESIAN_POINT('',(-0.32891754876,4.2495,5.538766663216));
#2758 = ORIENTED_EDGE('',*,*,#2759,.F.);
#2759 = EDGE_CURVE('',#2760,#2751,#2762,.T.);
#2760 = VERTEX_POINT('',#2761);
#2761 = CARTESIAN_POINT('',(-0.300966090007,4.2495,5.519416964483));
#2762 = B_SPLINE_CURVE_WITH_KNOTS('',3,(#2763,#2764,#2765,#2766),
  .UNSPECIFIED.,.F.,.F.,(4,4),(12.,13.),.PIECEWISE_BEZIER_KNOTS.);
#2763 = CARTESIAN_POINT('',(-0.300966090007,4.2495,5.519416964483));
#2764 = CARTESIAN_POINT('',(-0.30100738524,4.2495,5.525239462375));
#2765 = CARTESIAN_POINT('',(-0.303640635741,4.2495,5.53000379313));
#2766 = CARTESIAN_POINT('',(-0.308812380092,4.2495,5.5335023791));
#2767 = ORIENTED_EDGE('',*,*,#2768,.F.);
#2768 = EDGE_CURVE('',#2769,#2760,#2771,.T.);
#2769 = VERTEX_POINT('',#2770);
#2770 = CARTESIAN_POINT('',(-0.306432791025,4.2495,5.505860999822));
#2771 = B_SPLINE_CURVE_WITH_KNOTS('',3,(#2772,#2773,#2774,#2775),
  .UNSPECIFIED.,.F.,.F.,(4,4),(13.,14.),.PIECEWISE_BEZIER_KNOTS.);
#2772 = CARTESIAN_POINT('',(-0.306432791025,4.2495,5.505860999822));
#2773 = CARTESIAN_POINT('',(-0.302764603114,4.2495,5.509110346526));
#2774 = CARTESIAN_POINT('',(-0.300924794774,4.2495,5.51359446659));
#2775 = CARTESIAN_POINT('',(-0.300966090007,4.2495,5.519416964483));
#2776 = ORIENTED_EDGE('',*,*,#2777,.F.);
#2777 = EDGE_CURVE('',#2778,#2769,#2780,.T.);
#2778 = VERTEX_POINT('',#2779);
#2779 = CARTESIAN_POINT('',(-0.331089917285,4.2495,5.493208713882));
#2780 = B_SPLINE_CURVE_WITH_KNOTS('',3,(#2781,#2782,#2783,#2784),
  .UNSPECIFIED.,.F.,.F.,(4,4),(14.,15.),.PIECEWISE_BEZIER_KNOTS.);
#2781 = CARTESIAN_POINT('',(-0.331089917285,4.2495,5.493208713882));
#2782 = CARTESIAN_POINT('',(-0.31833661247,4.2495,5.498290128391));
#2783 = CARTESIAN_POINT('',(-0.310152228109,4.2495,5.502507311233));
#2784 = CARTESIAN_POINT('',(-0.306432791025,4.2495,5.505860999822));
#2785 = ORIENTED_EDGE('',*,*,#2786,.F.);
#2786 = EDGE_CURVE('',#2787,#2778,#2789,.T.);
#2787 = VERTEX_POINT('',#2788);
#2788 = CARTESIAN_POINT('',(-0.363811969017,4.2495,5.474156545806));
#2789 = B_SPLINE_CURVE_WITH_KNOTS('',3,(#2790,#2791,#2792,#2793),
  .UNSPECIFIED.,.F.,.F.,(4,4),(15.,16.),.PIECEWISE_BEZIER_KNOTS.);
#2790 = CARTESIAN_POINT('',(-0.363811969017,4.2495,5.474156545806));
#2791 = CARTESIAN_POINT('',(-0.358139164023,4.2495,5.480643440577));
#2792 = CARTESIAN_POINT('',(-0.347266962781,4.2495,5.487063232915));
#2793 = CARTESIAN_POINT('',(-0.331089917285,4.2495,5.493208713882));
#2794 = ORIENTED_EDGE('',*,*,#2795,.F.);
#2795 = EDGE_CURVE('',#2796,#2787,#2798,.T.);
#2796 = VERTEX_POINT('',#2797);
#2797 = CARTESIAN_POINT('',(-0.372167426667,4.2495,5.450078273978));
#2798 = B_SPLINE_CURVE_WITH_KNOTS('',3,(#2799,#2800,#2801,#2802),
  .UNSPECIFIED.,.F.,.F.,(4,4),(16.,17.),.PIECEWISE_BEZIER_KNOTS.);
#2799 = CARTESIAN_POINT('',(-0.372167426667,4.2495,5.450078273978));
#2800 = CARTESIAN_POINT('',(-0.372235268836,4.2495,5.459643806231));
#2801 = CARTESIAN_POINT('',(-0.369432787423,4.2495,5.467670019743));
#2802 = CARTESIAN_POINT('',(-0.363811969017,4.2495,5.474156545806));
#2803 = ORIENTED_EDGE('',*,*,#2804,.F.);
#2804 = EDGE_CURVE('',#2805,#2796,#2807,.T.);
#2805 = VERTEX_POINT('',#2806);
#2806 = CARTESIAN_POINT('',(-0.355568952051,4.2495,5.418794517469));
#2807 = B_SPLINE_CURVE_WITH_KNOTS('',3,(#2808,#2809,#2810,#2811),
  .UNSPECIFIED.,.F.,.F.,(4,4),(17.,18.),.PIECEWISE_BEZIER_KNOTS.);
#2808 = CARTESIAN_POINT('',(-0.355568952051,4.2495,5.418794517469));
#2809 = CARTESIAN_POINT('',(-0.366539966886,4.2495,5.426307130804));
#2810 = CARTESIAN_POINT('',(-0.372073037563,4.2495,5.436769707365));
#2811 = CARTESIAN_POINT('',(-0.372167426667,4.2495,5.450078273978));
#2812 = ORIENTED_EDGE('',*,*,#2813,.F.);
#2813 = EDGE_CURVE('',#2814,#2805,#2816,.T.);
#2814 = VERTEX_POINT('',#2815);
#2815 = CARTESIAN_POINT('',(-0.3131700161,4.2495,5.407553622715));
#2816 = B_SPLINE_CURVE_WITH_KNOTS('',3,(#2817,#2818,#2819,#2820),
  .UNSPECIFIED.,.F.,.F.,(4,4),(18.,19.),.PIECEWISE_BEZIER_KNOTS.);
#2817 = CARTESIAN_POINT('',(-0.3131700161,4.2495,5.407553622715));
#2818 = CARTESIAN_POINT('',(-0.330481550013,4.2495,5.407430843138));
#2819 = CARTESIAN_POINT('',(-0.344649186389,4.2495,5.411177562251));
#2820 = CARTESIAN_POINT('',(-0.355568952051,4.2495,5.418794517469));
#2821 = ORIENTED_EDGE('',*,*,#2822,.F.);
#2822 = EDGE_CURVE('',#2647,#2814,#2823,.T.);
#2823 = B_SPLINE_CURVE_WITH_KNOTS('',3,(#2824,#2825,#2826,#2827),
  .UNSPECIFIED.,.F.,.F.,(4,4),(19.,20.),.PIECEWISE_BEZIER_KNOTS.);
#2824 = CARTESIAN_POINT('',(-0.273824650165,4.2495,5.416358903438));
#2825 = CARTESIAN_POINT('',(-0.285013932841,4.2495,5.410664711092));
#2826 = CARTESIAN_POINT('',(-0.298093905484,4.2495,5.407660547871));
#2827 = CARTESIAN_POINT('',(-0.3131700161,4.2495,5.407553622715));
#2828 = FACE_BOUND('',#2829,.T.);
#2829 = EDGE_LOOP('',(#2830,#2839,#2848,#2857,#2864,#2871,#2878,#2885,
    #2894,#2903,#2912,#2921,#2928,#2937));
#2830 = ORIENTED_EDGE('',*,*,#2831,.F.);
#2831 = EDGE_CURVE('',#2832,#2834,#2836,.T.);
#2832 = VERTEX_POINT('',#2833);
#2833 = CARTESIAN_POINT('',(-0.137709771921,4.2495,5.547297287069));
#2834 = VERTEX_POINT('',#2835);
#2835 = CARTESIAN_POINT('',(-0.13753426718,4.2495,5.522551671023));
#2836 = B_SPLINE_CURVE_WITH_KNOTS('',1,(#2837,#2838),.UNSPECIFIED.,.F.,
  .F.,(2,2),(-2.474623840926E-02,0.),.PIECEWISE_BEZIER_KNOTS.);
#2837 = CARTESIAN_POINT('',(-0.137709771921,4.2495,5.547297287069));
#2838 = CARTESIAN_POINT('',(-0.13753426718,4.2495,5.522551671023));
#2839 = ORIENTED_EDGE('',*,*,#2840,.F.);
#2840 = EDGE_CURVE('',#2841,#2832,#2843,.T.);
#2841 = VERTEX_POINT('',#2842);
#2842 = CARTESIAN_POINT('',(-0.187816733828,4.2495,5.560459103479));
#2843 = B_SPLINE_CURVE_WITH_KNOTS('',3,(#2844,#2845,#2846,#2847),
  .UNSPECIFIED.,.F.,.F.,(4,4),(0.,1.),.PIECEWISE_BEZIER_KNOTS.);
#2844 = CARTESIAN_POINT('',(-0.187816733828,4.2495,5.560459103479));
#2845 = CARTESIAN_POINT('',(-0.168893615676,4.2495,5.560593312987));
#2846 = CARTESIAN_POINT('',(-0.152174211982,4.2495,5.556240821477));
#2847 = CARTESIAN_POINT('',(-0.137709771921,4.2495,5.547297287069));
#2848 = ORIENTED_EDGE('',*,*,#2849,.F.);
#2849 = EDGE_CURVE('',#2850,#2841,#2852,.T.);
#2850 = VERTEX_POINT('',#2851);
#2851 = CARTESIAN_POINT('',(-0.239932358158,4.2495,5.504980925337));
#2852 = B_SPLINE_CURVE_WITH_KNOTS('',3,(#2853,#2854,#2855,#2856),
  .UNSPECIFIED.,.F.,.F.,(4,4),(1.,2.),.PIECEWISE_BEZIER_KNOTS.);
#2853 = CARTESIAN_POINT('',(-0.239932358158,4.2495,5.504980925337));
#2854 = CARTESIAN_POINT('',(-0.240193403023,4.2495,5.541787429875));
#2855 = CARTESIAN_POINT('',(-0.222803707774,4.2495,5.560210963374));
#2856 = CARTESIAN_POINT('',(-0.187816733828,4.2495,5.560459103479));
#2857 = ORIENTED_EDGE('',*,*,#2858,.F.);
#2858 = EDGE_CURVE('',#2859,#2850,#2861,.T.);
#2859 = VERTEX_POINT('',#2860);
#2860 = CARTESIAN_POINT('',(-0.239269422185,4.2495,5.411509039521));
#2861 = B_SPLINE_CURVE_WITH_KNOTS('',1,(#2862,#2863),.UNSPECIFIED.,.F.,
  .F.,(2,2),(-9.347423667573E-02,-4.444717360827E-16),
  .PIECEWISE_BEZIER_KNOTS.);
#2862 = CARTESIAN_POINT('',(-0.239269422185,4.2495,5.411509039521));
#2863 = CARTESIAN_POINT('',(-0.239932358158,4.2495,5.504980925337));
#2864 = ORIENTED_EDGE('',*,*,#2865,.F.);
#2865 = EDGE_CURVE('',#2866,#2859,#2868,.T.);
#2866 = VERTEX_POINT('',#2867);
#2867 = CARTESIAN_POINT('',(-0.213795993903,4.2495,5.411689706165));
#2868 = B_SPLINE_CURVE_WITH_KNOTS('',1,(#2869,#2870),.UNSPECIFIED.,.F.,
  .F.,(2,2),(-2.547406894985E-02,-0.),.PIECEWISE_BEZIER_KNOTS.);
#2869 = CARTESIAN_POINT('',(-0.213795993903,4.2495,5.411689706165));
#2870 = CARTESIAN_POINT('',(-0.239269422185,4.2495,5.411509039521));
#2871 = ORIENTED_EDGE('',*,*,#2872,.F.);
#2872 = EDGE_CURVE('',#2873,#2866,#2875,.T.);
#2873 = VERTEX_POINT('',#2874);
#2874 = CARTESIAN_POINT('',(-0.213955275516,4.2495,5.434147912323));
#2875 = B_SPLINE_CURVE_WITH_KNOTS('',1,(#2876,#2877),.UNSPECIFIED.,.F.,
  .F.,(2,2),(-2.24587709918E-02,0.),.PIECEWISE_BEZIER_KNOTS.);
#2876 = CARTESIAN_POINT('',(-0.213955275516,4.2495,5.434147912323));
#2877 = CARTESIAN_POINT('',(-0.213795993903,4.2495,5.411689706165));
#2878 = ORIENTED_EDGE('',*,*,#2879,.F.);
#2879 = EDGE_CURVE('',#2880,#2873,#2882,.T.);
#2880 = VERTEX_POINT('',#2881);
#2881 = CARTESIAN_POINT('',(-0.213279449868,4.2495,5.43415270552));
#2882 = B_SPLINE_CURVE_WITH_KNOTS('',1,(#2883,#2884),.UNSPECIFIED.,.F.,
  .F.,(2,2),(-6.758426455274E-04,-0.),.PIECEWISE_BEZIER_KNOTS.);
#2883 = CARTESIAN_POINT('',(-0.213279449868,4.2495,5.43415270552));
#2884 = CARTESIAN_POINT('',(-0.213955275516,4.2495,5.434147912323));
#2885 = ORIENTED_EDGE('',*,*,#2886,.F.);
#2886 = EDGE_CURVE('',#2887,#2880,#2889,.T.);
#2887 = VERTEX_POINT('',#2888);
#2888 = CARTESIAN_POINT('',(-0.168595313954,4.2495,5.408578998098));
#2889 = B_SPLINE_CURVE_WITH_KNOTS('',3,(#2890,#2891,#2892,#2893),
  .UNSPECIFIED.,.F.,.F.,(4,4),(6.,7.),.PIECEWISE_BEZIER_KNOTS.);
#2890 = CARTESIAN_POINT('',(-0.168595313954,4.2495,5.408578998098));
#2891 = CARTESIAN_POINT('',(-0.188194257754,4.2495,5.408439995394));
#2892 = CARTESIAN_POINT('',(-0.203123627451,4.2495,5.41696431873));
#2893 = CARTESIAN_POINT('',(-0.213279449868,4.2495,5.43415270552));
#2894 = ORIENTED_EDGE('',*,*,#2895,.F.);
#2895 = EDGE_CURVE('',#2896,#2887,#2898,.T.);
#2896 = VERTEX_POINT('',#2897);
#2897 = CARTESIAN_POINT('',(-0.135093093529,4.2495,5.420254232535));
#2898 = B_SPLINE_CURVE_WITH_KNOTS('',3,(#2899,#2900,#2901,#2902),
  .UNSPECIFIED.,.F.,.F.,(4,4),(7.,8.),.PIECEWISE_BEZIER_KNOTS.);
#2899 = CARTESIAN_POINT('',(-0.135093093529,4.2495,5.420254232535));
#2900 = CARTESIAN_POINT('',(-0.143357116376,4.2495,5.412605197449));
#2901 = CARTESIAN_POINT('',(-0.154506948517,4.2495,5.408678917814));
#2902 = CARTESIAN_POINT('',(-0.168595313954,4.2495,5.408578998098));
#2903 = ORIENTED_EDGE('',*,*,#2904,.F.);
#2904 = EDGE_CURVE('',#2905,#2896,#2907,.T.);
#2905 = VERTEX_POINT('',#2906);
#2906 = CARTESIAN_POINT('',(-0.122835324547,4.2495,5.451222755789));
#2907 = B_SPLINE_CURVE_WITH_KNOTS('',3,(#2908,#2909,#2910,#2911),
  .UNSPECIFIED.,.F.,.F.,(4,4),(8.,9.),.PIECEWISE_BEZIER_KNOTS.);
#2908 = CARTESIAN_POINT('',(-0.122835324547,4.2495,5.451222755789));
#2909 = CARTESIAN_POINT('',(-0.122743147688,4.2495,5.438226108706));
#2910 = CARTESIAN_POINT('',(-0.126829070682,4.2495,5.427903267621));
#2911 = CARTESIAN_POINT('',(-0.135093093529,4.2495,5.420254232535));
#2912 = ORIENTED_EDGE('',*,*,#2913,.F.);
#2913 = EDGE_CURVE('',#2914,#2905,#2916,.T.);
#2914 = VERTEX_POINT('',#2915);
#2915 = CARTESIAN_POINT('',(-0.171363153112,4.2495,5.498292732551));
#2916 = B_SPLINE_CURVE_WITH_KNOTS('',3,(#2917,#2918,#2919,#2920),
  .UNSPECIFIED.,.F.,.F.,(4,4),(9.,10.),.PIECEWISE_BEZIER_KNOTS.);
#2917 = CARTESIAN_POINT('',(-0.171363153112,4.2495,5.498292732551));
#2918 = CARTESIAN_POINT('',(-0.139203732685,4.2495,5.494049747151));
#2919 = CARTESIAN_POINT('',(-0.12302778983,4.2495,5.478359754896));
#2920 = CARTESIAN_POINT('',(-0.122835324547,4.2495,5.451222755789));
#2921 = ORIENTED_EDGE('',*,*,#2922,.F.);
#2922 = EDGE_CURVE('',#2923,#2914,#2925,.T.);
#2923 = VERTEX_POINT('',#2924);
#2924 = CARTESIAN_POINT('',(-0.214450818312,4.2495,5.504017887039));
#2925 = B_SPLINE_CURVE_WITH_KNOTS('',1,(#2926,#2927),.UNSPECIFIED.,.F.,
  .F.,(2,2),(-4.346635809804E-02,0.),.PIECEWISE_BEZIER_KNOTS.);
#2926 = CARTESIAN_POINT('',(-0.214450818312,4.2495,5.504017887039));
#2927 = CARTESIAN_POINT('',(-0.171363153112,4.2495,5.498292732551));
#2928 = ORIENTED_EDGE('',*,*,#2929,.F.);
#2929 = EDGE_CURVE('',#2930,#2923,#2932,.T.);
#2930 = VERTEX_POINT('',#2931);
#2931 = CARTESIAN_POINT('',(-0.185278605205,4.2495,5.539785401866));
#2932 = B_SPLINE_CURVE_WITH_KNOTS('',3,(#2933,#2934,#2935,#2936),
  .UNSPECIFIED.,.F.,.F.,(4,4),(11.,12.),.PIECEWISE_BEZIER_KNOTS.);
#2933 = CARTESIAN_POINT('',(-0.185278605205,4.2495,5.539785401866));
#2934 = CARTESIAN_POINT('',(-0.204877549005,4.2495,5.539646399162));
#2935 = CARTESIAN_POINT('',(-0.214618948904,4.2495,5.527723771317));
#2936 = CARTESIAN_POINT('',(-0.214450818312,4.2495,5.504017887039));
#2937 = ORIENTED_EDGE('',*,*,#2938,.F.);
#2938 = EDGE_CURVE('',#2834,#2930,#2939,.T.);
#2939 = B_SPLINE_CURVE_WITH_KNOTS('',3,(#2940,#2941,#2942,#2943),
  .UNSPECIFIED.,.F.,.F.,(4,4),(12.,13.),.PIECEWISE_BEZIER_KNOTS.);
#2940 = CARTESIAN_POINT('',(-0.13753426718,4.2495,5.522551671023));
#2941 = CARTESIAN_POINT('',(-0.151965156026,4.2495,5.534094903556));
#2942 = CARTESIAN_POINT('',(-0.167863098114,4.2495,5.539908918858));
#2943 = CARTESIAN_POINT('',(-0.185278605205,4.2495,5.539785401866));
#2944 = FACE_BOUND('',#2945,.T.);
#2945 = EDGE_LOOP('',(#2946,#2957,#2964,#2971,#2978,#2987,#2996));
#2946 = ORIENTED_EDGE('',*,*,#2947,.F.);
#2947 = EDGE_CURVE('',#2948,#2950,#2952,.T.);
#2948 = VERTEX_POINT('',#2949);
#2949 = CARTESIAN_POINT('',(-0.503362079372,4.2495,5.732280996041));
#2950 = VERTEX_POINT('',#2951);
#2951 = CARTESIAN_POINT('',(-0.582531758721,4.2495,5.760209579847));
#2952 = B_SPLINE_CURVE_WITH_KNOTS('',3,(#2953,#2954,#2955,#2956),
  .UNSPECIFIED.,.F.,.F.,(4,4),(5.,6.),.PIECEWISE_BEZIER_KNOTS.);
#2953 = CARTESIAN_POINT('',(-0.503362079372,4.2495,5.732280996041));
#2954 = CARTESIAN_POINT('',(-0.535541777547,4.2495,5.732052766137));
#2955 = CARTESIAN_POINT('',(-0.561966082585,4.2495,5.741327390542));
#2956 = CARTESIAN_POINT('',(-0.582531758721,4.2495,5.760209579847));
#2957 = ORIENTED_EDGE('',*,*,#2958,.F.);
#2958 = EDGE_CURVE('',#2959,#2948,#2961,.T.);
#2959 = VERTEX_POINT('',#2960);
#2960 = CARTESIAN_POINT('',(-0.447424510329,4.2495,5.732677725243));
#2961 = B_SPLINE_CURVE_WITH_KNOTS('',1,(#2962,#2963),.UNSPECIFIED.,.F.,
  .F.,(2,2),(-5.593897589787E-02,-0.),.PIECEWISE_BEZIER_KNOTS.);
#2962 = CARTESIAN_POINT('',(-0.447424510329,4.2495,5.732677725243));
#2963 = CARTESIAN_POINT('',(-0.503362079372,4.2495,5.732280996041));
#2964 = ORIENTED_EDGE('',*,*,#2965,.F.);
#2965 = EDGE_CURVE('',#2966,#2959,#2968,.T.);
#2966 = VERTEX_POINT('',#2967);
#2967 = CARTESIAN_POINT('',(-0.448866893824,4.2495,5.93604925879));
#2968 = B_SPLINE_CURVE_WITH_KNOTS('',1,(#2969,#2970),.UNSPECIFIED.,.F.,
  .F.,(2,2),(-0.203376648431,0.),.PIECEWISE_BEZIER_KNOTS.);
#2969 = CARTESIAN_POINT('',(-0.448866893824,4.2495,5.93604925879));
#2970 = CARTESIAN_POINT('',(-0.447424510329,4.2495,5.732677725243));
#2971 = ORIENTED_EDGE('',*,*,#2972,.F.);
#2972 = EDGE_CURVE('',#2973,#2966,#2975,.T.);
#2973 = VERTEX_POINT('',#2974);
#2974 = CARTESIAN_POINT('',(-0.506883926401,4.2495,5.93563778129));
#2975 = B_SPLINE_CURVE_WITH_KNOTS('',1,(#2976,#2977),.UNSPECIFIED.,.F.,
  .F.,(2,2),(-5.801849173091E-02,-2.220390205445E-16),
  .PIECEWISE_BEZIER_KNOTS.);
#2976 = CARTESIAN_POINT('',(-0.506883926401,4.2495,5.93563778129));
#2977 = CARTESIAN_POINT('',(-0.448866893824,4.2495,5.93604925879));
#2978 = ORIENTED_EDGE('',*,*,#2979,.F.);
#2979 = EDGE_CURVE('',#2980,#2973,#2982,.T.);
#2980 = VERTEX_POINT('',#2981);
#2981 = CARTESIAN_POINT('',(-0.583581100088,4.2495,5.908163410235));
#2982 = B_SPLINE_CURVE_WITH_KNOTS('',3,(#2983,#2984,#2985,#2986),
  .UNSPECIFIED.,.F.,.F.,(4,4),(2.,3.),.PIECEWISE_BEZIER_KNOTS.);
#2983 = CARTESIAN_POINT('',(-0.583581100088,4.2495,5.908163410235));
#2984 = CARTESIAN_POINT('',(-0.563277943647,4.2495,5.92629567182));
#2985 = CARTESIAN_POINT('',(-0.53771197328,4.2495,5.935419137779));
#2986 = CARTESIAN_POINT('',(-0.506883926401,4.2495,5.93563778129));
#2987 = ORIENTED_EDGE('',*,*,#2988,.F.);
#2988 = EDGE_CURVE('',#2989,#2980,#2991,.T.);
#2989 = VERTEX_POINT('',#2990);
#2990 = CARTESIAN_POINT('',(-0.613741421279,4.2495,5.835788488245));
#2991 = B_SPLINE_CURVE_WITH_KNOTS('',3,(#2992,#2993,#2994,#2995),
  .UNSPECIFIED.,.F.,.F.,(4,4),(3.,4.),.PIECEWISE_BEZIER_KNOTS.);
#2992 = CARTESIAN_POINT('',(-0.613741421279,4.2495,5.835788488245));
#2993 = CARTESIAN_POINT('',(-0.613955271593,4.2495,5.865940709476));
#2994 = CARTESIAN_POINT('',(-0.603884256528,4.2495,5.890031148649));
#2995 = CARTESIAN_POINT('',(-0.583581100088,4.2495,5.908163410235));
#2996 = ORIENTED_EDGE('',*,*,#2997,.F.);
#2997 = EDGE_CURVE('',#2950,#2989,#2998,.T.);
#2998 = B_SPLINE_CURVE_WITH_KNOTS('',3,(#2999,#3000,#3001,#3002),
  .UNSPECIFIED.,.F.,.F.,(4,4),(4.,5.),.PIECEWISE_BEZIER_KNOTS.);
#2999 = CARTESIAN_POINT('',(-0.582531758721,4.2495,5.760209579847));
#3000 = CARTESIAN_POINT('',(-0.603097434857,4.2495,5.779091769154));
#3001 = CARTESIAN_POINT('',(-0.613517984572,4.2495,5.804284615717));
#3002 = CARTESIAN_POINT('',(-0.613741421279,4.2495,5.835788488245));
#3003 = FACE_BOUND('',#3004,.T.);
#3004 = EDGE_LOOP('',(#3005,#3014,#3021,#3028));
#3005 = ORIENTED_EDGE('',*,*,#3006,.F.);
#3006 = EDGE_CURVE('',#3007,#3009,#3011,.T.);
#3007 = VERTEX_POINT('',#3008);
#3008 = CARTESIAN_POINT('',(3.7,4.2495,8.0000001));
#3009 = VERTEX_POINT('',#3010);
#3010 = CARTESIAN_POINT('',(-3.8,4.2495,8.0000001));
#3011 = B_SPLINE_CURVE_WITH_KNOTS('',1,(#3012,#3013),.UNSPECIFIED.,.F.,
  .F.,(2,2),(-7.5,0.),.PIECEWISE_BEZIER_KNOTS.);
#3012 = CARTESIAN_POINT('',(3.7,4.2495,8.0000001));
#3013 = CARTESIAN_POINT('',(-3.8,4.2495,8.0000001));
#3014 = ORIENTED_EDGE('',*,*,#3015,.F.);
#3015 = EDGE_CURVE('',#3016,#3007,#3018,.T.);
#3016 = VERTEX_POINT('',#3017);
#3017 = CARTESIAN_POINT('',(3.7,4.2495,3.5000001));
#3018 = B_SPLINE_CURVE_WITH_KNOTS('',1,(#3019,#3020),.UNSPECIFIED.,.F.,
  .F.,(2,2),(0.,4.5),.PIECEWISE_BEZIER_KNOTS.);
#3019 = CARTESIAN_POINT('',(3.7,4.2495,3.5000001));
#3020 = CARTESIAN_POINT('',(3.7,4.2495,8.0000001));
#3021 = ORIENTED_EDGE('',*,*,#3022,.T.);
#3022 = EDGE_CURVE('',#3016,#3023,#3025,.T.);
#3023 = VERTEX_POINT('',#3024);
#3024 = CARTESIAN_POINT('',(-3.8,4.2495,3.5000001));
#3025 = B_SPLINE_CURVE_WITH_KNOTS('',1,(#3026,#3027),.UNSPECIFIED.,.F.,
  .F.,(2,2),(-7.5,0.),.PIECEWISE_BEZIER_KNOTS.);
#3026 = CARTESIAN_POINT('',(3.7,4.2495,3.5000001));
#3027 = CARTESIAN_POINT('',(-3.8,4.2495,3.5000001));
#3028 = ORIENTED_EDGE('',*,*,#3029,.T.);
#3029 = EDGE_CURVE('',#3023,#3009,#3030,.T.);
#3030 = B_SPLINE_CURVE_WITH_KNOTS('',1,(#3031,#3032),.UNSPECIFIED.,.F.,
  .F.,(2,2),(0.,4.5),.PIECEWISE_BEZIER_KNOTS.);
#3031 = CARTESIAN_POINT('',(-3.8,4.2495,3.5000001));
#3032 = CARTESIAN_POINT('',(-3.8,4.2495,8.0000001));
#3033 = FACE_BOUND('',#3034,.T.);
#3034 = EDGE_LOOP('',(#3035,#3044,#3051,#3058,#3065,#3072));
#3035 = ORIENTED_EDGE('',*,*,#3036,.F.);
#3036 = EDGE_CURVE('',#3037,#3039,#3041,.T.);
#3037 = VERTEX_POINT('',#3038);
#3038 = CARTESIAN_POINT('',(-9.849901321046E-02,4.2495,5.758339614081));
#3039 = VERTEX_POINT('',#3040);
#3040 = CARTESIAN_POINT('',(-1.750390859187E-02,4.2495,5.758914060269));
#3041 = B_SPLINE_CURVE_WITH_KNOTS('',1,(#3042,#3043),.UNSPECIFIED.,.F.,
  .F.,(2,2),(-8.099714168166E-02,0.),.PIECEWISE_BEZIER_KNOTS.);
#3042 = CARTESIAN_POINT('',(-9.849901321046E-02,4.2495,5.758339614081));
#3043 = CARTESIAN_POINT('',(-1.750390859187E-02,4.2495,5.758914060269));
#3044 = ORIENTED_EDGE('',*,*,#3045,.F.);
#3045 = EDGE_CURVE('',#3046,#3037,#3048,.T.);
#3046 = VERTEX_POINT('',#3047);
#3047 = CARTESIAN_POINT('',(-9.833456969335E-02,4.2495,5.735153595686));
#3048 = B_SPLINE_CURVE_WITH_KNOTS('',1,(#3049,#3050),.UNSPECIFIED.,.F.,
  .F.,(2,2),(-2.318660153378E-02,0.),.PIECEWISE_BEZIER_KNOTS.);
#3049 = CARTESIAN_POINT('',(-9.833456969335E-02,4.2495,5.735153595686));
#3050 = CARTESIAN_POINT('',(-9.849901321046E-02,4.2495,5.758339614081));
#3051 = ORIENTED_EDGE('',*,*,#3052,.F.);
#3052 = EDGE_CURVE('',#3053,#3046,#3055,.T.);
#3053 = VERTEX_POINT('',#3054);
#3054 = CARTESIAN_POINT('',(8.913762031746E-03,4.2495,5.73591423913));
#3055 = B_SPLINE_CURVE_WITH_KNOTS('',1,(#3056,#3057),.UNSPECIFIED.,.F.,
  .F.,(2,2),(-0.107251029069,0.),.PIECEWISE_BEZIER_KNOTS.);
#3056 = CARTESIAN_POINT('',(8.913762031746E-03,4.2495,5.73591423913));
#3057 = CARTESIAN_POINT('',(-9.833456969335E-02,4.2495,5.735153595686));
#3058 = ORIENTED_EDGE('',*,*,#3059,.F.);
#3059 = EDGE_CURVE('',#3060,#3053,#3062,.T.);
#3060 = VERTEX_POINT('',#3061);
#3061 = CARTESIAN_POINT('',(7.471378536313E-03,4.2495,5.939285772676));
#3062 = B_SPLINE_CURVE_WITH_KNOTS('',1,(#3063,#3064),.UNSPECIFIED.,.F.,
  .F.,(2,2),(-0.203376648431,0.),.PIECEWISE_BEZIER_KNOTS.);
#3063 = CARTESIAN_POINT('',(7.471378536313E-03,4.2495,5.939285772676));
#3064 = CARTESIAN_POINT('',(8.913762031746E-03,4.2495,5.73591423913));
#3065 = ORIENTED_EDGE('',*,*,#3066,.F.);
#3066 = EDGE_CURVE('',#3067,#3060,#3069,.T.);
#3067 = VERTEX_POINT('',#3068);
#3068 = CARTESIAN_POINT('',(-1.878184857019E-02,4.2495,5.93909957542));
#3069 = B_SPLINE_CURVE_WITH_KNOTS('',1,(#3070,#3071),.UNSPECIFIED.,.F.,
  .F.,(2,2),(-2.625388738689E-02,0.),.PIECEWISE_BEZIER_KNOTS.);
#3070 = CARTESIAN_POINT('',(-1.878184857019E-02,4.2495,5.93909957542));
#3071 = CARTESIAN_POINT('',(7.471378536313E-03,4.2495,5.939285772676));
#3072 = ORIENTED_EDGE('',*,*,#3073,.F.);
#3073 = EDGE_CURVE('',#3039,#3067,#3074,.T.);
#3074 = B_SPLINE_CURVE_WITH_KNOTS('',1,(#3075,#3076),.UNSPECIFIED.,.F.,
  .F.,(2,2),(-0.180190046898,0.),.PIECEWISE_BEZIER_KNOTS.);
#3075 = CARTESIAN_POINT('',(-1.750390859187E-02,4.2495,5.758914060269));
#3076 = CARTESIAN_POINT('',(-1.878184857019E-02,4.2495,5.93909957542));
#3077 = FACE_BOUND('',#3078,.T.);
#3078 = EDGE_LOOP('',(#3079,#3088,#3097,#3106,#3115,#3124,#3133,#3142,
    #3149,#3158,#3167,#3176,#3185,#3194));
#3079 = ORIENTED_EDGE('',*,*,#3080,.F.);
#3080 = EDGE_CURVE('',#3081,#3083,#3085,.T.);
#3081 = VERTEX_POINT('',#3082);
#3082 = CARTESIAN_POINT('',(-0.258980871649,4.2495,5.742436485721));
#3083 = VERTEX_POINT('',#3084);
#3084 = CARTESIAN_POINT('',(-0.259159326049,4.2495,5.767597994473));
#3085 = B_SPLINE_CURVE_WITH_KNOTS('',1,(#3086,#3087),.UNSPECIFIED.,.F.,
  .F.,(2,2),(-2.516214157531E-02,0.),.PIECEWISE_BEZIER_KNOTS.);
#3086 = CARTESIAN_POINT('',(-0.258980871649,4.2495,5.742436485721));
#3087 = CARTESIAN_POINT('',(-0.259159326049,4.2495,5.767597994473));
#3088 = ORIENTED_EDGE('',*,*,#3089,.F.);
#3089 = EDGE_CURVE('',#3090,#3081,#3092,.T.);
#3090 = VERTEX_POINT('',#3091);
#3091 = CARTESIAN_POINT('',(-0.202595331192,4.2495,5.730982853737));
#3092 = B_SPLINE_CURVE_WITH_KNOTS('',3,(#3093,#3094,#3095,#3096),
  .UNSPECIFIED.,.F.,.F.,(4,4),(0.,1.),.PIECEWISE_BEZIER_KNOTS.);
#3093 = CARTESIAN_POINT('',(-0.202595331192,4.2495,5.730982853737));
#3094 = CARTESIAN_POINT('',(-0.225157510527,4.2495,5.730822834709));
#3095 = CARTESIAN_POINT('',(-0.24395269068,4.2495,5.734640712036));
#3096 = CARTESIAN_POINT('',(-0.258980871649,4.2495,5.742436485721));
#3097 = ORIENTED_EDGE('',*,*,#3098,.F.);
#3098 = EDGE_CURVE('',#3099,#3090,#3101,.T.);
#3099 = VERTEX_POINT('',#3100);
#3100 = CARTESIAN_POINT('',(-0.132922246248,4.2495,5.759239234701));
#3101 = B_SPLINE_CURVE_WITH_KNOTS('',3,(#3102,#3103,#3104,#3105),
  .UNSPECIFIED.,.F.,.F.,(4,4),(1.,2.),.PIECEWISE_BEZIER_KNOTS.);
#3102 = CARTESIAN_POINT('',(-0.132922246248,4.2495,5.759239234701));
#3103 = CARTESIAN_POINT('',(-0.150206493491,4.2495,5.740608492264));
#3104 = CARTESIAN_POINT('',(-0.173430855139,4.2495,5.731189698609));
#3105 = CARTESIAN_POINT('',(-0.202595331192,4.2495,5.730982853737));
#3106 = ORIENTED_EDGE('',*,*,#3107,.F.);
#3107 = EDGE_CURVE('',#3108,#3099,#3110,.T.);
#3108 = VERTEX_POINT('',#3109);
#3109 = CARTESIAN_POINT('',(-0.107346331223,4.2495,5.832933361732));
#3110 = B_SPLINE_CURVE_WITH_KNOTS('',3,(#3111,#3112,#3113,#3114),
  .UNSPECIFIED.,.F.,.F.,(4,4),(2.,3.),.PIECEWISE_BEZIER_KNOTS.);
#3111 = CARTESIAN_POINT('',(-0.107346331223,4.2495,5.832933361732));
#3112 = CARTESIAN_POINT('',(-0.107130268665,4.2495,5.802469220971));
#3113 = CARTESIAN_POINT('',(-0.115637999005,4.2495,5.777869977138));
#3114 = CARTESIAN_POINT('',(-0.132922246248,4.2495,5.759239234701));
#3115 = ORIENTED_EDGE('',*,*,#3116,.F.);
#3116 = EDGE_CURVE('',#3117,#3108,#3119,.T.);
#3117 = VERTEX_POINT('',#3118);
#3118 = CARTESIAN_POINT('',(-0.137279188934,4.2495,5.911744656292));
#3119 = B_SPLINE_CURVE_WITH_KNOTS('',3,(#3120,#3121,#3122,#3123),
  .UNSPECIFIED.,.F.,.F.,(4,4),(3.,4.),.PIECEWISE_BEZIER_KNOTS.);
#3120 = CARTESIAN_POINT('',(-0.137279188934,4.2495,5.911744656292));
#3121 = CARTESIAN_POINT('',(-0.117538661478,4.2495,5.891920809078));
#3122 = CARTESIAN_POINT('',(-0.107578616909,4.2495,5.86568491238));
#3123 = CARTESIAN_POINT('',(-0.107346331223,4.2495,5.832933361732));
#3124 = ORIENTED_EDGE('',*,*,#3125,.F.);
#3125 = EDGE_CURVE('',#3126,#3117,#3128,.T.);
#3126 = VERTEX_POINT('',#3127);
#3127 = CARTESIAN_POINT('',(-0.212196291848,4.2495,5.941159098583));
#3128 = B_SPLINE_CURVE_WITH_KNOTS('',3,(#3129,#3130,#3131,#3132),
  .UNSPECIFIED.,.F.,.F.,(4,4),(4.,5.),.PIECEWISE_BEZIER_KNOTS.);
#3129 = CARTESIAN_POINT('',(-0.212196291848,4.2495,5.941159098583));
#3130 = CARTESIAN_POINT('',(-0.181992084029,4.2495,5.941373317604));
#3131 = CARTESIAN_POINT('',(-0.157019716391,4.2495,5.931568503507));
#3132 = CARTESIAN_POINT('',(-0.137279188934,4.2495,5.911744656292));
#3133 = ORIENTED_EDGE('',*,*,#3134,.F.);
#3134 = EDGE_CURVE('',#3135,#3126,#3137,.T.);
#3135 = VERTEX_POINT('',#3136);
#3136 = CARTESIAN_POINT('',(-0.260328866041,4.2495,5.932499452655));
#3137 = B_SPLINE_CURVE_WITH_KNOTS('',3,(#3138,#3139,#3140,#3141),
  .UNSPECIFIED.,.F.,.F.,(4,4),(5.,6.),.PIECEWISE_BEZIER_KNOTS.);
#3138 = CARTESIAN_POINT('',(-0.260328866041,4.2495,5.932499452655));
#3139 = CARTESIAN_POINT('',(-0.247683221477,4.2495,5.938099995634));
#3140 = CARTESIAN_POINT('',(-0.231639275884,4.2495,5.941021202001));
#3141 = CARTESIAN_POINT('',(-0.212196291848,4.2495,5.941159098583));
#3142 = ORIENTED_EDGE('',*,*,#3143,.F.);
#3143 = EDGE_CURVE('',#3144,#3135,#3146,.T.);
#3144 = VERTEX_POINT('',#3145);
#3145 = CARTESIAN_POINT('',(-0.260134188514,4.2495,5.905050534018));
#3146 = B_SPLINE_CURVE_WITH_KNOTS('',1,(#3147,#3148),.UNSPECIFIED.,.F.,
  .F.,(2,2),(-2.744960898998E-02,0.),.PIECEWISE_BEZIER_KNOTS.);
#3147 = CARTESIAN_POINT('',(-0.260134188514,4.2495,5.905050534018));
#3148 = CARTESIAN_POINT('',(-0.260328866041,4.2495,5.932499452655));
#3149 = ORIENTED_EDGE('',*,*,#3150,.F.);
#3150 = EDGE_CURVE('',#3151,#3144,#3153,.T.);
#3151 = VERTEX_POINT('',#3152);
#3152 = CARTESIAN_POINT('',(-0.212288094199,4.2495,5.917451370766));
#3153 = B_SPLINE_CURVE_WITH_KNOTS('',3,(#3154,#3155,#3156,#3157),
  .UNSPECIFIED.,.F.,.F.,(4,4),(7.,8.),.PIECEWISE_BEZIER_KNOTS.);
#3154 = CARTESIAN_POINT('',(-0.212288094199,4.2495,5.917451370766));
#3155 = CARTESIAN_POINT('',(-0.229703601289,4.2495,5.917327853775));
#3156 = CARTESIAN_POINT('',(-0.245635462142,4.2495,5.913263679879));
#3157 = CARTESIAN_POINT('',(-0.260134188514,4.2495,5.905050534018));
#3158 = ORIENTED_EDGE('',*,*,#3159,.F.);
#3159 = EDGE_CURVE('',#3160,#3151,#3162,.T.);
#3160 = VERTEX_POINT('',#3161);
#3161 = CARTESIAN_POINT('',(-0.156710372011,4.2495,5.89528223356));
#3162 = B_SPLINE_CURVE_WITH_KNOTS('',3,(#3163,#3164,#3165,#3166),
  .UNSPECIFIED.,.F.,.F.,(4,4),(8.,9.),.PIECEWISE_BEZIER_KNOTS.);
#3163 = CARTESIAN_POINT('',(-0.156710372011,4.2495,5.89528223356));
#3164 = CARTESIAN_POINT('',(-0.171113608959,4.2495,5.91025694963));
#3165 = CARTESIAN_POINT('',(-0.189621941687,4.2495,5.917612127209));
#3166 = CARTESIAN_POINT('',(-0.212288094199,4.2495,5.917451370766));
#3167 = ORIENTED_EDGE('',*,*,#3168,.F.);
#3168 = EDGE_CURVE('',#3169,#3160,#3171,.T.);
#3169 = VERTEX_POINT('',#3170);
#3170 = CARTESIAN_POINT('',(-0.134910284261,4.2495,5.834297544441));
#3171 = B_SPLINE_CURVE_WITH_KNOTS('',3,(#3172,#3173,#3174,#3175),
  .UNSPECIFIED.,.F.,.F.,(4,4),(9.,10.),.PIECEWISE_BEZIER_KNOTS.);
#3172 = CARTESIAN_POINT('',(-0.134910284261,4.2495,5.834297544441));
#3173 = CARTESIAN_POINT('',(-0.135091688321,4.2495,5.8598749459));
#3174 = CARTESIAN_POINT('',(-0.142358384237,4.2495,5.880203175605));
#3175 = CARTESIAN_POINT('',(-0.156710372011,4.2495,5.89528223356));
#3176 = ORIENTED_EDGE('',*,*,#3177,.F.);
#3177 = EDGE_CURVE('',#3178,#3169,#3180,.T.);
#3178 = VERTEX_POINT('',#3179);
#3179 = CARTESIAN_POINT('',(-0.154461656679,4.2495,5.776138928209));
#3180 = B_SPLINE_CURVE_WITH_KNOTS('',3,(#3181,#3182,#3183,#3184),
  .UNSPECIFIED.,.F.,.F.,(4,4),(10.,11.),.PIECEWISE_BEZIER_KNOTS.);
#3181 = CARTESIAN_POINT('',(-0.154461656679,4.2495,5.776138928209));
#3182 = CARTESIAN_POINT('',(-0.14125485332,4.2495,5.790581615692));
#3183 = CARTESIAN_POINT('',(-0.134737729181,4.2495,5.809967821103));
#3184 = CARTESIAN_POINT('',(-0.134910284261,4.2495,5.834297544441));
#3185 = ORIENTED_EDGE('',*,*,#3186,.F.);
#3186 = EDGE_CURVE('',#3187,#3178,#3189,.T.);
#3187 = VERTEX_POINT('',#3188);
#3188 = CARTESIAN_POINT('',(-0.206556270487,4.2495,5.754349902842));
#3189 = B_SPLINE_CURVE_WITH_KNOTS('',3,(#3190,#3191,#3192,#3193),
  .UNSPECIFIED.,.F.,.F.,(4,4),(11.,12.),.PIECEWISE_BEZIER_KNOTS.);
#3190 = CARTESIAN_POINT('',(-0.206556270487,4.2495,5.754349902842));
#3191 = CARTESIAN_POINT('',(-0.185033822918,4.2495,5.754502547721));
#3192 = CARTESIAN_POINT('',(-0.167669197454,4.2495,5.761800213902));
#3193 = CARTESIAN_POINT('',(-0.154461656679,4.2495,5.776138928209));
#3194 = ORIENTED_EDGE('',*,*,#3195,.F.);
#3195 = EDGE_CURVE('',#3083,#3187,#3196,.T.);
#3196 = B_SPLINE_CURVE_WITH_KNOTS('',3,(#3197,#3198,#3199,#3200),
  .UNSPECIFIED.,.F.,.F.,(4,4),(12.,13.),.PIECEWISE_BEZIER_KNOTS.);
#3197 = CARTESIAN_POINT('',(-0.259159326049,4.2495,5.767597994473));
#3198 = CARTESIAN_POINT('',(-0.244227006692,4.2495,5.75865777843));
#3199 = CARTESIAN_POINT('',(-0.22667508017,4.2495,5.754207213063));
#3200 = CARTESIAN_POINT('',(-0.206556270487,4.2495,5.754349902842));
#3201 = FACE_BOUND('',#3202,.T.);
#3202 = EDGE_LOOP('',(#3203,#3212,#3219,#3226,#3233,#3240,#3247,#3254,
    #3261,#3268,#3275,#3282));
#3203 = ORIENTED_EDGE('',*,*,#3204,.F.);
#3204 = EDGE_CURVE('',#3205,#3207,#3209,.T.);
#3205 = VERTEX_POINT('',#3206);
#3206 = CARTESIAN_POINT('',(-0.40917086507,4.2495,5.756136218435));
#3207 = VERTEX_POINT('',#3208);
#3208 = CARTESIAN_POINT('',(-0.32604431033,4.2495,5.756725781627));
#3209 = B_SPLINE_CURVE_WITH_KNOTS('',1,(#3210,#3211),.UNSPECIFIED.,.F.,
  .F.,(2,2),(-8.312864540908E-02,0.),.PIECEWISE_BEZIER_KNOTS.);
#3210 = CARTESIAN_POINT('',(-0.40917086507,4.2495,5.756136218435));
#3211 = CARTESIAN_POINT('',(-0.32604431033,4.2495,5.756725781627));
#3212 = ORIENTED_EDGE('',*,*,#3213,.F.);
#3213 = EDGE_CURVE('',#3214,#3205,#3216,.T.);
#3214 = VERTEX_POINT('',#3215);
#3215 = CARTESIAN_POINT('',(-0.409006421552,4.2495,5.73295020004));
#3216 = B_SPLINE_CURVE_WITH_KNOTS('',1,(#3217,#3218),.UNSPECIFIED.,.F.,
  .F.,(2,2),(-2.318660153378E-02,0.),.PIECEWISE_BEZIER_KNOTS.);
#3217 = CARTESIAN_POINT('',(-0.409006421552,4.2495,5.73295020004));
#3218 = CARTESIAN_POINT('',(-0.40917086507,4.2495,5.756136218435));
#3219 = ORIENTED_EDGE('',*,*,#3220,.F.);
#3220 = EDGE_CURVE('',#3221,#3214,#3223,.T.);
#3221 = VERTEX_POINT('',#3222);
#3222 = CARTESIAN_POINT('',(-0.299626639707,4.2495,5.733725960488));
#3223 = B_SPLINE_CURVE_WITH_KNOTS('',1,(#3224,#3225),.UNSPECIFIED.,.F.,
  .F.,(2,2),(-0.109382532796,-0.),.PIECEWISE_BEZIER_KNOTS.);
#3224 = CARTESIAN_POINT('',(-0.299626639707,4.2495,5.733725960488));
#3225 = CARTESIAN_POINT('',(-0.409006421552,4.2495,5.73295020004));
#3226 = ORIENTED_EDGE('',*,*,#3227,.F.);
#3227 = EDGE_CURVE('',#3228,#3221,#3230,.T.);
#3228 = VERTEX_POINT('',#3229);
#3229 = CARTESIAN_POINT('',(-0.301069023202,4.2495,5.937097494035));
#3230 = B_SPLINE_CURVE_WITH_KNOTS('',1,(#3231,#3232),.UNSPECIFIED.,.F.,
  .F.,(2,2),(-0.203376648431,-1.574779975303E-18),
  .PIECEWISE_BEZIER_KNOTS.);
#3231 = CARTESIAN_POINT('',(-0.301069023202,4.2495,5.937097494035));
#3232 = CARTESIAN_POINT('',(-0.299626639707,4.2495,5.733725960488));
#3233 = ORIENTED_EDGE('',*,*,#3234,.F.);
#3234 = EDGE_CURVE('',#3235,#3228,#3237,.T.);
#3235 = VERTEX_POINT('',#3236);
#3236 = CARTESIAN_POINT('',(-0.405821998687,4.2495,5.936354548548));
#3237 = B_SPLINE_CURVE_WITH_KNOTS('',1,(#3238,#3239),.UNSPECIFIED.,.F.,
  .F.,(2,2),(-0.104755610069,0.),.PIECEWISE_BEZIER_KNOTS.);
#3238 = CARTESIAN_POINT('',(-0.405821998687,4.2495,5.936354548548));
#3239 = CARTESIAN_POINT('',(-0.301069023202,4.2495,5.937097494035));
#3240 = ORIENTED_EDGE('',*,*,#3241,.F.);
#3241 = EDGE_CURVE('',#3242,#3235,#3244,.T.);
#3242 = VERTEX_POINT('',#3243);
#3243 = CARTESIAN_POINT('',(-0.40565608034,4.2495,5.9129605838));
#3244 = B_SPLINE_CURVE_WITH_KNOTS('',1,(#3245,#3246),.UNSPECIFIED.,.F.,
  .F.,(2,2),(-2.339455311681E-02,0.),.PIECEWISE_BEZIER_KNOTS.);
#3245 = CARTESIAN_POINT('',(-0.40565608034,4.2495,5.9129605838));
#3246 = CARTESIAN_POINT('',(-0.405821998687,4.2495,5.936354548548));
#3247 = ORIENTED_EDGE('',*,*,#3248,.F.);
#3248 = EDGE_CURVE('',#3249,#3242,#3251,.T.);
#3249 = VERTEX_POINT('',#3250);
#3250 = CARTESIAN_POINT('',(-0.327156331962,4.2495,5.913517332031));
#3251 = B_SPLINE_CURVE_WITH_KNOTS('',1,(#3252,#3253),.UNSPECIFIED.,.F.,
  .F.,(2,2),(-7.850172268189E-02,-0.),.PIECEWISE_BEZIER_KNOTS.);
#3252 = CARTESIAN_POINT('',(-0.327156331962,4.2495,5.913517332031));
#3253 = CARTESIAN_POINT('',(-0.40565608034,4.2495,5.9129605838));
#3254 = ORIENTED_EDGE('',*,*,#3255,.F.);
#3255 = EDGE_CURVE('',#3256,#3249,#3258,.T.);
#3256 = VERTEX_POINT('',#3257);
#3257 = CARTESIAN_POINT('',(-0.32669471025,4.2495,5.848430123441));
#3258 = B_SPLINE_CURVE_WITH_KNOTS('',1,(#3259,#3260),.UNSPECIFIED.,.F.,
  .F.,(2,2),(-6.508884556212E-02,0.),.PIECEWISE_BEZIER_KNOTS.);
#3259 = CARTESIAN_POINT('',(-0.32669471025,4.2495,5.848430123441));
#3260 = CARTESIAN_POINT('',(-0.327156331962,4.2495,5.913517332031));
#3261 = ORIENTED_EDGE('',*,*,#3262,.F.);
#3262 = EDGE_CURVE('',#3263,#3256,#3265,.T.);
#3263 = VERTEX_POINT('',#3264);
#3264 = CARTESIAN_POINT('',(-0.399423947323,4.2495,5.847914301736));
#3265 = B_SPLINE_CURVE_WITH_KNOTS('',1,(#3266,#3267),.UNSPECIFIED.,.F.,
  .F.,(2,2),(-7.273106624597E-02,0.),.PIECEWISE_BEZIER_KNOTS.);
#3266 = CARTESIAN_POINT('',(-0.399423947323,4.2495,5.847914301736));
#3267 = CARTESIAN_POINT('',(-0.32669471025,4.2495,5.848430123441));
#3268 = ORIENTED_EDGE('',*,*,#3269,.F.);
#3269 = EDGE_CURVE('',#3270,#3263,#3272,.T.);
#3270 = VERTEX_POINT('',#3271);
#3271 = CARTESIAN_POINT('',(-0.399258766391,4.2495,5.824624310164));
#3272 = B_SPLINE_CURVE_WITH_KNOTS('',1,(#3273,#3274),.UNSPECIFIED.,.F.,
  .F.,(2,2),(-2.32905773253E-02,0.),.PIECEWISE_BEZIER_KNOTS.);
#3273 = CARTESIAN_POINT('',(-0.399258766391,4.2495,5.824624310164));
#3274 = CARTESIAN_POINT('',(-0.399423947323,4.2495,5.847914301736));
#3275 = ORIENTED_EDGE('',*,*,#3276,.F.);
#3276 = EDGE_CURVE('',#3277,#3270,#3279,.T.);
#3277 = VERTEX_POINT('',#3278);
#3278 = CARTESIAN_POINT('',(-0.326529529318,4.2495,5.825140131869));
#3279 = B_SPLINE_CURVE_WITH_KNOTS('',1,(#3280,#3281),.UNSPECIFIED.,.F.,
  .F.,(2,2),(-7.273106624597E-02,-0.),.PIECEWISE_BEZIER_KNOTS.);
#3280 = CARTESIAN_POINT('',(-0.326529529318,4.2495,5.825140131869));
#3281 = CARTESIAN_POINT('',(-0.399258766391,4.2495,5.824624310164));
#3282 = ORIENTED_EDGE('',*,*,#3283,.F.);
#3283 = EDGE_CURVE('',#3207,#3277,#3284,.T.);
#3284 = B_SPLINE_CURVE_WITH_KNOTS('',1,(#3285,#3286),.UNSPECIFIED.,.F.,
  .F.,(2,2),(-6.841607089332E-02,0.),.PIECEWISE_BEZIER_KNOTS.);
#3285 = CARTESIAN_POINT('',(-0.32604431033,4.2495,5.756725781627));
#3286 = CARTESIAN_POINT('',(-0.326529529318,4.2495,5.825140131869));
#3287 = FACE_BOUND('',#3288,.T.);
#3288 = EDGE_LOOP('',(#3289,#3298,#3305,#3312,#3319,#3326,#3333,#3340));
#3289 = ORIENTED_EDGE('',*,*,#3290,.F.);
#3290 = EDGE_CURVE('',#3291,#3293,#3295,.T.);
#3291 = VERTEX_POINT('',#3292);
#3292 = CARTESIAN_POINT('',(-0.731258041632,4.2495,5.934046439989));
#3293 = VERTEX_POINT('',#3294);
#3294 = CARTESIAN_POINT('',(-0.703185283934,4.2495,5.934245542006));
#3295 = B_SPLINE_CURVE_WITH_KNOTS('',1,(#3296,#3297),.UNSPECIFIED.,.F.,
  .F.,(2,2),(-2.807346374045E-02,0.),.PIECEWISE_BEZIER_KNOTS.);
#3296 = CARTESIAN_POINT('',(-0.731258041632,4.2495,5.934046439989));
#3297 = CARTESIAN_POINT('',(-0.703185283934,4.2495,5.934245542006));
#3298 = ORIENTED_EDGE('',*,*,#3299,.F.);
#3299 = EDGE_CURVE('',#3300,#3291,#3302,.T.);
#3300 = VERTEX_POINT('',#3301);
#3301 = CARTESIAN_POINT('',(-0.807275674749,4.2495,5.730125532361));
#3302 = B_SPLINE_CURVE_WITH_KNOTS('',1,(#3303,#3304),.UNSPECIFIED.,.F.,
  .F.,(2,2),(-0.217629081496,0.),.PIECEWISE_BEZIER_KNOTS.);
#3303 = CARTESIAN_POINT('',(-0.807275674749,4.2495,5.730125532361));
#3304 = CARTESIAN_POINT('',(-0.731258041632,4.2495,5.934046439989));
#3305 = ORIENTED_EDGE('',*,*,#3306,.F.);
#3306 = EDGE_CURVE('',#3307,#3300,#3309,.T.);
#3307 = VERTEX_POINT('',#3308);
#3308 = CARTESIAN_POINT('',(-0.77826715846,4.2495,5.730331271111));
#3309 = B_SPLINE_CURVE_WITH_KNOTS('',1,(#3310,#3311),.UNSPECIFIED.,.F.,
  .F.,(2,2),(-2.900924586545E-02,-0.),.PIECEWISE_BEZIER_KNOTS.);
#3310 = CARTESIAN_POINT('',(-0.77826715846,4.2495,5.730331271111));
#3311 = CARTESIAN_POINT('',(-0.807275674749,4.2495,5.730125532361));
#3312 = ORIENTED_EDGE('',*,*,#3313,.F.);
#3313 = EDGE_CURVE('',#3314,#3307,#3316,.T.);
#3314 = VERTEX_POINT('',#3315);
#3315 = CARTESIAN_POINT('',(-0.757919026675,4.2495,5.786104034892));
#3316 = B_SPLINE_CURVE_WITH_KNOTS('',1,(#3317,#3318),.UNSPECIFIED.,.F.,
  .F.,(2,2),(-5.936874301283E-02,-7.610390003183E-17),
  .PIECEWISE_BEZIER_KNOTS.);
#3317 = CARTESIAN_POINT('',(-0.757919026675,4.2495,5.786104034892));
#3318 = CARTESIAN_POINT('',(-0.77826715846,4.2495,5.730331271111));
#3319 = ORIENTED_EDGE('',*,*,#3320,.F.);
#3320 = EDGE_CURVE('',#3321,#3314,#3323,.T.);
#3321 = VERTEX_POINT('',#3322);
#3322 = CARTESIAN_POINT('',(-0.673232874285,4.2495,5.786704659308));
#3323 = B_SPLINE_CURVE_WITH_KNOTS('',1,(#3324,#3325),.UNSPECIFIED.,.F.,
  .F.,(2,2),(-8.468828228454E-02,-0.),.PIECEWISE_BEZIER_KNOTS.);
#3324 = CARTESIAN_POINT('',(-0.673232874285,4.2495,5.786704659308));
#3325 = CARTESIAN_POINT('',(-0.757919026675,4.2495,5.786104034892));
#3326 = ORIENTED_EDGE('',*,*,#3327,.F.);
#3327 = EDGE_CURVE('',#3328,#3321,#3330,.T.);
#3328 = VERTEX_POINT('',#3329);
#3329 = CARTESIAN_POINT('',(-0.653291400115,4.2495,5.731217643791));
#3330 = B_SPLINE_CURVE_WITH_KNOTS('',1,(#3331,#3332),.UNSPECIFIED.,.F.,
  .F.,(2,2),(-5.896160855208E-02,0.),.PIECEWISE_BEZIER_KNOTS.);
#3331 = CARTESIAN_POINT('',(-0.653291400115,4.2495,5.731217643791));
#3332 = CARTESIAN_POINT('',(-0.673232874285,4.2495,5.786704659308));
#3333 = ORIENTED_EDGE('',*,*,#3334,.F.);
#3334 = EDGE_CURVE('',#3335,#3328,#3337,.T.);
#3335 = VERTEX_POINT('',#3336);
#3336 = CARTESIAN_POINT('',(-0.624282883828,4.2495,5.731423382541));
#3337 = B_SPLINE_CURVE_WITH_KNOTS('',1,(#3338,#3339),.UNSPECIFIED.,.F.,
  .F.,(2,2),(-2.900924586407E-02,-0.),.PIECEWISE_BEZIER_KNOTS.);
#3338 = CARTESIAN_POINT('',(-0.624282883828,4.2495,5.731423382541));
#3339 = CARTESIAN_POINT('',(-0.653291400115,4.2495,5.731217643791));
#3340 = ORIENTED_EDGE('',*,*,#3341,.F.);
#3341 = EDGE_CURVE('',#3293,#3335,#3342,.T.);
#3342 = B_SPLINE_CURVE_WITH_KNOTS('',1,(#3343,#3344),.UNSPECIFIED.,.F.,
  .F.,(2,2),(-0.217629081495,0.),.PIECEWISE_BEZIER_KNOTS.);
#3343 = CARTESIAN_POINT('',(-0.703185283934,4.2495,5.934245542006));
#3344 = CARTESIAN_POINT('',(-0.624282883828,4.2495,5.731423382541));
#3345 = FACE_BOUND('',#3346,.T.);
#3346 = EDGE_LOOP('',(#3347,#3356,#3363,#3370,#3377,#3384,#3391,#3398,
    #3405,#3412,#3419,#3426));
#3347 = ORIENTED_EDGE('',*,*,#3348,.F.);
#3348 = EDGE_CURVE('',#3349,#3351,#3353,.T.);
#3349 = VERTEX_POINT('',#3350);
#3350 = CARTESIAN_POINT('',(-9.834226497462E-02,4.2495,5.435695729901));
#3351 = VERTEX_POINT('',#3352);
#3352 = CARTESIAN_POINT('',(-1.521571023485E-02,4.2495,5.436285293094));
#3353 = B_SPLINE_CURVE_WITH_KNOTS('',1,(#3354,#3355),.UNSPECIFIED.,.F.,
  .F.,(2,2),(-8.312864540976E-02,0.),.PIECEWISE_BEZIER_KNOTS.);
#3354 = CARTESIAN_POINT('',(-9.834226497462E-02,4.2495,5.435695729901));
#3355 = CARTESIAN_POINT('',(-1.521571023485E-02,4.2495,5.436285293094));
#3356 = ORIENTED_EDGE('',*,*,#3357,.F.);
#3357 = EDGE_CURVE('',#3358,#3349,#3360,.T.);
#3358 = VERTEX_POINT('',#3359);
#3359 = CARTESIAN_POINT('',(-9.817782145751E-02,4.2495,5.412509711506));
#3360 = B_SPLINE_CURVE_WITH_KNOTS('',1,(#3361,#3362),.UNSPECIFIED.,.F.,
  .F.,(2,2),(-2.318660153379E-02,0.),.PIECEWISE_BEZIER_KNOTS.);
#3361 = CARTESIAN_POINT('',(-9.817782145751E-02,4.2495,5.412509711506));
#3362 = CARTESIAN_POINT('',(-9.834226497462E-02,4.2495,5.435695729901));
#3363 = ORIENTED_EDGE('',*,*,#3364,.F.);
#3364 = EDGE_CURVE('',#3365,#3358,#3367,.T.);
#3365 = VERTEX_POINT('',#3366);
#3366 = CARTESIAN_POINT('',(1.120196038877E-02,4.2495,5.413285471954));
#3367 = B_SPLINE_CURVE_WITH_KNOTS('',1,(#3368,#3369),.UNSPECIFIED.,.F.,
  .F.,(2,2),(-0.109382532797,0.),.PIECEWISE_BEZIER_KNOTS.);
#3368 = CARTESIAN_POINT('',(1.120196038877E-02,4.2495,5.413285471954));
#3369 = CARTESIAN_POINT('',(-9.817782145751E-02,4.2495,5.412509711506));
#3370 = ORIENTED_EDGE('',*,*,#3371,.F.);
#3371 = EDGE_CURVE('',#3372,#3365,#3374,.T.);
#3372 = VERTEX_POINT('',#3373);
#3373 = CARTESIAN_POINT('',(9.759576893333E-03,4.2495,5.616657005501));
#3374 = B_SPLINE_CURVE_WITH_KNOTS('',1,(#3375,#3376),.UNSPECIFIED.,.F.,
  .F.,(2,2),(-0.203376648431,-4.4560360919E-16),
  .PIECEWISE_BEZIER_KNOTS.);
#3375 = CARTESIAN_POINT('',(9.759576893333E-03,4.2495,5.616657005501));
#3376 = CARTESIAN_POINT('',(1.120196038877E-02,4.2495,5.413285471954));
#3377 = ORIENTED_EDGE('',*,*,#3378,.F.);
#3378 = EDGE_CURVE('',#3379,#3372,#3381,.T.);
#3379 = VERTEX_POINT('',#3380);
#3380 = CARTESIAN_POINT('',(-9.499339859131E-02,4.2495,5.615914060014));
#3381 = B_SPLINE_CURVE_WITH_KNOTS('',1,(#3382,#3383),.UNSPECIFIED.,.F.,
  .F.,(2,2),(-0.104755610069,0.),.PIECEWISE_BEZIER_KNOTS.);
#3382 = CARTESIAN_POINT('',(-9.499339859131E-02,4.2495,5.615914060014));
#3383 = CARTESIAN_POINT('',(9.759576893333E-03,4.2495,5.616657005501));
#3384 = ORIENTED_EDGE('',*,*,#3385,.F.);
#3385 = EDGE_CURVE('',#3386,#3379,#3388,.T.);
#3386 = VERTEX_POINT('',#3387);
#3387 = CARTESIAN_POINT('',(-9.482748024444E-02,4.2495,5.592520095266));
#3388 = B_SPLINE_CURVE_WITH_KNOTS('',1,(#3389,#3390),.UNSPECIFIED.,.F.,
  .F.,(2,2),(-2.339455311681E-02,0.),.PIECEWISE_BEZIER_KNOTS.);
#3389 = CARTESIAN_POINT('',(-9.482748024444E-02,4.2495,5.592520095266));
#3390 = CARTESIAN_POINT('',(-9.499339859131E-02,4.2495,5.615914060014));
#3391 = ORIENTED_EDGE('',*,*,#3392,.F.);
#3392 = EDGE_CURVE('',#3393,#3386,#3395,.T.);
#3393 = VERTEX_POINT('',#3394);
#3394 = CARTESIAN_POINT('',(-1.63277318663E-02,4.2495,5.593076843497));
#3395 = B_SPLINE_CURVE_WITH_KNOTS('',1,(#3396,#3397),.UNSPECIFIED.,.F.,
  .F.,(2,2),(-7.850172268188E-02,0.),.PIECEWISE_BEZIER_KNOTS.);
#3396 = CARTESIAN_POINT('',(-1.63277318663E-02,4.2495,5.593076843497));
#3397 = CARTESIAN_POINT('',(-9.482748024444E-02,4.2495,5.592520095266));
#3398 = ORIENTED_EDGE('',*,*,#3399,.F.);
#3399 = EDGE_CURVE('',#3400,#3393,#3402,.T.);
#3400 = VERTEX_POINT('',#3401);
#3401 = CARTESIAN_POINT('',(-1.586611015457E-02,4.2495,5.527989634907));
#3402 = B_SPLINE_CURVE_WITH_KNOTS('',1,(#3403,#3404),.UNSPECIFIED.,.F.,
  .F.,(2,2),(-6.508884556213E-02,0.),.PIECEWISE_BEZIER_KNOTS.);
#3403 = CARTESIAN_POINT('',(-1.586611015457E-02,4.2495,5.527989634907));
#3404 = CARTESIAN_POINT('',(-1.63277318663E-02,4.2495,5.593076843497));
#3405 = ORIENTED_EDGE('',*,*,#3406,.F.);
#3406 = EDGE_CURVE('',#3407,#3400,#3409,.T.);
#3407 = VERTEX_POINT('',#3408);
#3408 = CARTESIAN_POINT('',(-8.859534722842E-02,4.2495,5.527473813202));
#3409 = B_SPLINE_CURVE_WITH_KNOTS('',1,(#3410,#3411),.UNSPECIFIED.,.F.,
  .F.,(2,2),(-7.273106624666E-02,0.),.PIECEWISE_BEZIER_KNOTS.);
#3410 = CARTESIAN_POINT('',(-8.859534722842E-02,4.2495,5.527473813202));
#3411 = CARTESIAN_POINT('',(-1.586611015457E-02,4.2495,5.527989634907));
#3412 = ORIENTED_EDGE('',*,*,#3413,.F.);
#3413 = EDGE_CURVE('',#3414,#3407,#3416,.T.);
#3414 = VERTEX_POINT('',#3415);
#3415 = CARTESIAN_POINT('',(-8.843016629643E-02,4.2495,5.50418382163));
#3416 = B_SPLINE_CURVE_WITH_KNOTS('',1,(#3417,#3418),.UNSPECIFIED.,.F.,
  .F.,(2,2),(-2.32905773253E-02,0.),.PIECEWISE_BEZIER_KNOTS.);
#3417 = CARTESIAN_POINT('',(-8.843016629643E-02,4.2495,5.50418382163));
#3418 = CARTESIAN_POINT('',(-8.859534722842E-02,4.2495,5.527473813202));
#3419 = ORIENTED_EDGE('',*,*,#3420,.F.);
#3420 = EDGE_CURVE('',#3421,#3414,#3423,.T.);
#3421 = VERTEX_POINT('',#3422);
#3422 = CARTESIAN_POINT('',(-1.570092922258E-02,4.2495,5.504699643335));
#3423 = B_SPLINE_CURVE_WITH_KNOTS('',1,(#3424,#3425),.UNSPECIFIED.,.F.,
  .F.,(2,2),(-7.273106624666E-02,0.),.PIECEWISE_BEZIER_KNOTS.);
#3424 = CARTESIAN_POINT('',(-1.570092922258E-02,4.2495,5.504699643335));
#3425 = CARTESIAN_POINT('',(-8.843016629643E-02,4.2495,5.50418382163));
#3426 = ORIENTED_EDGE('',*,*,#3427,.F.);
#3427 = EDGE_CURVE('',#3351,#3421,#3428,.T.);
#3428 = B_SPLINE_CURVE_WITH_KNOTS('',1,(#3429,#3430),.UNSPECIFIED.,.F.,
  .F.,(2,2),(-6.841607089331E-02,0.),.PIECEWISE_BEZIER_KNOTS.);
#3429 = CARTESIAN_POINT('',(-1.521571023485E-02,4.2495,5.436285293094));
#3430 = CARTESIAN_POINT('',(-1.570092922258E-02,4.2495,5.504699643335));
#3431 = FACE_BOUND('',#3432,.T.);
#3432 = EDGE_LOOP('',(#3433,#3444,#3451,#3458,#3465,#3474,#3483));
#3433 = ORIENTED_EDGE('',*,*,#3434,.F.);
#3434 = EDGE_CURVE('',#3435,#3437,#3439,.T.);
#3435 = VERTEX_POINT('',#3436);
#3436 = CARTESIAN_POINT('',(-0.755756177244,4.2495,5.407845931129));
#3437 = VERTEX_POINT('',#3438);
#3438 = CARTESIAN_POINT('',(-0.834925856592,4.2495,5.435774514936));
#3439 = B_SPLINE_CURVE_WITH_KNOTS('',3,(#3440,#3441,#3442,#3443),
  .UNSPECIFIED.,.F.,.F.,(4,4),(5.,6.),.PIECEWISE_BEZIER_KNOTS.);
#3440 = CARTESIAN_POINT('',(-0.755756177244,4.2495,5.407845931129));
#3441 = CARTESIAN_POINT('',(-0.78793587542,4.2495,5.407617701225));
#3442 = CARTESIAN_POINT('',(-0.814360180457,4.2495,5.41689232563));
#3443 = CARTESIAN_POINT('',(-0.834925856592,4.2495,5.435774514936));
#3444 = ORIENTED_EDGE('',*,*,#3445,.F.);
#3445 = EDGE_CURVE('',#3446,#3435,#3448,.T.);
#3446 = VERTEX_POINT('',#3447);
#3447 = CARTESIAN_POINT('',(-0.699818608201,4.2495,5.408242660332));
#3448 = B_SPLINE_CURVE_WITH_KNOTS('',1,(#3449,#3450),.UNSPECIFIED.,.F.,
  .F.,(2,2),(-5.593897589787E-02,-1.078699503216E-16),
  .PIECEWISE_BEZIER_KNOTS.);
#3449 = CARTESIAN_POINT('',(-0.699818608201,4.2495,5.408242660332));
#3450 = CARTESIAN_POINT('',(-0.755756177244,4.2495,5.407845931129));
#3451 = ORIENTED_EDGE('',*,*,#3452,.F.);
#3452 = EDGE_CURVE('',#3453,#3446,#3455,.T.);
#3453 = VERTEX_POINT('',#3454);
#3454 = CARTESIAN_POINT('',(-0.701260991696,4.2495,5.611614193878));
#3455 = B_SPLINE_CURVE_WITH_KNOTS('',1,(#3456,#3457),.UNSPECIFIED.,.F.,
  .F.,(2,2),(-0.203376648431,0.),.PIECEWISE_BEZIER_KNOTS.);
#3456 = CARTESIAN_POINT('',(-0.701260991696,4.2495,5.611614193878));
#3457 = CARTESIAN_POINT('',(-0.699818608201,4.2495,5.408242660332));
#3458 = ORIENTED_EDGE('',*,*,#3459,.F.);
#3459 = EDGE_CURVE('',#3460,#3453,#3462,.T.);
#3460 = VERTEX_POINT('',#3461);
#3461 = CARTESIAN_POINT('',(-0.759278024272,4.2495,5.611202716378));
#3462 = B_SPLINE_CURVE_WITH_KNOTS('',1,(#3463,#3464),.UNSPECIFIED.,.F.,
  .F.,(2,2),(-5.801849172952E-02,7.802861318562E-16),
  .PIECEWISE_BEZIER_KNOTS.);
#3463 = CARTESIAN_POINT('',(-0.759278024272,4.2495,5.611202716378));
#3464 = CARTESIAN_POINT('',(-0.701260991696,4.2495,5.611614193878));
#3465 = ORIENTED_EDGE('',*,*,#3466,.F.);
#3466 = EDGE_CURVE('',#3467,#3460,#3469,.T.);
#3467 = VERTEX_POINT('',#3468);
#3468 = CARTESIAN_POINT('',(-0.835975197959,4.2495,5.583728345323));
#3469 = B_SPLINE_CURVE_WITH_KNOTS('',3,(#3470,#3471,#3472,#3473),
  .UNSPECIFIED.,.F.,.F.,(4,4),(2.,3.),.PIECEWISE_BEZIER_KNOTS.);
#3470 = CARTESIAN_POINT('',(-0.835975197959,4.2495,5.583728345323));
#3471 = CARTESIAN_POINT('',(-0.815672041519,4.2495,5.601860606907));
#3472 = CARTESIAN_POINT('',(-0.790106071151,4.2495,5.610984072868));
#3473 = CARTESIAN_POINT('',(-0.759278024272,4.2495,5.611202716378));
#3474 = ORIENTED_EDGE('',*,*,#3475,.F.);
#3475 = EDGE_CURVE('',#3476,#3467,#3478,.T.);
#3476 = VERTEX_POINT('',#3477);
#3477 = CARTESIAN_POINT('',(-0.866135519151,4.2495,5.511353423332));
#3478 = B_SPLINE_CURVE_WITH_KNOTS('',3,(#3479,#3480,#3481,#3482),
  .UNSPECIFIED.,.F.,.F.,(4,4),(3.,4.),.PIECEWISE_BEZIER_KNOTS.);
#3479 = CARTESIAN_POINT('',(-0.866135519151,4.2495,5.511353423332));
#3480 = CARTESIAN_POINT('',(-0.866349369465,4.2495,5.541505644564));
#3481 = CARTESIAN_POINT('',(-0.856278354399,4.2495,5.565596083738));
#3482 = CARTESIAN_POINT('',(-0.835975197959,4.2495,5.583728345323));
#3483 = ORIENTED_EDGE('',*,*,#3484,.F.);
#3484 = EDGE_CURVE('',#3437,#3476,#3485,.T.);
#3485 = B_SPLINE_CURVE_WITH_KNOTS('',3,(#3486,#3487,#3488,#3489),
  .UNSPECIFIED.,.F.,.F.,(4,4),(4.,5.),.PIECEWISE_BEZIER_KNOTS.);
#3486 = CARTESIAN_POINT('',(-0.834925856592,4.2495,5.435774514936));
#3487 = CARTESIAN_POINT('',(-0.855491532728,4.2495,5.454656704242));
#3488 = CARTESIAN_POINT('',(-0.865912082444,4.2495,5.479849550804));
#3489 = CARTESIAN_POINT('',(-0.866135519151,4.2495,5.511353423332));
#3490 = FACE_BOUND('',#3491,.T.);
#3491 = EDGE_LOOP('',(#3492,#3503,#3512,#3521,#3530,#3537,#3546,#3555,
    #3564,#3571,#3580,#3589,#3598,#3607,#3616,#3625,#3634,#3643,#3652,
    #3661,#3668,#3675,#3682,#3691,#3700,#3709,#3718,#3727,#3736,#3745,
    #3754,#3763,#3772));
#3492 = ORIENTED_EDGE('',*,*,#3493,.F.);
#3493 = EDGE_CURVE('',#3494,#3496,#3498,.T.);
#3494 = VERTEX_POINT('',#3495);
#3495 = CARTESIAN_POINT('',(0.318134242027,4.2495,5.806629313151));
#3496 = VERTEX_POINT('',#3497);
#3497 = CARTESIAN_POINT('',(0.395405446779,4.2495,5.921413208976));
#3498 = B_SPLINE_CURVE_WITH_KNOTS('',3,(#3499,#3500,#3501,#3502),
  .UNSPECIFIED.,.F.,.F.,(4,4),(0.,1.),.PIECEWISE_BEZIER_KNOTS.);
#3499 = CARTESIAN_POINT('',(0.318134242027,4.2495,5.806629313151));
#3500 = CARTESIAN_POINT('',(0.333732022836,4.2495,5.850120644312));
#3501 = CARTESIAN_POINT('',(0.360928219823,4.2495,5.88935616221));
#3502 = CARTESIAN_POINT('',(0.395405446779,4.2495,5.921413208976));
#3503 = ORIENTED_EDGE('',*,*,#3504,.F.);
#3504 = EDGE_CURVE('',#3505,#3494,#3507,.T.);
#3505 = VERTEX_POINT('',#3506);
#3506 = CARTESIAN_POINT('',(0.176328576235,4.2495,5.616194542955));
#3507 = B_SPLINE_CURVE_WITH_KNOTS('',3,(#3508,#3509,#3510,#3511),
  .UNSPECIFIED.,.F.,.F.,(4,4),(35.,36.),.PIECEWISE_BEZIER_KNOTS.);
#3508 = CARTESIAN_POINT('',(0.176328576235,4.2495,5.616194542955));
#3509 = CARTESIAN_POINT('',(0.177159193419,4.2495,5.702961791095));
#3510 = CARTESIAN_POINT('',(0.235899683817,4.2495,5.780017663667));
#3511 = CARTESIAN_POINT('',(0.318134242027,4.2495,5.806629313151));
#3512 = ORIENTED_EDGE('',*,*,#3513,.F.);
#3513 = EDGE_CURVE('',#3514,#3505,#3516,.T.);
#3514 = VERTEX_POINT('',#3515);
#3515 = CARTESIAN_POINT('',(0.230803010943,4.2495,5.479208658996));
#3516 = B_SPLINE_CURVE_WITH_KNOTS('',3,(#3517,#3518,#3519,#3520),
  .UNSPECIFIED.,.F.,.F.,(4,4),(34.,35.),.PIECEWISE_BEZIER_KNOTS.);
#3517 = CARTESIAN_POINT('',(0.230803010943,4.2495,5.479208658996));
#3518 = CARTESIAN_POINT('',(0.195833534555,4.2495,5.516557232908));
#3519 = CARTESIAN_POINT('',(0.176687508204,4.2495,5.565586264806));
#3520 = CARTESIAN_POINT('',(0.176328576235,4.2495,5.616194542955));
#3521 = ORIENTED_EDGE('',*,*,#3522,.F.);
#3522 = EDGE_CURVE('',#3523,#3514,#3525,.T.);
#3523 = VERTEX_POINT('',#3524);
#3524 = CARTESIAN_POINT('',(0.362845996027,4.2495,5.415074095768));
#3525 = B_SPLINE_CURVE_WITH_KNOTS('',3,(#3526,#3527,#3528,#3529),
  .UNSPECIFIED.,.F.,.F.,(4,4),(33.,34.),.PIECEWISE_BEZIER_KNOTS.);
#3526 = CARTESIAN_POINT('',(0.362845996027,4.2495,5.415074095768));
#3527 = CARTESIAN_POINT('',(0.31220695236,4.2495,5.41905300518));
#3528 = CARTESIAN_POINT('',(0.26577243217,4.2495,5.441860084693));
#3529 = CARTESIAN_POINT('',(0.230803010943,4.2495,5.479208658996));
#3530 = ORIENTED_EDGE('',*,*,#3531,.F.);
#3531 = EDGE_CURVE('',#3532,#3523,#3534,.T.);
#3532 = VERTEX_POINT('',#3533);
#3533 = CARTESIAN_POINT('',(0.448157060384,4.2495,5.415679152283));
#3534 = B_SPLINE_CURVE_WITH_KNOTS('',1,(#3535,#3536),.UNSPECIFIED.,.F.,
  .F.,(2,2),(-8.097525948804E-02,4.337950480129E-03),
  .PIECEWISE_BEZIER_KNOTS.);
#3535 = CARTESIAN_POINT('',(0.448157060384,4.2495,5.415679152283));
#3536 = CARTESIAN_POINT('',(0.362845996027,4.2495,5.415074095768));
#3537 = ORIENTED_EDGE('',*,*,#3538,.F.);
#3538 = EDGE_CURVE('',#3539,#3532,#3541,.T.);
#3539 = VERTEX_POINT('',#3540);
#3540 = CARTESIAN_POINT('',(0.489771744754,4.2495,5.460801006084));
#3541 = B_SPLINE_CURVE_WITH_KNOTS('',3,(#3542,#3543,#3544,#3545),
  .UNSPECIFIED.,.F.,.F.,(4,4),(28.,29.),.PIECEWISE_BEZIER_KNOTS.);
#3542 = CARTESIAN_POINT('',(0.489771744754,4.2495,5.460801006084));
#3543 = CARTESIAN_POINT('',(0.489935827784,4.2495,5.437665815279));
#3544 = CARTESIAN_POINT('',(0.471282051305,4.2495,5.417289164444));
#3545 = CARTESIAN_POINT('',(0.448157060384,4.2495,5.415679152283));
#3546 = ORIENTED_EDGE('',*,*,#3547,.F.);
#3547 = EDGE_CURVE('',#3548,#3539,#3550,.T.);
#3548 = VERTEX_POINT('',#3549);
#3549 = CARTESIAN_POINT('',(0.444629380869,4.2495,5.505307547936));
#3550 = B_SPLINE_CURVE_WITH_KNOTS('',3,(#3551,#3552,#3553,#3554),
  .UNSPECIFIED.,.F.,.F.,(4,4),(27.,28.),.PIECEWISE_BEZIER_KNOTS.);
#3551 = CARTESIAN_POINT('',(0.444629380869,4.2495,5.505307547936));
#3552 = CARTESIAN_POINT('',(0.469210555573,4.2495,5.505481886399));
#3553 = CARTESIAN_POINT('',(0.489597406682,4.2495,5.48538212563));
#3554 = CARTESIAN_POINT('',(0.489771744754,4.2495,5.460801006084));
#3555 = ORIENTED_EDGE('',*,*,#3556,.F.);
#3556 = EDGE_CURVE('',#3557,#3548,#3559,.T.);
#3557 = VERTEX_POINT('',#3558);
#3558 = CARTESIAN_POINT('',(0.435963953149,4.2495,5.503800088157));
#3559 = B_SPLINE_CURVE_WITH_KNOTS('',3,(#3560,#3561,#3562,#3563),
  .UNSPECIFIED.,.F.,.F.,(4,4),(26.,27.),.PIECEWISE_BEZIER_KNOTS.);
#3560 = CARTESIAN_POINT('',(0.435963953149,4.2495,5.503800088157));
#3561 = CARTESIAN_POINT('',(0.43885586579,4.2495,5.503820598633));
#3562 = CARTESIAN_POINT('',(0.441737523387,4.2495,5.50528703785));
#3563 = CARTESIAN_POINT('',(0.444629380869,4.2495,5.505307547936));
#3564 = ORIENTED_EDGE('',*,*,#3565,.F.);
#3565 = EDGE_CURVE('',#3566,#3557,#3568,.T.);
#3566 = VERTEX_POINT('',#3567);
#3567 = CARTESIAN_POINT('',(0.370896166957,4.2495,5.503338604196));
#3568 = B_SPLINE_CURVE_WITH_KNOTS('',1,(#3569,#3570),.UNSPECIFIED.,.F.,
  .F.,(2,2),(0.,6.506942267584E-02),.PIECEWISE_BEZIER_KNOTS.);
#3569 = CARTESIAN_POINT('',(0.370896166957,4.2495,5.503338604196));
#3570 = CARTESIAN_POINT('',(0.435963953149,4.2495,5.503800088157));
#3571 = ORIENTED_EDGE('',*,*,#3572,.F.);
#3572 = EDGE_CURVE('',#3573,#3566,#3575,.T.);
#3573 = VERTEX_POINT('',#3574);
#3574 = CARTESIAN_POINT('',(0.265987792565,4.2495,5.61538438148));
#3575 = B_SPLINE_CURVE_WITH_KNOTS('',3,(#3576,#3577,#3578,#3579),
  .UNSPECIFIED.,.F.,.F.,(4,4),(24.,25.),.PIECEWISE_BEZIER_KNOTS.);
#3576 = CARTESIAN_POINT('',(0.265987792565,4.2495,5.61538438148));
#3577 = CARTESIAN_POINT('',(0.266408255768,4.2495,5.556100392989));
#3578 = CARTESIAN_POINT('',(0.311581385369,4.2495,5.507255982178));
#3579 = CARTESIAN_POINT('',(0.370896166957,4.2495,5.503338604196));
#3580 = ORIENTED_EDGE('',*,*,#3581,.F.);
#3581 = EDGE_CURVE('',#3582,#3573,#3584,.T.);
#3582 = VERTEX_POINT('',#3583);
#3583 = CARTESIAN_POINT('',(0.377972038811,4.2495,5.728968438635));
#3584 = B_SPLINE_CURVE_WITH_KNOTS('',3,(#3585,#3586,#3587,#3588),
  .UNSPECIFIED.,.F.,.F.,(4,4),(23.,24.),.PIECEWISE_BEZIER_KNOTS.);
#3585 = CARTESIAN_POINT('',(0.377972038811,4.2495,5.728968438635));
#3586 = CARTESIAN_POINT('',(0.315796165259,4.2495,5.728527465151));
#3587 = CARTESIAN_POINT('',(0.26554681908,4.2495,5.677560255032));
#3588 = CARTESIAN_POINT('',(0.265987792565,4.2495,5.61538438148));
#3589 = ORIENTED_EDGE('',*,*,#3590,.F.);
#3590 = EDGE_CURVE('',#3591,#3582,#3593,.T.);
#3591 = VERTEX_POINT('',#3592);
#3592 = CARTESIAN_POINT('',(0.389539634213,4.2495,5.72905048015));
#3593 = B_SPLINE_CURVE_WITH_KNOTS('',3,(#3594,#3595,#3596,#3597),
  .UNSPECIFIED.,.F.,.F.,(4,4),(22.,23.),.PIECEWISE_BEZIER_KNOTS.);
#3594 = CARTESIAN_POINT('',(0.389539634213,4.2495,5.72905048015));
#3595 = CARTESIAN_POINT('',(0.385201792833,4.2495,5.729019714631));
#3596 = CARTESIAN_POINT('',(0.382309880192,4.2495,5.728999204154));
#3597 = CARTESIAN_POINT('',(0.377972038811,4.2495,5.728968438635));
#3598 = ORIENTED_EDGE('',*,*,#3599,.F.);
#3599 = EDGE_CURVE('',#3600,#3591,#3602,.T.);
#3600 = VERTEX_POINT('',#3601);
#3601 = CARTESIAN_POINT('',(0.590690846918,4.2495,5.911230058562));
#3602 = B_SPLINE_CURVE_WITH_KNOTS('',3,(#3603,#3604,#3605,#3606),
  .UNSPECIFIED.,.F.,.F.,(4,4),(21.,22.),.PIECEWISE_BEZIER_KNOTS.);
#3603 = CARTESIAN_POINT('',(0.590690846918,4.2495,5.911230058562));
#3604 = CARTESIAN_POINT('',(0.486582377979,4.2495,5.910491684146));
#3605 = CARTESIAN_POINT('',(0.400389365676,4.2495,5.830349077963));
#3606 = CARTESIAN_POINT('',(0.389539634213,4.2495,5.72905048015));
#3607 = ORIENTED_EDGE('',*,*,#3608,.F.);
#3608 = EDGE_CURVE('',#3609,#3600,#3611,.T.);
#3609 = VERTEX_POINT('',#3610);
#3610 = CARTESIAN_POINT('',(0.785432720164,4.2495,5.773793055024));
#3611 = B_SPLINE_CURVE_WITH_KNOTS('',3,(#3612,#3613,#3614,#3615),
  .UNSPECIFIED.,.F.,.F.,(4,4),(20.,21.),.PIECEWISE_BEZIER_KNOTS.);
#3612 = CARTESIAN_POINT('',(0.785432720164,4.2495,5.773793055024));
#3613 = CARTESIAN_POINT('',(0.757385397374,4.2495,5.854571374293));
#3614 = CARTESIAN_POINT('',(0.681785736556,4.2495,5.91187613603));
#3615 = CARTESIAN_POINT('',(0.590690846918,4.2495,5.911230058562));
#3616 = ORIENTED_EDGE('',*,*,#3617,.F.);
#3617 = EDGE_CURVE('',#3618,#3609,#3620,.T.);
#3618 = VERTEX_POINT('',#3619);
#3619 = CARTESIAN_POINT('',(0.861914273772,4.2495,5.796025842564));
#3620 = B_SPLINE_CURVE_WITH_KNOTS('',3,(#3621,#3622,#3623,#3624),
  .UNSPECIFIED.,.F.,.F.,(4,4),(19.,20.),.PIECEWISE_BEZIER_KNOTS.);
#3621 = CARTESIAN_POINT('',(0.861914273772,4.2495,5.796025842564));
#3622 = CARTESIAN_POINT('',(0.834441214006,4.2495,5.79583099382));
#3623 = CARTESIAN_POINT('',(0.807029685475,4.2495,5.786960434735));
#3624 = CARTESIAN_POINT('',(0.785432720164,4.2495,5.773793055024));
#3625 = ORIENTED_EDGE('',*,*,#3626,.F.);
#3626 = EDGE_CURVE('',#3627,#3618,#3629,.T.);
#3627 = VERTEX_POINT('',#3628);
#3628 = CARTESIAN_POINT('',(1.007534874112,4.2495,5.652456282052));
#3629 = B_SPLINE_CURVE_WITH_KNOTS('',3,(#3630,#3631,#3632,#3633),
  .UNSPECIFIED.,.F.,.F.,(4,4),(18.,19.),.PIECEWISE_BEZIER_KNOTS.);
#3630 = CARTESIAN_POINT('',(1.007534874112,4.2495,5.652456282052));
#3631 = CARTESIAN_POINT('',(1.006970838159,4.2495,5.731983576287));
#3632 = CARTESIAN_POINT('',(0.941441568006,4.2495,5.796589878517));
#3633 = CARTESIAN_POINT('',(0.861914273772,4.2495,5.796025842564));
#3634 = ORIENTED_EDGE('',*,*,#3635,.F.);
#3635 = EDGE_CURVE('',#3636,#3627,#3638,.T.);
#3636 = VERTEX_POINT('',#3637);
#3637 = CARTESIAN_POINT('',(0.921721304255,4.2495,5.51881348508));
#3638 = B_SPLINE_CURVE_WITH_KNOTS('',3,(#3639,#3640,#3641,#3642),
  .UNSPECIFIED.,.F.,.F.,(4,4),(17.,18.),.PIECEWISE_BEZIER_KNOTS.);
#3639 = CARTESIAN_POINT('',(0.921721304255,4.2495,5.51881348508));
#3640 = CARTESIAN_POINT('',(0.972165499178,4.2495,5.542307635433));
#3641 = CARTESIAN_POINT('',(1.007955337315,4.2495,5.593172293561));
#3642 = CARTESIAN_POINT('',(1.007534874112,4.2495,5.652456282052));
#3643 = ORIENTED_EDGE('',*,*,#3644,.F.);
#3644 = EDGE_CURVE('',#3645,#3636,#3647,.T.);
#3645 = VERTEX_POINT('',#3646);
#3646 = CARTESIAN_POINT('',(0.785125090987,4.2495,5.613282254997));
#3647 = B_SPLINE_CURVE_WITH_KNOTS('',3,(#3648,#3649,#3650,#3651),
  .UNSPECIFIED.,.F.,.F.,(4,4),(16.,17.),.PIECEWISE_BEZIER_KNOTS.);
#3648 = CARTESIAN_POINT('',(0.785125090987,4.2495,5.613282254997));
#3649 = CARTESIAN_POINT('',(0.847300992118,4.2495,5.613723228678));
#3650 = CARTESIAN_POINT('',(0.901088300826,4.2495,5.573616059441));
#3651 = CARTESIAN_POINT('',(0.921721304255,4.2495,5.51881348508));
#3652 = ORIENTED_EDGE('',*,*,#3653,.F.);
#3653 = EDGE_CURVE('',#3654,#3645,#3656,.T.);
#3654 = VERTEX_POINT('',#3655);
#3655 = CARTESIAN_POINT('',(0.677027457399,4.2495,5.563350793233));
#3656 = B_SPLINE_CURVE_WITH_KNOTS('',3,(#3657,#3658,#3659,#3660),
  .UNSPECIFIED.,.F.,.F.,(4,4),(15.,16.),.PIECEWISE_BEZIER_KNOTS.);
#3657 = CARTESIAN_POINT('',(0.677027457399,4.2495,5.563350793233));
#3658 = CARTESIAN_POINT('',(0.702839201623,4.2495,5.593900359145));
#3659 = CARTESIAN_POINT('',(0.741746566859,4.2495,5.612974599023));
#3660 = CARTESIAN_POINT('',(0.785125090987,4.2495,5.613282254997));
#3661 = ORIENTED_EDGE('',*,*,#3662,.F.);
#3662 = EDGE_CURVE('',#3663,#3654,#3665,.T.);
#3663 = VERTEX_POINT('',#3664);
#3664 = CARTESIAN_POINT('',(0.482552191204,4.2495,5.663193152886));
#3665 = B_SPLINE_CURVE_WITH_KNOTS('',1,(#3666,#3667),.UNSPECIFIED.,.F.,
  .F.,(2,2),(0.,0.218607241286),.PIECEWISE_BEZIER_KNOTS.);
#3666 = CARTESIAN_POINT('',(0.482552191204,4.2495,5.663193152886));
#3667 = CARTESIAN_POINT('',(0.677027457399,4.2495,5.563350793233));
#3668 = ORIENTED_EDGE('',*,*,#3669,.F.);
#3669 = EDGE_CURVE('',#3670,#3663,#3672,.T.);
#3670 = VERTEX_POINT('',#3671);
#3671 = CARTESIAN_POINT('',(0.438271264006,4.2495,5.586239832696));
#3672 = B_SPLINE_CURVE_WITH_KNOTS('',1,(#3673,#3674),.UNSPECIFIED.,.F.,
  .F.,(2,2),(0.,8.878408642163E-02),.PIECEWISE_BEZIER_KNOTS.);
#3673 = CARTESIAN_POINT('',(0.438271264006,4.2495,5.586239832696));
#3674 = CARTESIAN_POINT('',(0.482552191204,4.2495,5.663193152886));
#3675 = ORIENTED_EDGE('',*,*,#3676,.F.);
#3676 = EDGE_CURVE('',#3677,#3670,#3679,.T.);
#3677 = VERTEX_POINT('',#3678);
#3678 = CARTESIAN_POINT('',(0.6414632613,4.2495,5.480675206576));
#3679 = B_SPLINE_CURVE_WITH_KNOTS('',1,(#3680,#3681),.UNSPECIFIED.,.F.,
  .F.,(2,2),(-9.851974150517E-17,0.228977898611),
  .PIECEWISE_BEZIER_KNOTS.);
#3680 = CARTESIAN_POINT('',(0.6414632613,4.2495,5.480675206576));
#3681 = CARTESIAN_POINT('',(0.438271264006,4.2495,5.586239832696));
#3682 = ORIENTED_EDGE('',*,*,#3683,.F.);
#3683 = EDGE_CURVE('',#3684,#3677,#3686,.T.);
#3684 = VERTEX_POINT('',#3685);
#3685 = CARTESIAN_POINT('',(0.641565813292,4.2495,5.466215698532));
#3686 = B_SPLINE_CURVE_WITH_KNOTS('',3,(#3687,#3688,#3689,#3690),
  .UNSPECIFIED.,.F.,.F.,(4,4),(11.,12.),.PIECEWISE_BEZIER_KNOTS.);
#3687 = CARTESIAN_POINT('',(0.641565813292,4.2495,5.466215698532));
#3688 = CARTESIAN_POINT('',(0.641535047773,4.2495,5.470553539913));
#3689 = CARTESIAN_POINT('',(0.641504282253,4.2495,5.474891381295));
#3690 = CARTESIAN_POINT('',(0.6414632613,4.2495,5.480675206576));
#3691 = ORIENTED_EDGE('',*,*,#3692,.F.);
#3692 = EDGE_CURVE('',#3693,#3684,#3695,.T.);
#3693 = VERTEX_POINT('',#3694);
#3694 = CARTESIAN_POINT('',(0.787186413632,4.2495,5.32264613802));
#3695 = B_SPLINE_CURVE_WITH_KNOTS('',3,(#3696,#3697,#3698,#3699),
  .UNSPECIFIED.,.F.,.F.,(4,4),(10.,11.),.PIECEWISE_BEZIER_KNOTS.);
#3696 = CARTESIAN_POINT('',(0.787186413632,4.2495,5.32264613802));
#3697 = CARTESIAN_POINT('',(0.707659119398,4.2495,5.322082102067));
#3698 = CARTESIAN_POINT('',(0.642129849244,4.2495,5.386688404297));
#3699 = CARTESIAN_POINT('',(0.641565813292,4.2495,5.466215698532));
#3700 = ORIENTED_EDGE('',*,*,#3701,.F.);
#3701 = EDGE_CURVE('',#3702,#3693,#3704,.T.);
#3702 = VERTEX_POINT('',#3703);
#3703 = CARTESIAN_POINT('',(0.923854400364,4.2495,5.421945025694));
#3704 = B_SPLINE_CURVE_WITH_KNOTS('',3,(#3705,#3706,#3707,#3708),
  .UNSPECIFIED.,.F.,.F.,(4,4),(9.,10.),.PIECEWISE_BEZIER_KNOTS.);
#3705 = CARTESIAN_POINT('',(0.923854400364,4.2495,5.421945025694));
#3706 = CARTESIAN_POINT('',(0.905467245117,4.2495,5.363973675914));
#3707 = CARTESIAN_POINT('',(0.850808271084,4.2495,5.323097366938));
#3708 = CARTESIAN_POINT('',(0.787186413632,4.2495,5.32264613802));
#3709 = ORIENTED_EDGE('',*,*,#3710,.F.);
#3710 = EDGE_CURVE('',#3711,#3702,#3713,.T.);
#3711 = VERTEX_POINT('',#3712);
#3712 = CARTESIAN_POINT('',(1.039038215224,4.2495,5.492171069198));
#3713 = B_SPLINE_CURVE_WITH_KNOTS('',3,(#3714,#3715,#3716,#3717),
  .UNSPECIFIED.,.F.,.F.,(4,4),(8.,9.),.PIECEWISE_BEZIER_KNOTS.);
#3714 = CARTESIAN_POINT('',(1.039038215224,4.2495,5.492171069198));
#3715 = CARTESIAN_POINT('',(1.007473425225,4.2495,5.45724261347));
#3716 = CARTESIAN_POINT('',(0.968596825508,4.2495,5.433830532211));
#3717 = CARTESIAN_POINT('',(0.923854400364,4.2495,5.421945025694));
#3718 = ORIENTED_EDGE('',*,*,#3719,.F.);
#3719 = EDGE_CURVE('',#3720,#3711,#3722,.T.);
#3720 = VERTEX_POINT('',#3721);
#3721 = CARTESIAN_POINT('',(1.098650329775,4.2495,5.650210392112));
#3722 = B_SPLINE_CURVE_WITH_KNOTS('',3,(#3723,#3724,#3725,#3726),
  .UNSPECIFIED.,.F.,.F.,(4,4),(7.,8.),.PIECEWISE_BEZIER_KNOTS.);
#3723 = CARTESIAN_POINT('',(1.098650329775,4.2495,5.650210392112));
#3724 = CARTESIAN_POINT('',(1.09906053774,4.2495,5.592372359941));
#3725 = CARTESIAN_POINT('',(1.0777712286,4.2495,5.535826428524));
#3726 = CARTESIAN_POINT('',(1.039038215224,4.2495,5.492171069198));
#3727 = ORIENTED_EDGE('',*,*,#3728,.F.);
#3728 = EDGE_CURVE('',#3729,#3720,#3731,.T.);
#3729 = VERTEX_POINT('',#3730);
#3730 = CARTESIAN_POINT('',(1.029521510798,4.2495,5.814566769859));
#3731 = B_SPLINE_CURVE_WITH_KNOTS('',3,(#3732,#3733,#3734,#3735),
  .UNSPECIFIED.,.F.,.F.,(4,4),(6.,7.),.PIECEWISE_BEZIER_KNOTS.);
#3732 = CARTESIAN_POINT('',(1.029521510798,4.2495,5.814566769859));
#3733 = CARTESIAN_POINT('',(1.073207728725,4.2495,5.771495915764));
#3734 = CARTESIAN_POINT('',(1.09820935629,4.2495,5.712386265663));
#3735 = CARTESIAN_POINT('',(1.098650329775,4.2495,5.650210392112));
#3736 = ORIENTED_EDGE('',*,*,#3737,.F.);
#3737 = EDGE_CURVE('',#3738,#3729,#3740,.T.);
#3738 = VERTEX_POINT('',#3739);
#3739 = CARTESIAN_POINT('',(0.86274491873,4.2495,5.882793063321));
#3740 = B_SPLINE_CURVE_WITH_KNOTS('',3,(#3741,#3742,#3743,#3744),
  .UNSPECIFIED.,.F.,.F.,(4,4),(5.,6.),.PIECEWISE_BEZIER_KNOTS.);
#3741 = CARTESIAN_POINT('',(0.86274491873,4.2495,5.882793063321));
#3742 = CARTESIAN_POINT('',(0.924920806072,4.2495,5.883234036903));
#3743 = CARTESIAN_POINT('',(0.984379119138,4.2495,5.859073339096));
#3744 = CARTESIAN_POINT('',(1.029521510798,4.2495,5.814566769859));
#3745 = ORIENTED_EDGE('',*,*,#3746,.F.);
#3746 = EDGE_CURVE('',#3747,#3738,#3749,.T.);
#3747 = VERTEX_POINT('',#3748);
#3748 = CARTESIAN_POINT('',(0.829508571642,4.2495,5.879665294969));
#3749 = B_SPLINE_CURVE_WITH_KNOTS('',3,(#3750,#3751,#3752,#3753),
  .UNSPECIFIED.,.F.,.F.,(4,4),(4.,5.),.PIECEWISE_BEZIER_KNOTS.);
#3750 = CARTESIAN_POINT('',(0.829508571642,4.2495,5.879665294969));
#3751 = CARTESIAN_POINT('',(0.841065911807,4.2495,5.881193292803));
#3752 = CARTESIAN_POINT('',(0.851177323328,4.2495,5.882711021806));
#3753 = CARTESIAN_POINT('',(0.86274491873,4.2495,5.882793063321));
#3754 = ORIENTED_EDGE('',*,*,#3755,.F.);
#3755 = EDGE_CURVE('',#3756,#3747,#3758,.T.);
#3756 = VERTEX_POINT('',#3757);
#3757 = CARTESIAN_POINT('',(0.765435512999,4.2495,5.942835903011));
#3758 = B_SPLINE_CURVE_WITH_KNOTS('',3,(#3759,#3760,#3761,#3762),
  .UNSPECIFIED.,.F.,.F.,(4,4),(3.,4.),.PIECEWISE_BEZIER_KNOTS.);
#3759 = CARTESIAN_POINT('',(0.765435512999,4.2495,5.942835903011));
#3760 = CARTESIAN_POINT('',(0.790139750122,4.2495,5.925658827687));
#3761 = CARTESIAN_POINT('',(0.810536883853,4.2495,5.904113138373));
#3762 = CARTESIAN_POINT('',(0.829508571642,4.2495,5.879665294969));
#3763 = ORIENTED_EDGE('',*,*,#3764,.F.);
#3764 = EDGE_CURVE('',#3765,#3756,#3767,.T.);
#3765 = VERTEX_POINT('',#3766);
#3766 = CARTESIAN_POINT('',(0.591521463711,4.2495,5.997997361861));
#3767 = B_SPLINE_CURVE_WITH_KNOTS('',3,(#3768,#3769,#3770,#3771),
  .UNSPECIFIED.,.F.,.F.,(4,4),(2.,3.),.PIECEWISE_BEZIER_KNOTS.);
#3768 = CARTESIAN_POINT('',(0.591521463711,4.2495,5.997997361861));
#3769 = CARTESIAN_POINT('',(0.655143293583,4.2495,5.998448590584));
#3770 = CARTESIAN_POINT('',(0.714570854859,4.2495,5.978625742873));
#3771 = CARTESIAN_POINT('',(0.765435512999,4.2495,5.942835903011));
#3772 = ORIENTED_EDGE('',*,*,#3773,.F.);
#3773 = EDGE_CURVE('',#3496,#3765,#3774,.T.);
#3774 = B_SPLINE_CURVE_WITH_KNOTS('',3,(#3775,#3776,#3777,#3778),
  .UNSPECIFIED.,.F.,.F.,(4,4),(1.,2.),.PIECEWISE_BEZIER_KNOTS.);
#3775 = CARTESIAN_POINT('',(0.395405446779,4.2495,5.921413208976));
#3776 = CARTESIAN_POINT('',(0.450013144706,4.2495,5.969519287488));
#3777 = CARTESIAN_POINT('',(0.519223923498,4.2495,5.997484601904));
#3778 = CARTESIAN_POINT('',(0.591521463711,4.2495,5.997997361861));
#3779 = B_SPLINE_SURFACE_WITH_KNOTS('',1,1,(
    (#3780,#3781)
    ,(#3782,#3783
    )),.UNSPECIFIED.,.F.,.F.,.F.,(2,2),(2,2),(0.,4.5),(0.,7.5),
  .PIECEWISE_BEZIER_KNOTS.);
#3780 = CARTESIAN_POINT('',(-3.8,4.2495,3.5000001));
#3781 = CARTESIAN_POINT('',(3.7,4.2495,3.5000001));
#3782 = CARTESIAN_POINT('',(-3.8,4.2495,8.0000001));
#3783 = CARTESIAN_POINT('',(3.7,4.2495,8.0000001));
#3784 = ADVANCED_FACE('',(#3785),#3815,.F.);
#3785 = FACE_BOUND('',#3786,.T.);
#3786 = EDGE_LOOP('',(#3787,#3796,#3803,#3810));
#3787 = ORIENTED_EDGE('',*,*,#3788,.T.);
#3788 = EDGE_CURVE('',#3789,#3791,#3793,.T.);
#3789 = VERTEX_POINT('',#3790);
#3790 = CARTESIAN_POINT('',(-2.85,-2.5505,9.999999939225E-08));
#3791 = VERTEX_POINT('',#3792);
#3792 = CARTESIAN_POINT('',(-2.25,-2.5505,9.999999939225E-08));
#3793 = B_SPLINE_CURVE_WITH_KNOTS('',1,(#3794,#3795),.UNSPECIFIED.,.F.,
  .F.,(2,2),(0.,0.6),.PIECEWISE_BEZIER_KNOTS.);
#3794 = CARTESIAN_POINT('',(-2.85,-2.5505,9.999999939225E-08));
#3795 = CARTESIAN_POINT('',(-2.25,-2.5505,9.999999939225E-08));
#3796 = ORIENTED_EDGE('',*,*,#3797,.T.);
#3797 = EDGE_CURVE('',#3791,#3798,#3800,.T.);
#3798 = VERTEX_POINT('',#3799);
#3799 = CARTESIAN_POINT('',(-2.25,-2.9505,9.999999939225E-08));
#3800 = B_SPLINE_CURVE_WITH_KNOTS('',1,(#3801,#3802),.UNSPECIFIED.,.F.,
  .F.,(2,2),(-0.4,0.),.PIECEWISE_BEZIER_KNOTS.);
#3801 = CARTESIAN_POINT('',(-2.25,-2.5505,9.999999939225E-08));
#3802 = CARTESIAN_POINT('',(-2.25,-2.9505,9.999999939225E-08));
#3803 = ORIENTED_EDGE('',*,*,#3804,.T.);
#3804 = EDGE_CURVE('',#3798,#3805,#3807,.T.);
#3805 = VERTEX_POINT('',#3806);
#3806 = CARTESIAN_POINT('',(-2.85,-2.9505,9.999999939225E-08));
#3807 = B_SPLINE_CURVE_WITH_KNOTS('',1,(#3808,#3809),.UNSPECIFIED.,.F.,
  .F.,(2,2),(-0.6,0.),.PIECEWISE_BEZIER_KNOTS.);
#3808 = CARTESIAN_POINT('',(-2.25,-2.9505,9.999999939225E-08));
#3809 = CARTESIAN_POINT('',(-2.85,-2.9505,9.999999939225E-08));
#3810 = ORIENTED_EDGE('',*,*,#3811,.T.);
#3811 = EDGE_CURVE('',#3805,#3789,#3812,.T.);
#3812 = B_SPLINE_CURVE_WITH_KNOTS('',1,(#3813,#3814),.UNSPECIFIED.,.F.,
  .F.,(2,2),(0.,0.4),.PIECEWISE_BEZIER_KNOTS.);
#3813 = CARTESIAN_POINT('',(-2.85,-2.9505,9.999999939225E-08));
#3814 = CARTESIAN_POINT('',(-2.85,-2.5505,9.999999939225E-08));
#3815 = B_SPLINE_SURFACE_WITH_KNOTS('',1,1,(
    (#3816,#3817)
    ,(#3818,#3819
    )),.UNSPECIFIED.,.F.,.F.,.F.,(2,2),(2,2),(2.55,2.95),(2.2,2.8),
  .PIECEWISE_BEZIER_KNOTS.);
#3816 = CARTESIAN_POINT('',(-2.85,-2.5505,9.999999939225E-08));
#3817 = CARTESIAN_POINT('',(-2.25,-2.5505,9.999999939225E-08));
#3818 = CARTESIAN_POINT('',(-2.85,-2.9505,9.999999939225E-08));
#3819 = CARTESIAN_POINT('',(-2.25,-2.9505,9.999999939225E-08));
#3820 = ADVANCED_FACE('',(#3821),#3843,.F.);
#3821 = FACE_BOUND('',#3822,.T.);
#3822 = EDGE_LOOP('',(#3823,#3832,#3837,#3838));
#3823 = ORIENTED_EDGE('',*,*,#3824,.T.);
#3824 = EDGE_CURVE('',#3825,#3827,#3829,.T.);
#3825 = VERTEX_POINT('',#3826);
#3826 = CARTESIAN_POINT('',(-2.85,-2.9505,3.5000001));
#3827 = VERTEX_POINT('',#3828);
#3828 = CARTESIAN_POINT('',(-2.85,-2.5505,3.5000001));
#3829 = B_SPLINE_CURVE_WITH_KNOTS('',1,(#3830,#3831),.UNSPECIFIED.,.F.,
  .F.,(2,2),(-4.440892098501E-16,0.4),.PIECEWISE_BEZIER_KNOTS.);
#3830 = CARTESIAN_POINT('',(-2.85,-2.9505,3.5000001));
#3831 = CARTESIAN_POINT('',(-2.85,-2.5505,3.5000001));
#3832 = ORIENTED_EDGE('',*,*,#3833,.F.);
#3833 = EDGE_CURVE('',#3789,#3827,#3834,.T.);
#3834 = B_SPLINE_CURVE_WITH_KNOTS('',1,(#3835,#3836),.UNSPECIFIED.,.F.,
  .F.,(2,2),(0.,3.5),.PIECEWISE_BEZIER_KNOTS.);
#3835 = CARTESIAN_POINT('',(-2.85,-2.5505,9.999999939225E-08));
#3836 = CARTESIAN_POINT('',(-2.85,-2.5505,3.5000001));
#3837 = ORIENTED_EDGE('',*,*,#3811,.F.);
#3838 = ORIENTED_EDGE('',*,*,#3839,.T.);
#3839 = EDGE_CURVE('',#3805,#3825,#3840,.T.);
#3840 = B_SPLINE_CURVE_WITH_KNOTS('',1,(#3841,#3842),.UNSPECIFIED.,.F.,
  .F.,(2,2),(0.,3.5),.PIECEWISE_BEZIER_KNOTS.);
#3841 = CARTESIAN_POINT('',(-2.85,-2.9505,9.999999939225E-08));
#3842 = CARTESIAN_POINT('',(-2.85,-2.9505,3.5000001));
#3843 = B_SPLINE_SURFACE_WITH_KNOTS('',1,1,(
    (#3844,#3845)
    ,(#3846,#3847
    )),.UNSPECIFIED.,.F.,.F.,.F.,(2,2),(2,2),(0.,3.5),(-0.4,
    4.440892098501E-16),.PIECEWISE_BEZIER_KNOTS.);
#3844 = CARTESIAN_POINT('',(-2.85,-2.5505,9.999999939225E-08));
#3845 = CARTESIAN_POINT('',(-2.85,-2.9505,9.999999939225E-08));
#3846 = CARTESIAN_POINT('',(-2.85,-2.5505,3.5000001));
#3847 = CARTESIAN_POINT('',(-2.85,-2.9505,3.5000001));
#3848 = ADVANCED_FACE('',(#3849),#3865,.F.);
#3849 = FACE_BOUND('',#3850,.T.);
#3850 = EDGE_LOOP('',(#3851,#3858,#3859,#3860));
#3851 = ORIENTED_EDGE('',*,*,#3852,.T.);
#3852 = EDGE_CURVE('',#3853,#3825,#3855,.T.);
#3853 = VERTEX_POINT('',#3854);
#3854 = CARTESIAN_POINT('',(-2.25,-2.9505,3.5000001));
#3855 = B_SPLINE_CURVE_WITH_KNOTS('',1,(#3856,#3857),.UNSPECIFIED.,.F.,
  .F.,(2,2),(-0.6,-1.550529188973E-30),.PIECEWISE_BEZIER_KNOTS.);
#3856 = CARTESIAN_POINT('',(-2.25,-2.9505,3.5000001));
#3857 = CARTESIAN_POINT('',(-2.85,-2.9505,3.5000001));
#3858 = ORIENTED_EDGE('',*,*,#3839,.F.);
#3859 = ORIENTED_EDGE('',*,*,#3804,.F.);
#3860 = ORIENTED_EDGE('',*,*,#3861,.T.);
#3861 = EDGE_CURVE('',#3798,#3853,#3862,.T.);
#3862 = B_SPLINE_CURVE_WITH_KNOTS('',1,(#3863,#3864),.UNSPECIFIED.,.F.,
  .F.,(2,2),(0.,3.5),.PIECEWISE_BEZIER_KNOTS.);
#3863 = CARTESIAN_POINT('',(-2.25,-2.9505,9.999999939225E-08));
#3864 = CARTESIAN_POINT('',(-2.25,-2.9505,3.5000001));
#3865 = B_SPLINE_SURFACE_WITH_KNOTS('',1,1,(
    (#3866,#3867)
    ,(#3868,#3869
    )),.UNSPECIFIED.,.F.,.F.,.F.,(2,2),(2,2),(0.,3.5),(0.,0.6),
  .PIECEWISE_BEZIER_KNOTS.);
#3866 = CARTESIAN_POINT('',(-2.85,-2.9505,9.999999939225E-08));
#3867 = CARTESIAN_POINT('',(-2.25,-2.9505,9.999999939225E-08));
#3868 = CARTESIAN_POINT('',(-2.85,-2.9505,3.5000001));
#3869 = CARTESIAN_POINT('',(-2.25,-2.9505,3.5000001));
#3870 = ADVANCED_FACE('',(#3871),#3887,.F.);
#3871 = FACE_BOUND('',#3872,.T.);
#3872 = EDGE_LOOP('',(#3873,#3880,#3881,#3882));
#3873 = ORIENTED_EDGE('',*,*,#3874,.T.);
#3874 = EDGE_CURVE('',#3875,#3853,#3877,.T.);
#3875 = VERTEX_POINT('',#3876);
#3876 = CARTESIAN_POINT('',(-2.25,-2.5505,3.5000001));
#3877 = B_SPLINE_CURVE_WITH_KNOTS('',1,(#3878,#3879),.UNSPECIFIED.,.F.,
  .F.,(2,2),(-0.4,0.),.PIECEWISE_BEZIER_KNOTS.);
#3878 = CARTESIAN_POINT('',(-2.25,-2.5505,3.5000001));
#3879 = CARTESIAN_POINT('',(-2.25,-2.9505,3.5000001));
#3880 = ORIENTED_EDGE('',*,*,#3861,.F.);
#3881 = ORIENTED_EDGE('',*,*,#3797,.F.);
#3882 = ORIENTED_EDGE('',*,*,#3883,.T.);
#3883 = EDGE_CURVE('',#3791,#3875,#3884,.T.);
#3884 = B_SPLINE_CURVE_WITH_KNOTS('',1,(#3885,#3886),.UNSPECIFIED.,.F.,
  .F.,(2,2),(0.,3.5),.PIECEWISE_BEZIER_KNOTS.);
#3885 = CARTESIAN_POINT('',(-2.25,-2.5505,9.999999939225E-08));
#3886 = CARTESIAN_POINT('',(-2.25,-2.5505,3.5000001));
#3887 = B_SPLINE_SURFACE_WITH_KNOTS('',1,1,(
    (#3888,#3889)
    ,(#3890,#3891
    )),.UNSPECIFIED.,.F.,.F.,.F.,(2,2),(2,2),(-3.5,0.),(-0.4,0.),
  .PIECEWISE_BEZIER_KNOTS.);
#3888 = CARTESIAN_POINT('',(-2.25,-2.5505,3.5000001));
#3889 = CARTESIAN_POINT('',(-2.25,-2.9505,3.5000001));
#3890 = CARTESIAN_POINT('',(-2.25,-2.5505,9.999999939225E-08));
#3891 = CARTESIAN_POINT('',(-2.25,-2.9505,9.999999939225E-08));
#3892 = ADVANCED_FACE('',(#3893),#3903,.F.);
#3893 = FACE_BOUND('',#3894,.T.);
#3894 = EDGE_LOOP('',(#3895,#3900,#3901,#3902));
#3895 = ORIENTED_EDGE('',*,*,#3896,.T.);
#3896 = EDGE_CURVE('',#3827,#3875,#3897,.T.);
#3897 = B_SPLINE_CURVE_WITH_KNOTS('',1,(#3898,#3899),.UNSPECIFIED.,.F.,
  .F.,(2,2),(0.,0.6),.PIECEWISE_BEZIER_KNOTS.);
#3898 = CARTESIAN_POINT('',(-2.85,-2.5505,3.5000001));
#3899 = CARTESIAN_POINT('',(-2.25,-2.5505,3.5000001));
#3900 = ORIENTED_EDGE('',*,*,#3883,.F.);
#3901 = ORIENTED_EDGE('',*,*,#3788,.F.);
#3902 = ORIENTED_EDGE('',*,*,#3833,.T.);
#3903 = B_SPLINE_SURFACE_WITH_KNOTS('',1,1,(
    (#3904,#3905)
    ,(#3906,#3907
    )),.UNSPECIFIED.,.F.,.F.,.F.,(2,2),(2,2),(-3.5,0.),(0.,0.6),
  .PIECEWISE_BEZIER_KNOTS.);
#3904 = CARTESIAN_POINT('',(-2.85,-2.5505,3.5000001));
#3905 = CARTESIAN_POINT('',(-2.25,-2.5505,3.5000001));
#3906 = CARTESIAN_POINT('',(-2.85,-2.5505,9.999999939225E-08));
#3907 = CARTESIAN_POINT('',(-2.25,-2.5505,9.999999939225E-08));
#3908 = ADVANCED_FACE('',(#3909,#3939,#3969,#3999,#4109,#4139,#4169),
  #4175,.T.);
#3909 = FACE_BOUND('',#3910,.T.);
#3910 = EDGE_LOOP('',(#3911,#3920,#3927,#3934));
#3911 = ORIENTED_EDGE('',*,*,#3912,.T.);
#3912 = EDGE_CURVE('',#3913,#3915,#3917,.T.);
#3913 = VERTEX_POINT('',#3914);
#3914 = CARTESIAN_POINT('',(-2.85,2.5495,3.5000001));
#3915 = VERTEX_POINT('',#3916);
#3916 = CARTESIAN_POINT('',(-2.25,2.5495,3.5000001));
#3917 = B_SPLINE_CURVE_WITH_KNOTS('',1,(#3918,#3919),.UNSPECIFIED.,.F.,
  .F.,(2,2),(0.,0.6),.PIECEWISE_BEZIER_KNOTS.);
#3918 = CARTESIAN_POINT('',(-2.85,2.5495,3.5000001));
#3919 = CARTESIAN_POINT('',(-2.25,2.5495,3.5000001));
#3920 = ORIENTED_EDGE('',*,*,#3921,.T.);
#3921 = EDGE_CURVE('',#3915,#3922,#3924,.T.);
#3922 = VERTEX_POINT('',#3923);
#3923 = CARTESIAN_POINT('',(-2.25,2.9495,3.5000001));
#3924 = B_SPLINE_CURVE_WITH_KNOTS('',1,(#3925,#3926),.UNSPECIFIED.,.F.,
  .F.,(2,2),(-0.4,0.),.PIECEWISE_BEZIER_KNOTS.);
#3925 = CARTESIAN_POINT('',(-2.25,2.5495,3.5000001));
#3926 = CARTESIAN_POINT('',(-2.25,2.9495,3.5000001));
#3927 = ORIENTED_EDGE('',*,*,#3928,.T.);
#3928 = EDGE_CURVE('',#3922,#3929,#3931,.T.);
#3929 = VERTEX_POINT('',#3930);
#3930 = CARTESIAN_POINT('',(-2.85,2.9495,3.5000001));
#3931 = B_SPLINE_CURVE_WITH_KNOTS('',1,(#3932,#3933),.UNSPECIFIED.,.F.,
  .F.,(2,2),(-0.6,0.),.PIECEWISE_BEZIER_KNOTS.);
#3932 = CARTESIAN_POINT('',(-2.25,2.9495,3.5000001));
#3933 = CARTESIAN_POINT('',(-2.85,2.9495,3.5000001));
#3934 = ORIENTED_EDGE('',*,*,#3935,.T.);
#3935 = EDGE_CURVE('',#3929,#3913,#3936,.T.);
#3936 = B_SPLINE_CURVE_WITH_KNOTS('',1,(#3937,#3938),.UNSPECIFIED.,.F.,
  .F.,(2,2),(0.,0.4),.PIECEWISE_BEZIER_KNOTS.);
#3937 = CARTESIAN_POINT('',(-2.85,2.9495,3.5000001));
#3938 = CARTESIAN_POINT('',(-2.85,2.5495,3.5000001));
#3939 = FACE_BOUND('',#3940,.T.);
#3940 = EDGE_LOOP('',(#3941,#3950,#3957,#3964));
#3941 = ORIENTED_EDGE('',*,*,#3942,.T.);
#3942 = EDGE_CURVE('',#3943,#3945,#3947,.T.);
#3943 = VERTEX_POINT('',#3944);
#3944 = CARTESIAN_POINT('',(-0.35,2.5495,3.5000001));
#3945 = VERTEX_POINT('',#3946);
#3946 = CARTESIAN_POINT('',(0.25,2.5495,3.5000001));
#3947 = B_SPLINE_CURVE_WITH_KNOTS('',1,(#3948,#3949),.UNSPECIFIED.,.F.,
  .F.,(2,2),(0.,0.6),.PIECEWISE_BEZIER_KNOTS.);
#3948 = CARTESIAN_POINT('',(-0.35,2.5495,3.5000001));
#3949 = CARTESIAN_POINT('',(0.25,2.5495,3.5000001));
#3950 = ORIENTED_EDGE('',*,*,#3951,.T.);
#3951 = EDGE_CURVE('',#3945,#3952,#3954,.T.);
#3952 = VERTEX_POINT('',#3953);
#3953 = CARTESIAN_POINT('',(0.25,2.9495,3.5000001));
#3954 = B_SPLINE_CURVE_WITH_KNOTS('',1,(#3955,#3956),.UNSPECIFIED.,.F.,
  .F.,(2,2),(-0.4,-1.550529188973E-30),.PIECEWISE_BEZIER_KNOTS.);
#3955 = CARTESIAN_POINT('',(0.25,2.5495,3.5000001));
#3956 = CARTESIAN_POINT('',(0.25,2.9495,3.5000001));
#3957 = ORIENTED_EDGE('',*,*,#3958,.T.);
#3958 = EDGE_CURVE('',#3952,#3959,#3961,.T.);
#3959 = VERTEX_POINT('',#3960);
#3960 = CARTESIAN_POINT('',(-0.35,2.9495,3.5000001));
#3961 = B_SPLINE_CURVE_WITH_KNOTS('',1,(#3962,#3963),.UNSPECIFIED.,.F.,
  .F.,(2,2),(-0.6,0.),.PIECEWISE_BEZIER_KNOTS.);
#3962 = CARTESIAN_POINT('',(0.25,2.9495,3.5000001));
#3963 = CARTESIAN_POINT('',(-0.35,2.9495,3.5000001));
#3964 = ORIENTED_EDGE('',*,*,#3965,.T.);
#3965 = EDGE_CURVE('',#3959,#3943,#3966,.T.);
#3966 = B_SPLINE_CURVE_WITH_KNOTS('',1,(#3967,#3968),.UNSPECIFIED.,.F.,
  .F.,(2,2),(0.,0.4),.PIECEWISE_BEZIER_KNOTS.);
#3967 = CARTESIAN_POINT('',(-0.35,2.9495,3.5000001));
#3968 = CARTESIAN_POINT('',(-0.35,2.5495,3.5000001));
#3969 = FACE_BOUND('',#3970,.T.);
#3970 = EDGE_LOOP('',(#3971,#3980,#3987,#3994));
#3971 = ORIENTED_EDGE('',*,*,#3972,.T.);
#3972 = EDGE_CURVE('',#3973,#3975,#3977,.T.);
#3973 = VERTEX_POINT('',#3974);
#3974 = CARTESIAN_POINT('',(2.15,2.5495,3.5000001));
#3975 = VERTEX_POINT('',#3976);
#3976 = CARTESIAN_POINT('',(2.75,2.5495,3.5000001));
#3977 = B_SPLINE_CURVE_WITH_KNOTS('',1,(#3978,#3979),.UNSPECIFIED.,.F.,
  .F.,(2,2),(0.,0.6),.PIECEWISE_BEZIER_KNOTS.);
#3978 = CARTESIAN_POINT('',(2.15,2.5495,3.5000001));
#3979 = CARTESIAN_POINT('',(2.75,2.5495,3.5000001));
#3980 = ORIENTED_EDGE('',*,*,#3981,.T.);
#3981 = EDGE_CURVE('',#3975,#3982,#3984,.T.);
#3982 = VERTEX_POINT('',#3983);
#3983 = CARTESIAN_POINT('',(2.75,2.9495,3.5000001));
#3984 = B_SPLINE_CURVE_WITH_KNOTS('',1,(#3985,#3986),.UNSPECIFIED.,.F.,
  .F.,(2,2),(-0.4,0.),.PIECEWISE_BEZIER_KNOTS.);
#3985 = CARTESIAN_POINT('',(2.75,2.5495,3.5000001));
#3986 = CARTESIAN_POINT('',(2.75,2.9495,3.5000001));
#3987 = ORIENTED_EDGE('',*,*,#3988,.T.);
#3988 = EDGE_CURVE('',#3982,#3989,#3991,.T.);
#3989 = VERTEX_POINT('',#3990);
#3990 = CARTESIAN_POINT('',(2.15,2.9495,3.5000001));
#3991 = B_SPLINE_CURVE_WITH_KNOTS('',1,(#3992,#3993),.UNSPECIFIED.,.F.,
  .F.,(2,2),(-0.6,0.),.PIECEWISE_BEZIER_KNOTS.);
#3992 = CARTESIAN_POINT('',(2.75,2.9495,3.5000001));
#3993 = CARTESIAN_POINT('',(2.15,2.9495,3.5000001));
#3994 = ORIENTED_EDGE('',*,*,#3995,.T.);
#3995 = EDGE_CURVE('',#3989,#3973,#3996,.T.);
#3996 = B_SPLINE_CURVE_WITH_KNOTS('',1,(#3997,#3998),.UNSPECIFIED.,.F.,
  .F.,(2,2),(0.,0.4),.PIECEWISE_BEZIER_KNOTS.);
#3997 = CARTESIAN_POINT('',(2.15,2.9495,3.5000001));
#3998 = CARTESIAN_POINT('',(2.15,2.5495,3.5000001));
#3999 = FACE_BOUND('',#4000,.T.);
#4000 = EDGE_LOOP('',(#4001,#4010,#4017,#4024,#4032,#4039,#4047,#4054,
    #4061,#4068,#4075,#4082,#4088,#4089,#4097,#4104));
#4001 = ORIENTED_EDGE('',*,*,#4002,.T.);
#4002 = EDGE_CURVE('',#4003,#4005,#4007,.T.);
#4003 = VERTEX_POINT('',#4004);
#4004 = CARTESIAN_POINT('',(3.8,1.6995,3.5000001));
#4005 = VERTEX_POINT('',#4006);
#4006 = CARTESIAN_POINT('',(3.8,-1.7005,3.5000001));
#4007 = B_SPLINE_CURVE_WITH_KNOTS('',1,(#4008,#4009),.UNSPECIFIED.,.F.,
  .F.,(2,2),(0.,3.4),.PIECEWISE_BEZIER_KNOTS.);
#4008 = CARTESIAN_POINT('',(3.8,1.6995,3.5000001));
#4009 = CARTESIAN_POINT('',(3.8,-1.7005,3.5000001));
#4010 = ORIENTED_EDGE('',*,*,#4011,.T.);
#4011 = EDGE_CURVE('',#4005,#4012,#4014,.T.);
#4012 = VERTEX_POINT('',#4013);
#4013 = CARTESIAN_POINT('',(4.2,-1.7005,3.5000001));
#4014 = B_SPLINE_CURVE_WITH_KNOTS('',1,(#4015,#4016),.UNSPECIFIED.,.F.,
  .F.,(2,2),(4.440892098501E-16,0.4),.PIECEWISE_BEZIER_KNOTS.);
#4015 = CARTESIAN_POINT('',(3.8,-1.7005,3.5000001));
#4016 = CARTESIAN_POINT('',(4.2,-1.7005,3.5000001));
#4017 = ORIENTED_EDGE('',*,*,#4018,.F.);
#4018 = EDGE_CURVE('',#4019,#4012,#4021,.T.);
#4019 = VERTEX_POINT('',#4020);
#4020 = CARTESIAN_POINT('',(4.2,-3.7505,3.5000001));
#4021 = B_SPLINE_CURVE_WITH_KNOTS('',1,(#4022,#4023),.UNSPECIFIED.,.F.,
  .F.,(2,2),(-7.5,-5.45),.PIECEWISE_BEZIER_KNOTS.);
#4022 = CARTESIAN_POINT('',(4.2,-3.7505,3.5000001));
#4023 = CARTESIAN_POINT('',(4.2,-1.7005,3.5000001));
#4024 = ORIENTED_EDGE('',*,*,#4025,.F.);
#4025 = EDGE_CURVE('',#4026,#4019,#4028,.T.);
#4026 = VERTEX_POINT('',#4027);
#4027 = CARTESIAN_POINT('',(3.7,-4.2505,3.5000001));
#4028 = ( BOUNDED_CURVE() B_SPLINE_CURVE(2,(#4029,#4030,#4031),
.UNSPECIFIED.,.F.,.F.) B_SPLINE_CURVE_WITH_KNOTS((3,3),(3.14159265359,
4.712388980385),.PIECEWISE_BEZIER_KNOTS.) CURVE() 
GEOMETRIC_REPRESENTATION_ITEM() RATIONAL_B_SPLINE_CURVE((1.,
0.707106781187,1.)) REPRESENTATION_ITEM('') );
#4029 = CARTESIAN_POINT('',(3.7,-4.2505,3.5000001));
#4030 = CARTESIAN_POINT('',(4.2,-4.2505,3.5000001));
#4031 = CARTESIAN_POINT('',(4.2,-3.7505,3.5000001));
#4032 = ORIENTED_EDGE('',*,*,#4033,.F.);
#4033 = EDGE_CURVE('',#4034,#4026,#4036,.T.);
#4034 = VERTEX_POINT('',#4035);
#4035 = CARTESIAN_POINT('',(-3.8,-4.2505,3.5000001));
#4036 = B_SPLINE_CURVE_WITH_KNOTS('',1,(#4037,#4038),.UNSPECIFIED.,.F.,
  .F.,(2,2),(0.,7.5),.PIECEWISE_BEZIER_KNOTS.);
#4037 = CARTESIAN_POINT('',(-3.8,-4.2505,3.5000001));
#4038 = CARTESIAN_POINT('',(3.7,-4.2505,3.5000001));
#4039 = ORIENTED_EDGE('',*,*,#4040,.F.);
#4040 = EDGE_CURVE('',#4041,#4034,#4043,.T.);
#4041 = VERTEX_POINT('',#4042);
#4042 = CARTESIAN_POINT('',(-4.3,-3.7505,3.5000001));
#4043 = ( BOUNDED_CURVE() B_SPLINE_CURVE(2,(#4044,#4045,#4046),
.UNSPECIFIED.,.F.,.F.) B_SPLINE_CURVE_WITH_KNOTS((3,3),(4.712388980385,
6.28318530718),.PIECEWISE_BEZIER_KNOTS.) CURVE() 
GEOMETRIC_REPRESENTATION_ITEM() RATIONAL_B_SPLINE_CURVE((1.,
0.707106781187,1.)) REPRESENTATION_ITEM('') );
#4044 = CARTESIAN_POINT('',(-4.3,-3.7505,3.5000001));
#4045 = CARTESIAN_POINT('',(-4.3,-4.2505,3.5000001));
#4046 = CARTESIAN_POINT('',(-3.8,-4.2505,3.5000001));
#4047 = ORIENTED_EDGE('',*,*,#4048,.F.);
#4048 = EDGE_CURVE('',#4049,#4041,#4051,.T.);
#4049 = VERTEX_POINT('',#4050);
#4050 = CARTESIAN_POINT('',(-4.3,-1.7005,3.5000001));
#4051 = B_SPLINE_CURVE_WITH_KNOTS('',1,(#4052,#4053),.UNSPECIFIED.,.F.,
  .F.,(2,2),(5.45,7.5),.PIECEWISE_BEZIER_KNOTS.);
#4052 = CARTESIAN_POINT('',(-4.3,-1.7005,3.5000001));
#4053 = CARTESIAN_POINT('',(-4.3,-3.7505,3.5000001));
#4054 = ORIENTED_EDGE('',*,*,#4055,.F.);
#4055 = EDGE_CURVE('',#4056,#4049,#4058,.T.);
#4056 = VERTEX_POINT('',#4057);
#4057 = CARTESIAN_POINT('',(-3.9,-1.7005,3.5000001));
#4058 = B_SPLINE_CURVE_WITH_KNOTS('',1,(#4059,#4060),.UNSPECIFIED.,.F.,
  .F.,(2,2),(0.,0.4),.PIECEWISE_BEZIER_KNOTS.);
#4059 = CARTESIAN_POINT('',(-3.9,-1.7005,3.5000001));
#4060 = CARTESIAN_POINT('',(-4.3,-1.7005,3.5000001));
#4061 = ORIENTED_EDGE('',*,*,#4062,.F.);
#4062 = EDGE_CURVE('',#4063,#4056,#4065,.T.);
#4063 = VERTEX_POINT('',#4064);
#4064 = CARTESIAN_POINT('',(-3.9,1.6995,3.5000001));
#4065 = B_SPLINE_CURVE_WITH_KNOTS('',1,(#4066,#4067),.UNSPECIFIED.,.F.,
  .F.,(2,2),(0.,3.4),.PIECEWISE_BEZIER_KNOTS.);
#4066 = CARTESIAN_POINT('',(-3.9,1.6995,3.5000001));
#4067 = CARTESIAN_POINT('',(-3.9,-1.7005,3.5000001));
#4068 = ORIENTED_EDGE('',*,*,#4069,.T.);
#4069 = EDGE_CURVE('',#4063,#4070,#4072,.T.);
#4070 = VERTEX_POINT('',#4071);
#4071 = CARTESIAN_POINT('',(-4.3,1.6995,3.5000001));
#4072 = B_SPLINE_CURVE_WITH_KNOTS('',1,(#4073,#4074),.UNSPECIFIED.,.F.,
  .F.,(2,2),(0.,0.4),.PIECEWISE_BEZIER_KNOTS.);
#4073 = CARTESIAN_POINT('',(-3.9,1.6995,3.5000001));
#4074 = CARTESIAN_POINT('',(-4.3,1.6995,3.5000001));
#4075 = ORIENTED_EDGE('',*,*,#4076,.F.);
#4076 = EDGE_CURVE('',#4077,#4070,#4079,.T.);
#4077 = VERTEX_POINT('',#4078);
#4078 = CARTESIAN_POINT('',(-4.3,3.7495,3.5000001));
#4079 = B_SPLINE_CURVE_WITH_KNOTS('',1,(#4080,#4081),.UNSPECIFIED.,.F.,
  .F.,(2,2),(0.,2.05),.PIECEWISE_BEZIER_KNOTS.);
#4080 = CARTESIAN_POINT('',(-4.3,3.7495,3.5000001));
#4081 = CARTESIAN_POINT('',(-4.3,1.6995,3.5000001));
#4082 = ORIENTED_EDGE('',*,*,#4083,.F.);
#4083 = EDGE_CURVE('',#3023,#4077,#4084,.T.);
#4084 = ( BOUNDED_CURVE() B_SPLINE_CURVE(2,(#4085,#4086,#4087),
.UNSPECIFIED.,.F.,.F.) B_SPLINE_CURVE_WITH_KNOTS((3,3),(0.,
1.570796326795),.PIECEWISE_BEZIER_KNOTS.) CURVE() 
GEOMETRIC_REPRESENTATION_ITEM() RATIONAL_B_SPLINE_CURVE((1.,
0.707106781187,1.)) REPRESENTATION_ITEM('') );
#4085 = CARTESIAN_POINT('',(-3.8,4.2495,3.5000001));
#4086 = CARTESIAN_POINT('',(-4.3,4.2495,3.5000001));
#4087 = CARTESIAN_POINT('',(-4.3,3.7495,3.5000001));
#4088 = ORIENTED_EDGE('',*,*,#3022,.F.);
#4089 = ORIENTED_EDGE('',*,*,#4090,.F.);
#4090 = EDGE_CURVE('',#4091,#3016,#4093,.T.);
#4091 = VERTEX_POINT('',#4092);
#4092 = CARTESIAN_POINT('',(4.2,3.7495,3.5000001));
#4093 = ( BOUNDED_CURVE() B_SPLINE_CURVE(2,(#4094,#4095,#4096),
.UNSPECIFIED.,.F.,.F.) B_SPLINE_CURVE_WITH_KNOTS((3,3),(4.712388980385,
6.28318530718),.PIECEWISE_BEZIER_KNOTS.) CURVE() 
GEOMETRIC_REPRESENTATION_ITEM() RATIONAL_B_SPLINE_CURVE((1.,
0.707106781187,1.)) REPRESENTATION_ITEM('') );
#4094 = CARTESIAN_POINT('',(4.2,3.7495,3.5000001));
#4095 = CARTESIAN_POINT('',(4.2,4.2495,3.5000001));
#4096 = CARTESIAN_POINT('',(3.7,4.2495,3.5000001));
#4097 = ORIENTED_EDGE('',*,*,#4098,.F.);
#4098 = EDGE_CURVE('',#4099,#4091,#4101,.T.);
#4099 = VERTEX_POINT('',#4100);
#4100 = CARTESIAN_POINT('',(4.2,1.6995,3.5000001));
#4101 = B_SPLINE_CURVE_WITH_KNOTS('',1,(#4102,#4103),.UNSPECIFIED.,.F.,
  .F.,(2,2),(-2.05,0.),.PIECEWISE_BEZIER_KNOTS.);
#4102 = CARTESIAN_POINT('',(4.2,1.6995,3.5000001));
#4103 = CARTESIAN_POINT('',(4.2,3.7495,3.5000001));
#4104 = ORIENTED_EDGE('',*,*,#4105,.F.);
#4105 = EDGE_CURVE('',#4003,#4099,#4106,.T.);
#4106 = B_SPLINE_CURVE_WITH_KNOTS('',1,(#4107,#4108),.UNSPECIFIED.,.F.,
  .F.,(2,2),(0.,0.4),.PIECEWISE_BEZIER_KNOTS.);
#4107 = CARTESIAN_POINT('',(3.8,1.6995,3.5000001));
#4108 = CARTESIAN_POINT('',(4.2,1.6995,3.5000001));
#4109 = FACE_BOUND('',#4110,.T.);
#4110 = EDGE_LOOP('',(#4111,#4120,#4127,#4134));
#4111 = ORIENTED_EDGE('',*,*,#4112,.F.);
#4112 = EDGE_CURVE('',#4113,#4115,#4117,.T.);
#4113 = VERTEX_POINT('',#4114);
#4114 = CARTESIAN_POINT('',(2.75,-2.5505,3.5000001));
#4115 = VERTEX_POINT('',#4116);
#4116 = CARTESIAN_POINT('',(2.75,-2.9505,3.5000001));
#4117 = B_SPLINE_CURVE_WITH_KNOTS('',1,(#4118,#4119),.UNSPECIFIED.,.F.,
  .F.,(2,2),(-0.4,0.),.PIECEWISE_BEZIER_KNOTS.);
#4118 = CARTESIAN_POINT('',(2.75,-2.5505,3.5000001));
#4119 = CARTESIAN_POINT('',(2.75,-2.9505,3.5000001));
#4120 = ORIENTED_EDGE('',*,*,#4121,.F.);
#4121 = EDGE_CURVE('',#4122,#4113,#4124,.T.);
#4122 = VERTEX_POINT('',#4123);
#4123 = CARTESIAN_POINT('',(2.15,-2.5505,3.5000001));
#4124 = B_SPLINE_CURVE_WITH_KNOTS('',1,(#4125,#4126),.UNSPECIFIED.,.F.,
  .F.,(2,2),(0.,0.6),.PIECEWISE_BEZIER_KNOTS.);
#4125 = CARTESIAN_POINT('',(2.15,-2.5505,3.5000001));
#4126 = CARTESIAN_POINT('',(2.75,-2.5505,3.5000001));
#4127 = ORIENTED_EDGE('',*,*,#4128,.F.);
#4128 = EDGE_CURVE('',#4129,#4122,#4131,.T.);
#4129 = VERTEX_POINT('',#4130);
#4130 = CARTESIAN_POINT('',(2.15,-2.9505,3.5000001));
#4131 = B_SPLINE_CURVE_WITH_KNOTS('',1,(#4132,#4133),.UNSPECIFIED.,.F.,
  .F.,(2,2),(-4.440892098501E-16,0.4),.PIECEWISE_BEZIER_KNOTS.);
#4132 = CARTESIAN_POINT('',(2.15,-2.9505,3.5000001));
#4133 = CARTESIAN_POINT('',(2.15,-2.5505,3.5000001));
#4134 = ORIENTED_EDGE('',*,*,#4135,.F.);
#4135 = EDGE_CURVE('',#4115,#4129,#4136,.T.);
#4136 = B_SPLINE_CURVE_WITH_KNOTS('',1,(#4137,#4138),.UNSPECIFIED.,.F.,
  .F.,(2,2),(-0.6,-1.550529188973E-30),.PIECEWISE_BEZIER_KNOTS.);
#4137 = CARTESIAN_POINT('',(2.75,-2.9505,3.5000001));
#4138 = CARTESIAN_POINT('',(2.15,-2.9505,3.5000001));
#4139 = FACE_BOUND('',#4140,.T.);
#4140 = EDGE_LOOP('',(#4141,#4150,#4157,#4164));
#4141 = ORIENTED_EDGE('',*,*,#4142,.F.);
#4142 = EDGE_CURVE('',#4143,#4145,#4147,.T.);
#4143 = VERTEX_POINT('',#4144);
#4144 = CARTESIAN_POINT('',(0.25,-2.5505,3.5000001));
#4145 = VERTEX_POINT('',#4146);
#4146 = CARTESIAN_POINT('',(0.25,-2.9505,3.5000001));
#4147 = B_SPLINE_CURVE_WITH_KNOTS('',1,(#4148,#4149),.UNSPECIFIED.,.F.,
  .F.,(2,2),(-0.4,0.),.PIECEWISE_BEZIER_KNOTS.);
#4148 = CARTESIAN_POINT('',(0.25,-2.5505,3.5000001));
#4149 = CARTESIAN_POINT('',(0.25,-2.9505,3.5000001));
#4150 = ORIENTED_EDGE('',*,*,#4151,.F.);
#4151 = EDGE_CURVE('',#4152,#4143,#4154,.T.);
#4152 = VERTEX_POINT('',#4153);
#4153 = CARTESIAN_POINT('',(-0.35,-2.5505,3.5000001));
#4154 = B_SPLINE_CURVE_WITH_KNOTS('',1,(#4155,#4156),.UNSPECIFIED.,.F.,
  .F.,(2,2),(0.,0.6),.PIECEWISE_BEZIER_KNOTS.);
#4155 = CARTESIAN_POINT('',(-0.35,-2.5505,3.5000001));
#4156 = CARTESIAN_POINT('',(0.25,-2.5505,3.5000001));
#4157 = ORIENTED_EDGE('',*,*,#4158,.F.);
#4158 = EDGE_CURVE('',#4159,#4152,#4161,.T.);
#4159 = VERTEX_POINT('',#4160);
#4160 = CARTESIAN_POINT('',(-0.35,-2.9505,3.5000001));
#4161 = B_SPLINE_CURVE_WITH_KNOTS('',1,(#4162,#4163),.UNSPECIFIED.,.F.,
  .F.,(2,2),(0.,0.4),.PIECEWISE_BEZIER_KNOTS.);
#4162 = CARTESIAN_POINT('',(-0.35,-2.9505,3.5000001));
#4163 = CARTESIAN_POINT('',(-0.35,-2.5505,3.5000001));
#4164 = ORIENTED_EDGE('',*,*,#4165,.F.);
#4165 = EDGE_CURVE('',#4145,#4159,#4166,.T.);
#4166 = B_SPLINE_CURVE_WITH_KNOTS('',1,(#4167,#4168),.UNSPECIFIED.,.F.,
  .F.,(2,2),(-0.6,0.),.PIECEWISE_BEZIER_KNOTS.);
#4167 = CARTESIAN_POINT('',(0.25,-2.9505,3.5000001));
#4168 = CARTESIAN_POINT('',(-0.35,-2.9505,3.5000001));
#4169 = FACE_BOUND('',#4170,.T.);
#4170 = EDGE_LOOP('',(#4171,#4172,#4173,#4174));
#4171 = ORIENTED_EDGE('',*,*,#3896,.F.);
#4172 = ORIENTED_EDGE('',*,*,#3824,.F.);
#4173 = ORIENTED_EDGE('',*,*,#3852,.F.);
#4174 = ORIENTED_EDGE('',*,*,#3874,.F.);
#4175 = B_SPLINE_SURFACE_WITH_KNOTS('',1,1,(
    (#4176,#4177)
    ,(#4178,#4179
    )),.UNSPECIFIED.,.F.,.F.,.F.,(2,2),(2,2),(-8.,0.5),(-0.5,8.),
  .PIECEWISE_BEZIER_KNOTS.);
#4176 = CARTESIAN_POINT('',(-4.3,-4.2505,3.5000001));
#4177 = CARTESIAN_POINT('',(4.2,-4.2505,3.5000001));
#4178 = CARTESIAN_POINT('',(-4.3,4.2495,3.5000001));
#4179 = CARTESIAN_POINT('',(4.2,4.2495,3.5000001));
#4180 = ADVANCED_FACE('',(#4181),#4203,.T.);
#4181 = FACE_BOUND('',#4182,.T.);
#4182 = EDGE_LOOP('',(#4183,#4190,#4197,#4202));
#4183 = ORIENTED_EDGE('',*,*,#4184,.F.);
#4184 = EDGE_CURVE('',#4185,#4099,#4187,.T.);
#4185 = VERTEX_POINT('',#4186);
#4186 = CARTESIAN_POINT('',(4.2,1.6995,6.7000001));
#4187 = B_SPLINE_CURVE_WITH_KNOTS('',1,(#4188,#4189),.UNSPECIFIED.,.F.,
  .F.,(2,2),(1.3,4.5),.PIECEWISE_BEZIER_KNOTS.);
#4188 = CARTESIAN_POINT('',(4.2,1.6995,6.7000001));
#4189 = CARTESIAN_POINT('',(4.2,1.6995,3.5000001));
#4190 = ORIENTED_EDGE('',*,*,#4191,.T.);
#4191 = EDGE_CURVE('',#4185,#4192,#4194,.T.);
#4192 = VERTEX_POINT('',#4193);
#4193 = CARTESIAN_POINT('',(3.8,1.6995,6.7000001));
#4194 = B_SPLINE_CURVE_WITH_KNOTS('',1,(#4195,#4196),.UNSPECIFIED.,.F.,
  .F.,(2,2),(0.,0.4),.PIECEWISE_BEZIER_KNOTS.);
#4195 = CARTESIAN_POINT('',(4.2,1.6995,6.7000001));
#4196 = CARTESIAN_POINT('',(3.8,1.6995,6.7000001));
#4197 = ORIENTED_EDGE('',*,*,#4198,.T.);
#4198 = EDGE_CURVE('',#4192,#4003,#4199,.T.);
#4199 = B_SPLINE_CURVE_WITH_KNOTS('',1,(#4200,#4201),.UNSPECIFIED.,.F.,
  .F.,(2,2),(1.3,4.5),.PIECEWISE_BEZIER_KNOTS.);
#4200 = CARTESIAN_POINT('',(3.8,1.6995,6.7000001));
#4201 = CARTESIAN_POINT('',(3.8,1.6995,3.5000001));
#4202 = ORIENTED_EDGE('',*,*,#4105,.T.);
#4203 = B_SPLINE_SURFACE_WITH_KNOTS('',1,1,(
    (#4204,#4205)
    ,(#4206,#4207
    )),.UNSPECIFIED.,.F.,.F.,.F.,(2,2),(2,2),(1.3,4.5),(0.,0.4),
  .PIECEWISE_BEZIER_KNOTS.);
#4204 = CARTESIAN_POINT('',(3.8,1.6995,6.7000001));
#4205 = CARTESIAN_POINT('',(4.2,1.6995,6.7000001));
#4206 = CARTESIAN_POINT('',(3.8,1.6995,3.5000001));
#4207 = CARTESIAN_POINT('',(4.2,1.6995,3.5000001));
#4208 = ADVANCED_FACE('',(#4209),#4253,.T.);
#4209 = FACE_BOUND('',#4210,.T.);
#4210 = EDGE_LOOP('',(#4211,#4218,#4225,#4232,#4239,#4246,#4251,#4252));
#4211 = ORIENTED_EDGE('',*,*,#4212,.F.);
#4212 = EDGE_CURVE('',#4213,#4192,#4215,.T.);
#4213 = VERTEX_POINT('',#4214);
#4214 = CARTESIAN_POINT('',(3.8,0.9995,6.7000001));
#4215 = B_SPLINE_CURVE_WITH_KNOTS('',1,(#4216,#4217),.UNSPECIFIED.,.F.,
  .F.,(2,2),(-0.7,0.),.PIECEWISE_BEZIER_KNOTS.);
#4216 = CARTESIAN_POINT('',(3.8,0.9995,6.7000001));
#4217 = CARTESIAN_POINT('',(3.8,1.6995,6.7000001));
#4218 = ORIENTED_EDGE('',*,*,#4219,.F.);
#4219 = EDGE_CURVE('',#4220,#4213,#4222,.T.);
#4220 = VERTEX_POINT('',#4221);
#4221 = CARTESIAN_POINT('',(3.8,0.9995,8.0000001));
#4222 = B_SPLINE_CURVE_WITH_KNOTS('',1,(#4223,#4224),.UNSPECIFIED.,.F.,
  .F.,(2,2),(0.,1.3),.PIECEWISE_BEZIER_KNOTS.);
#4223 = CARTESIAN_POINT('',(3.8,0.9995,8.0000001));
#4224 = CARTESIAN_POINT('',(3.8,0.9995,6.7000001));
#4225 = ORIENTED_EDGE('',*,*,#4226,.F.);
#4226 = EDGE_CURVE('',#4227,#4220,#4229,.T.);
#4227 = VERTEX_POINT('',#4228);
#4228 = CARTESIAN_POINT('',(3.8,-1.0005,8.0000001));
#4229 = B_SPLINE_CURVE_WITH_KNOTS('',1,(#4230,#4231),.UNSPECIFIED.,.F.,
  .F.,(2,2),(-2.7,-0.7),.PIECEWISE_BEZIER_KNOTS.);
#4230 = CARTESIAN_POINT('',(3.8,-1.0005,8.0000001));
#4231 = CARTESIAN_POINT('',(3.8,0.9995,8.0000001));
#4232 = ORIENTED_EDGE('',*,*,#4233,.T.);
#4233 = EDGE_CURVE('',#4227,#4234,#4236,.T.);
#4234 = VERTEX_POINT('',#4235);
#4235 = CARTESIAN_POINT('',(3.8,-1.0005,6.7000001));
#4236 = B_SPLINE_CURVE_WITH_KNOTS('',1,(#4237,#4238),.UNSPECIFIED.,.F.,
  .F.,(2,2),(0.,1.3),.PIECEWISE_BEZIER_KNOTS.);
#4237 = CARTESIAN_POINT('',(3.8,-1.0005,8.0000001));
#4238 = CARTESIAN_POINT('',(3.8,-1.0005,6.7000001));
#4239 = ORIENTED_EDGE('',*,*,#4240,.T.);
#4240 = EDGE_CURVE('',#4234,#4241,#4243,.T.);
#4241 = VERTEX_POINT('',#4242);
#4242 = CARTESIAN_POINT('',(3.8,-1.7005,6.7000001));
#4243 = B_SPLINE_CURVE_WITH_KNOTS('',1,(#4244,#4245),.UNSPECIFIED.,.F.,
  .F.,(2,2),(-0.7,0.),.PIECEWISE_BEZIER_KNOTS.);
#4244 = CARTESIAN_POINT('',(3.8,-1.0005,6.7000001));
#4245 = CARTESIAN_POINT('',(3.8,-1.7005,6.7000001));
#4246 = ORIENTED_EDGE('',*,*,#4247,.F.);
#4247 = EDGE_CURVE('',#4005,#4241,#4248,.T.);
#4248 = B_SPLINE_CURVE_WITH_KNOTS('',1,(#4249,#4250),.UNSPECIFIED.,.F.,
  .F.,(2,2),(-4.5,-1.3),.PIECEWISE_BEZIER_KNOTS.);
#4249 = CARTESIAN_POINT('',(3.8,-1.7005,3.5000001));
#4250 = CARTESIAN_POINT('',(3.8,-1.7005,6.7000001));
#4251 = ORIENTED_EDGE('',*,*,#4002,.F.);
#4252 = ORIENTED_EDGE('',*,*,#4198,.F.);
#4253 = B_SPLINE_SURFACE_WITH_KNOTS('',1,1,(
    (#4254,#4255)
    ,(#4256,#4257
    )),.UNSPECIFIED.,.F.,.F.,.F.,(2,2),(2,2),(0.,4.5),(-1.7,1.7),
  .PIECEWISE_BEZIER_KNOTS.);
#4254 = CARTESIAN_POINT('',(3.8,-1.7005,8.0000001));
#4255 = CARTESIAN_POINT('',(3.8,1.6995,8.0000001));
#4256 = CARTESIAN_POINT('',(3.8,-1.7005,3.5000001));
#4257 = CARTESIAN_POINT('',(3.8,1.6995,3.5000001));
#4258 = ADVANCED_FACE('',(#4259),#4389,.F.);
#4259 = FACE_BOUND('',#4260,.T.);
#4260 = EDGE_LOOP('',(#4261,#4262,#4269,#4276,#4283,#4289,#4290,#4298,
    #4305,#4312,#4319,#4326,#4333,#4340,#4347,#4355,#4362,#4370,#4377,
    #4384));
#4261 = ORIENTED_EDGE('',*,*,#4226,.T.);
#4262 = ORIENTED_EDGE('',*,*,#4263,.F.);
#4263 = EDGE_CURVE('',#4264,#4220,#4266,.T.);
#4264 = VERTEX_POINT('',#4265);
#4265 = CARTESIAN_POINT('',(3.8,1.6995,8.0000001));
#4266 = B_SPLINE_CURVE_WITH_KNOTS('',1,(#4267,#4268),.UNSPECIFIED.,.F.,
  .F.,(2,2),(0.,0.7),.PIECEWISE_BEZIER_KNOTS.);
#4267 = CARTESIAN_POINT('',(3.8,1.6995,8.0000001));
#4268 = CARTESIAN_POINT('',(3.8,0.9995,8.0000001));
#4269 = ORIENTED_EDGE('',*,*,#4270,.F.);
#4270 = EDGE_CURVE('',#4271,#4264,#4273,.T.);
#4271 = VERTEX_POINT('',#4272);
#4272 = CARTESIAN_POINT('',(4.2,1.6995,8.0000001));
#4273 = B_SPLINE_CURVE_WITH_KNOTS('',1,(#4274,#4275),.UNSPECIFIED.,.F.,
  .F.,(2,2),(0.,0.4),.PIECEWISE_BEZIER_KNOTS.);
#4274 = CARTESIAN_POINT('',(4.2,1.6995,8.0000001));
#4275 = CARTESIAN_POINT('',(3.8,1.6995,8.0000001));
#4276 = ORIENTED_EDGE('',*,*,#4277,.T.);
#4277 = EDGE_CURVE('',#4271,#4278,#4280,.T.);
#4278 = VERTEX_POINT('',#4279);
#4279 = CARTESIAN_POINT('',(4.2,3.7495,8.0000001));
#4280 = B_SPLINE_CURVE_WITH_KNOTS('',1,(#4281,#4282),.UNSPECIFIED.,.F.,
  .F.,(2,2),(-2.05,0.),.PIECEWISE_BEZIER_KNOTS.);
#4281 = CARTESIAN_POINT('',(4.2,1.6995,8.0000001));
#4282 = CARTESIAN_POINT('',(4.2,3.7495,8.0000001));
#4283 = ORIENTED_EDGE('',*,*,#4284,.T.);
#4284 = EDGE_CURVE('',#4278,#3007,#4285,.T.);
#4285 = ( BOUNDED_CURVE() B_SPLINE_CURVE(2,(#4286,#4287,#4288),
.UNSPECIFIED.,.F.,.F.) B_SPLINE_CURVE_WITH_KNOTS((3,3),(4.712388980385,
6.28318530718),.PIECEWISE_BEZIER_KNOTS.) CURVE() 
GEOMETRIC_REPRESENTATION_ITEM() RATIONAL_B_SPLINE_CURVE((1.,
0.707106781187,1.)) REPRESENTATION_ITEM('') );
#4286 = CARTESIAN_POINT('',(4.2,3.7495,8.0000001));
#4287 = CARTESIAN_POINT('',(4.2,4.2495,8.0000001));
#4288 = CARTESIAN_POINT('',(3.7,4.2495,8.0000001));
#4289 = ORIENTED_EDGE('',*,*,#3006,.T.);
#4290 = ORIENTED_EDGE('',*,*,#4291,.T.);
#4291 = EDGE_CURVE('',#3009,#4292,#4294,.T.);
#4292 = VERTEX_POINT('',#4293);
#4293 = CARTESIAN_POINT('',(-4.3,3.7495,8.0000001));
#4294 = ( BOUNDED_CURVE() B_SPLINE_CURVE(2,(#4295,#4296,#4297),
.UNSPECIFIED.,.F.,.F.) B_SPLINE_CURVE_WITH_KNOTS((3,3),(0.,
1.570796326795),.PIECEWISE_BEZIER_KNOTS.) CURVE() 
GEOMETRIC_REPRESENTATION_ITEM() RATIONAL_B_SPLINE_CURVE((1.,
0.707106781187,1.)) REPRESENTATION_ITEM('') );
#4295 = CARTESIAN_POINT('',(-3.8,4.2495,8.0000001));
#4296 = CARTESIAN_POINT('',(-4.3,4.2495,8.0000001));
#4297 = CARTESIAN_POINT('',(-4.3,3.7495,8.0000001));
#4298 = ORIENTED_EDGE('',*,*,#4299,.T.);
#4299 = EDGE_CURVE('',#4292,#4300,#4302,.T.);
#4300 = VERTEX_POINT('',#4301);
#4301 = CARTESIAN_POINT('',(-4.3,1.6995,8.0000001));
#4302 = B_SPLINE_CURVE_WITH_KNOTS('',1,(#4303,#4304),.UNSPECIFIED.,.F.,
  .F.,(2,2),(0.,2.05),.PIECEWISE_BEZIER_KNOTS.);
#4303 = CARTESIAN_POINT('',(-4.3,3.7495,8.0000001));
#4304 = CARTESIAN_POINT('',(-4.3,1.6995,8.0000001));
#4305 = ORIENTED_EDGE('',*,*,#4306,.T.);
#4306 = EDGE_CURVE('',#4300,#4307,#4309,.T.);
#4307 = VERTEX_POINT('',#4308);
#4308 = CARTESIAN_POINT('',(-3.9,1.6995,8.0000001));
#4309 = B_SPLINE_CURVE_WITH_KNOTS('',1,(#4310,#4311),.UNSPECIFIED.,.F.,
  .F.,(2,2),(0.,0.4),.PIECEWISE_BEZIER_KNOTS.);
#4310 = CARTESIAN_POINT('',(-4.3,1.6995,8.0000001));
#4311 = CARTESIAN_POINT('',(-3.9,1.6995,8.0000001));
#4312 = ORIENTED_EDGE('',*,*,#4313,.T.);
#4313 = EDGE_CURVE('',#4307,#4314,#4316,.T.);
#4314 = VERTEX_POINT('',#4315);
#4315 = CARTESIAN_POINT('',(-3.9,0.9995,8.0000001));
#4316 = B_SPLINE_CURVE_WITH_KNOTS('',1,(#4317,#4318),.UNSPECIFIED.,.F.,
  .F.,(2,2),(0.,0.7),.PIECEWISE_BEZIER_KNOTS.);
#4317 = CARTESIAN_POINT('',(-3.9,1.6995,8.0000001));
#4318 = CARTESIAN_POINT('',(-3.9,0.9995,8.0000001));
#4319 = ORIENTED_EDGE('',*,*,#4320,.F.);
#4320 = EDGE_CURVE('',#4321,#4314,#4323,.T.);
#4321 = VERTEX_POINT('',#4322);
#4322 = CARTESIAN_POINT('',(-3.9,-1.0005,8.0000001));
#4323 = B_SPLINE_CURVE_WITH_KNOTS('',1,(#4324,#4325),.UNSPECIFIED.,.F.,
  .F.,(2,2),(-2.7,-0.7),.PIECEWISE_BEZIER_KNOTS.);
#4324 = CARTESIAN_POINT('',(-3.9,-1.0005,8.0000001));
#4325 = CARTESIAN_POINT('',(-3.9,0.9995,8.0000001));
#4326 = ORIENTED_EDGE('',*,*,#4327,.F.);
#4327 = EDGE_CURVE('',#4328,#4321,#4330,.T.);
#4328 = VERTEX_POINT('',#4329);
#4329 = CARTESIAN_POINT('',(-3.9,-1.7005,8.0000001));
#4330 = B_SPLINE_CURVE_WITH_KNOTS('',1,(#4331,#4332),.UNSPECIFIED.,.F.,
  .F.,(2,2),(0.,0.7),.PIECEWISE_BEZIER_KNOTS.);
#4331 = CARTESIAN_POINT('',(-3.9,-1.7005,8.0000001));
#4332 = CARTESIAN_POINT('',(-3.9,-1.0005,8.0000001));
#4333 = ORIENTED_EDGE('',*,*,#4334,.F.);
#4334 = EDGE_CURVE('',#4335,#4328,#4337,.T.);
#4335 = VERTEX_POINT('',#4336);
#4336 = CARTESIAN_POINT('',(-4.3,-1.7005,8.0000001));
#4337 = B_SPLINE_CURVE_WITH_KNOTS('',1,(#4338,#4339),.UNSPECIFIED.,.F.,
  .F.,(2,2),(0.,0.4),.PIECEWISE_BEZIER_KNOTS.);
#4338 = CARTESIAN_POINT('',(-4.3,-1.7005,8.0000001));
#4339 = CARTESIAN_POINT('',(-3.9,-1.7005,8.0000001));
#4340 = ORIENTED_EDGE('',*,*,#4341,.T.);
#4341 = EDGE_CURVE('',#4335,#4342,#4344,.T.);
#4342 = VERTEX_POINT('',#4343);
#4343 = CARTESIAN_POINT('',(-4.3,-3.7505,8.0000001));
#4344 = B_SPLINE_CURVE_WITH_KNOTS('',1,(#4345,#4346),.UNSPECIFIED.,.F.,
  .F.,(2,2),(5.45,7.5),.PIECEWISE_BEZIER_KNOTS.);
#4345 = CARTESIAN_POINT('',(-4.3,-1.7005,8.0000001));
#4346 = CARTESIAN_POINT('',(-4.3,-3.7505,8.0000001));
#4347 = ORIENTED_EDGE('',*,*,#4348,.T.);
#4348 = EDGE_CURVE('',#4342,#4349,#4351,.T.);
#4349 = VERTEX_POINT('',#4350);
#4350 = CARTESIAN_POINT('',(-3.8,-4.2505,8.0000001));
#4351 = ( BOUNDED_CURVE() B_SPLINE_CURVE(2,(#4352,#4353,#4354),
.UNSPECIFIED.,.F.,.F.) B_SPLINE_CURVE_WITH_KNOTS((3,3),(4.712388980385,
6.28318530718),.PIECEWISE_BEZIER_KNOTS.) CURVE() 
GEOMETRIC_REPRESENTATION_ITEM() RATIONAL_B_SPLINE_CURVE((1.,
0.707106781187,1.)) REPRESENTATION_ITEM('') );
#4352 = CARTESIAN_POINT('',(-4.3,-3.7505,8.0000001));
#4353 = CARTESIAN_POINT('',(-4.3,-4.2505,8.0000001));
#4354 = CARTESIAN_POINT('',(-3.8,-4.2505,8.0000001));
#4355 = ORIENTED_EDGE('',*,*,#4356,.T.);
#4356 = EDGE_CURVE('',#4349,#4357,#4359,.T.);
#4357 = VERTEX_POINT('',#4358);
#4358 = CARTESIAN_POINT('',(3.7,-4.2505,8.0000001));
#4359 = B_SPLINE_CURVE_WITH_KNOTS('',1,(#4360,#4361),.UNSPECIFIED.,.F.,
  .F.,(2,2),(0.,7.5),.PIECEWISE_BEZIER_KNOTS.);
#4360 = CARTESIAN_POINT('',(-3.8,-4.2505,8.0000001));
#4361 = CARTESIAN_POINT('',(3.7,-4.2505,8.0000001));
#4362 = ORIENTED_EDGE('',*,*,#4363,.T.);
#4363 = EDGE_CURVE('',#4357,#4364,#4366,.T.);
#4364 = VERTEX_POINT('',#4365);
#4365 = CARTESIAN_POINT('',(4.2,-3.7505,8.0000001));
#4366 = ( BOUNDED_CURVE() B_SPLINE_CURVE(2,(#4367,#4368,#4369),
.UNSPECIFIED.,.F.,.F.) B_SPLINE_CURVE_WITH_KNOTS((3,3),(3.14159265359,
4.712388980385),.PIECEWISE_BEZIER_KNOTS.) CURVE() 
GEOMETRIC_REPRESENTATION_ITEM() RATIONAL_B_SPLINE_CURVE((1.,
0.707106781187,1.)) REPRESENTATION_ITEM('') );
#4367 = CARTESIAN_POINT('',(3.7,-4.2505,8.0000001));
#4368 = CARTESIAN_POINT('',(4.2,-4.2505,8.0000001));
#4369 = CARTESIAN_POINT('',(4.2,-3.7505,8.0000001));
#4370 = ORIENTED_EDGE('',*,*,#4371,.T.);
#4371 = EDGE_CURVE('',#4364,#4372,#4374,.T.);
#4372 = VERTEX_POINT('',#4373);
#4373 = CARTESIAN_POINT('',(4.2,-1.7005,8.0000001));
#4374 = B_SPLINE_CURVE_WITH_KNOTS('',1,(#4375,#4376),.UNSPECIFIED.,.F.,
  .F.,(2,2),(-7.5,-5.45),.PIECEWISE_BEZIER_KNOTS.);
#4375 = CARTESIAN_POINT('',(4.2,-3.7505,8.0000001));
#4376 = CARTESIAN_POINT('',(4.2,-1.7005,8.0000001));
#4377 = ORIENTED_EDGE('',*,*,#4378,.T.);
#4378 = EDGE_CURVE('',#4372,#4379,#4381,.T.);
#4379 = VERTEX_POINT('',#4380);
#4380 = CARTESIAN_POINT('',(3.8,-1.7005,8.0000001));
#4381 = B_SPLINE_CURVE_WITH_KNOTS('',1,(#4382,#4383),.UNSPECIFIED.,.F.,
  .F.,(2,2),(0.,0.4),.PIECEWISE_BEZIER_KNOTS.);
#4382 = CARTESIAN_POINT('',(4.2,-1.7005,8.0000001));
#4383 = CARTESIAN_POINT('',(3.8,-1.7005,8.0000001));
#4384 = ORIENTED_EDGE('',*,*,#4385,.T.);
#4385 = EDGE_CURVE('',#4379,#4227,#4386,.T.);
#4386 = B_SPLINE_CURVE_WITH_KNOTS('',1,(#4387,#4388),.UNSPECIFIED.,.F.,
  .F.,(2,2),(0.,0.7),.PIECEWISE_BEZIER_KNOTS.);
#4387 = CARTESIAN_POINT('',(3.8,-1.7005,8.0000001));
#4388 = CARTESIAN_POINT('',(3.8,-1.0005,8.0000001));
#4389 = B_SPLINE_SURFACE_WITH_KNOTS('',1,1,(
    (#4390,#4391)
    ,(#4392,#4393
    )),.UNSPECIFIED.,.F.,.F.,.F.,(2,2),(2,2),(-8.,0.5),(-0.5,8.),
  .PIECEWISE_BEZIER_KNOTS.);
#4390 = CARTESIAN_POINT('',(-4.3,-4.2505,8.0000001));
#4391 = CARTESIAN_POINT('',(4.2,-4.2505,8.0000001));
#4392 = CARTESIAN_POINT('',(-4.3,4.2495,8.0000001));
#4393 = CARTESIAN_POINT('',(4.2,4.2495,8.0000001));
#4394 = ADVANCED_FACE('',(#4395),#4437,.T.);
#4395 = FACE_BOUND('',#4396,.T.);
#4396 = EDGE_LOOP('',(#4397,#4406,#4413,#4418,#4419,#4424,#4425,#4432));
#4397 = ORIENTED_EDGE('',*,*,#4398,.F.);
#4398 = EDGE_CURVE('',#4399,#4401,#4403,.T.);
#4399 = VERTEX_POINT('',#4400);
#4400 = CARTESIAN_POINT('',(4.2,-1.0005,7.0500001));
#4401 = VERTEX_POINT('',#4402);
#4402 = CARTESIAN_POINT('',(4.2,-1.0005,6.7000001));
#4403 = B_SPLINE_CURVE_WITH_KNOTS('',1,(#4404,#4405),.UNSPECIFIED.,.F.,
  .F.,(2,2),(0.95,1.3),.PIECEWISE_BEZIER_KNOTS.);
#4404 = CARTESIAN_POINT('',(4.2,-1.0005,7.0500001));
#4405 = CARTESIAN_POINT('',(4.2,-1.0005,6.7000001));
#4406 = ORIENTED_EDGE('',*,*,#4407,.F.);
#4407 = EDGE_CURVE('',#4408,#4399,#4410,.T.);
#4408 = VERTEX_POINT('',#4409);
#4409 = CARTESIAN_POINT('',(4.2,-1.7005,7.0500001));
#4410 = B_SPLINE_CURVE_WITH_KNOTS('',1,(#4411,#4412),.UNSPECIFIED.,.F.,
  .F.,(2,2),(0.,0.7),.PIECEWISE_BEZIER_KNOTS.);
#4411 = CARTESIAN_POINT('',(4.2,-1.7005,7.0500001));
#4412 = CARTESIAN_POINT('',(4.2,-1.0005,7.0500001));
#4413 = ORIENTED_EDGE('',*,*,#4414,.T.);
#4414 = EDGE_CURVE('',#4408,#4372,#4415,.T.);
#4415 = B_SPLINE_CURVE_WITH_KNOTS('',1,(#4416,#4417),.UNSPECIFIED.,.F.,
  .F.,(2,2),(0.,0.95),.PIECEWISE_BEZIER_KNOTS.);
#4416 = CARTESIAN_POINT('',(4.2,-1.7005,7.0500001));
#4417 = CARTESIAN_POINT('',(4.2,-1.7005,8.0000001));
#4418 = ORIENTED_EDGE('',*,*,#4371,.F.);
#4419 = ORIENTED_EDGE('',*,*,#4420,.F.);
#4420 = EDGE_CURVE('',#4019,#4364,#4421,.T.);
#4421 = B_SPLINE_CURVE_WITH_KNOTS('',1,(#4422,#4423),.UNSPECIFIED.,.F.,
  .F.,(2,2),(0.,4.5),.PIECEWISE_BEZIER_KNOTS.);
#4422 = CARTESIAN_POINT('',(4.2,-3.7505,3.5000001));
#4423 = CARTESIAN_POINT('',(4.2,-3.7505,8.0000001));
#4424 = ORIENTED_EDGE('',*,*,#4018,.T.);
#4425 = ORIENTED_EDGE('',*,*,#4426,.T.);
#4426 = EDGE_CURVE('',#4012,#4427,#4429,.T.);
#4427 = VERTEX_POINT('',#4428);
#4428 = CARTESIAN_POINT('',(4.2,-1.7005,6.7000001));
#4429 = B_SPLINE_CURVE_WITH_KNOTS('',1,(#4430,#4431),.UNSPECIFIED.,.F.,
  .F.,(2,2),(-4.5,-1.3),.PIECEWISE_BEZIER_KNOTS.);
#4430 = CARTESIAN_POINT('',(4.2,-1.7005,3.5000001));
#4431 = CARTESIAN_POINT('',(4.2,-1.7005,6.7000001));
#4432 = ORIENTED_EDGE('',*,*,#4433,.F.);
#4433 = EDGE_CURVE('',#4401,#4427,#4434,.T.);
#4434 = B_SPLINE_CURVE_WITH_KNOTS('',1,(#4435,#4436),.UNSPECIFIED.,.F.,
  .F.,(2,2),(-0.7,0.),.PIECEWISE_BEZIER_KNOTS.);
#4435 = CARTESIAN_POINT('',(4.2,-1.0005,6.7000001));
#4436 = CARTESIAN_POINT('',(4.2,-1.7005,6.7000001));
#4437 = B_SPLINE_SURFACE_WITH_KNOTS('',1,1,(
    (#4438,#4439)
    ,(#4440,#4441
    )),.UNSPECIFIED.,.F.,.F.,.F.,(2,2),(2,2),(0.,4.5),(4.75,7.5),
  .PIECEWISE_BEZIER_KNOTS.);
#4438 = CARTESIAN_POINT('',(4.2,-1.0005,3.5000001));
#4439 = CARTESIAN_POINT('',(4.2,-3.7505,3.5000001));
#4440 = CARTESIAN_POINT('',(4.2,-1.0005,8.0000001));
#4441 = CARTESIAN_POINT('',(4.2,-3.7505,8.0000001));
#4442 = ADVANCED_FACE('',(#4443),#4457,.T.);
#4443 = FACE_BOUND('',#4444,.T.);
#4444 = EDGE_LOOP('',(#4445,#4446,#4451,#4452));
#4445 = ORIENTED_EDGE('',*,*,#4233,.F.);
#4446 = ORIENTED_EDGE('',*,*,#4447,.T.);
#4447 = EDGE_CURVE('',#4227,#4399,#4448,.T.);
#4448 = B_SPLINE_CURVE_WITH_KNOTS('',1,(#4449,#4450),.UNSPECIFIED.,.F.,
  .F.,(2,2),(0.,1.030776406404),.PIECEWISE_BEZIER_KNOTS.);
#4449 = CARTESIAN_POINT('',(3.8,-1.0005,8.0000001));
#4450 = CARTESIAN_POINT('',(4.2,-1.0005,7.0500001));
#4451 = ORIENTED_EDGE('',*,*,#4398,.T.);
#4452 = ORIENTED_EDGE('',*,*,#4453,.T.);
#4453 = EDGE_CURVE('',#4401,#4234,#4454,.T.);
#4454 = B_SPLINE_CURVE_WITH_KNOTS('',1,(#4455,#4456),.UNSPECIFIED.,.F.,
  .F.,(2,2),(0.,0.4),.PIECEWISE_BEZIER_KNOTS.);
#4455 = CARTESIAN_POINT('',(4.2,-1.0005,6.7000001));
#4456 = CARTESIAN_POINT('',(3.8,-1.0005,6.7000001));
#4457 = B_SPLINE_SURFACE_WITH_KNOTS('',1,1,(
    (#4458,#4459)
    ,(#4460,#4461
    )),.UNSPECIFIED.,.F.,.F.,.F.,(2,2),(2,2),(-1.3,0.),(-0.4,
    2.775557561563E-16),.PIECEWISE_BEZIER_KNOTS.);
#4458 = CARTESIAN_POINT('',(3.8,-1.0005,6.7000001));
#4459 = CARTESIAN_POINT('',(4.2,-1.0005,6.7000001));
#4460 = CARTESIAN_POINT('',(3.8,-1.0005,8.0000001));
#4461 = CARTESIAN_POINT('',(4.2,-1.0005,8.0000001));
#4462 = ADVANCED_FACE('',(#4463),#4499,.T.);
#4463 = FACE_BOUND('',#4464,.T.);
#4464 = EDGE_LOOP('',(#4465,#4474,#4481,#4486,#4487,#4488,#4493,#4494));
#4465 = ORIENTED_EDGE('',*,*,#4466,.T.);
#4466 = EDGE_CURVE('',#4467,#4469,#4471,.T.);
#4467 = VERTEX_POINT('',#4468);
#4468 = CARTESIAN_POINT('',(4.2,1.6995,7.0500001));
#4469 = VERTEX_POINT('',#4470);
#4470 = CARTESIAN_POINT('',(4.2,0.9995,7.0500001));
#4471 = B_SPLINE_CURVE_WITH_KNOTS('',1,(#4472,#4473),.UNSPECIFIED.,.F.,
  .F.,(2,2),(0.,0.7),.PIECEWISE_BEZIER_KNOTS.);
#4472 = CARTESIAN_POINT('',(4.2,1.6995,7.0500001));
#4473 = CARTESIAN_POINT('',(4.2,0.9995,7.0500001));
#4474 = ORIENTED_EDGE('',*,*,#4475,.T.);
#4475 = EDGE_CURVE('',#4469,#4476,#4478,.T.);
#4476 = VERTEX_POINT('',#4477);
#4477 = CARTESIAN_POINT('',(4.2,0.9995,6.7000001));
#4478 = B_SPLINE_CURVE_WITH_KNOTS('',1,(#4479,#4480),.UNSPECIFIED.,.F.,
  .F.,(2,2),(0.95,1.3),.PIECEWISE_BEZIER_KNOTS.);
#4479 = CARTESIAN_POINT('',(4.2,0.9995,7.0500001));
#4480 = CARTESIAN_POINT('',(4.2,0.9995,6.7000001));
#4481 = ORIENTED_EDGE('',*,*,#4482,.T.);
#4482 = EDGE_CURVE('',#4476,#4185,#4483,.T.);
#4483 = B_SPLINE_CURVE_WITH_KNOTS('',1,(#4484,#4485),.UNSPECIFIED.,.F.,
  .F.,(2,2),(-0.7,0.),.PIECEWISE_BEZIER_KNOTS.);
#4484 = CARTESIAN_POINT('',(4.2,0.9995,6.7000001));
#4485 = CARTESIAN_POINT('',(4.2,1.6995,6.7000001));
#4486 = ORIENTED_EDGE('',*,*,#4184,.T.);
#4487 = ORIENTED_EDGE('',*,*,#4098,.T.);
#4488 = ORIENTED_EDGE('',*,*,#4489,.T.);
#4489 = EDGE_CURVE('',#4091,#4278,#4490,.T.);
#4490 = B_SPLINE_CURVE_WITH_KNOTS('',1,(#4491,#4492),.UNSPECIFIED.,.F.,
  .F.,(2,2),(0.,4.5),.PIECEWISE_BEZIER_KNOTS.);
#4491 = CARTESIAN_POINT('',(4.2,3.7495,3.5000001));
#4492 = CARTESIAN_POINT('',(4.2,3.7495,8.0000001));
#4493 = ORIENTED_EDGE('',*,*,#4277,.F.);
#4494 = ORIENTED_EDGE('',*,*,#4495,.F.);
#4495 = EDGE_CURVE('',#4467,#4271,#4496,.T.);
#4496 = B_SPLINE_CURVE_WITH_KNOTS('',1,(#4497,#4498),.UNSPECIFIED.,.F.,
  .F.,(2,2),(0.,0.95),.PIECEWISE_BEZIER_KNOTS.);
#4497 = CARTESIAN_POINT('',(4.2,1.6995,7.0500001));
#4498 = CARTESIAN_POINT('',(4.2,1.6995,8.0000001));
#4499 = B_SPLINE_SURFACE_WITH_KNOTS('',1,1,(
    (#4500,#4501)
    ,(#4502,#4503
    )),.UNSPECIFIED.,.F.,.F.,.F.,(2,2),(2,2),(0.,4.5),(0.,2.75),
  .PIECEWISE_BEZIER_KNOTS.);
#4500 = CARTESIAN_POINT('',(4.2,3.7495,3.5000001));
#4501 = CARTESIAN_POINT('',(4.2,0.9995,3.5000001));
#4502 = CARTESIAN_POINT('',(4.2,3.7495,8.0000001));
#4503 = CARTESIAN_POINT('',(4.2,0.9995,8.0000001));
#4504 = ADVANCED_FACE('',(#4505),#4547,.T.);
#4505 = FACE_BOUND('',#4506,.T.);
#4506 = EDGE_LOOP('',(#4507,#4516,#4523,#4528,#4529,#4534,#4535,#4542));
#4507 = ORIENTED_EDGE('',*,*,#4508,.F.);
#4508 = EDGE_CURVE('',#4509,#4511,#4513,.T.);
#4509 = VERTEX_POINT('',#4510);
#4510 = CARTESIAN_POINT('',(-4.3,0.9995,7.0500001));
#4511 = VERTEX_POINT('',#4512);
#4512 = CARTESIAN_POINT('',(-4.3,0.9995,6.7000001));
#4513 = B_SPLINE_CURVE_WITH_KNOTS('',1,(#4514,#4515),.UNSPECIFIED.,.F.,
  .F.,(2,2),(0.95,1.3),.PIECEWISE_BEZIER_KNOTS.);
#4514 = CARTESIAN_POINT('',(-4.3,0.9995,7.0500001));
#4515 = CARTESIAN_POINT('',(-4.3,0.9995,6.7000001));
#4516 = ORIENTED_EDGE('',*,*,#4517,.F.);
#4517 = EDGE_CURVE('',#4518,#4509,#4520,.T.);
#4518 = VERTEX_POINT('',#4519);
#4519 = CARTESIAN_POINT('',(-4.3,1.6995,7.0500001));
#4520 = B_SPLINE_CURVE_WITH_KNOTS('',1,(#4521,#4522),.UNSPECIFIED.,.F.,
  .F.,(2,2),(0.,0.7),.PIECEWISE_BEZIER_KNOTS.);
#4521 = CARTESIAN_POINT('',(-4.3,1.6995,7.0500001));
#4522 = CARTESIAN_POINT('',(-4.3,0.9995,7.0500001));
#4523 = ORIENTED_EDGE('',*,*,#4524,.T.);
#4524 = EDGE_CURVE('',#4518,#4300,#4525,.T.);
#4525 = B_SPLINE_CURVE_WITH_KNOTS('',1,(#4526,#4527),.UNSPECIFIED.,.F.,
  .F.,(2,2),(0.,0.95),.PIECEWISE_BEZIER_KNOTS.);
#4526 = CARTESIAN_POINT('',(-4.3,1.6995,7.0500001));
#4527 = CARTESIAN_POINT('',(-4.3,1.6995,8.0000001));
#4528 = ORIENTED_EDGE('',*,*,#4299,.F.);
#4529 = ORIENTED_EDGE('',*,*,#4530,.F.);
#4530 = EDGE_CURVE('',#4077,#4292,#4531,.T.);
#4531 = B_SPLINE_CURVE_WITH_KNOTS('',1,(#4532,#4533),.UNSPECIFIED.,.F.,
  .F.,(2,2),(0.,4.5),.PIECEWISE_BEZIER_KNOTS.);
#4532 = CARTESIAN_POINT('',(-4.3,3.7495,3.5000001));
#4533 = CARTESIAN_POINT('',(-4.3,3.7495,8.0000001));
#4534 = ORIENTED_EDGE('',*,*,#4076,.T.);
#4535 = ORIENTED_EDGE('',*,*,#4536,.F.);
#4536 = EDGE_CURVE('',#4537,#4070,#4539,.T.);
#4537 = VERTEX_POINT('',#4538);
#4538 = CARTESIAN_POINT('',(-4.3,1.6995,6.7000001));
#4539 = B_SPLINE_CURVE_WITH_KNOTS('',1,(#4540,#4541),.UNSPECIFIED.,.F.,
  .F.,(2,2),(1.3,4.5),.PIECEWISE_BEZIER_KNOTS.);
#4540 = CARTESIAN_POINT('',(-4.3,1.6995,6.7000001));
#4541 = CARTESIAN_POINT('',(-4.3,1.6995,3.5000001));
#4542 = ORIENTED_EDGE('',*,*,#4543,.F.);
#4543 = EDGE_CURVE('',#4511,#4537,#4544,.T.);
#4544 = B_SPLINE_CURVE_WITH_KNOTS('',1,(#4545,#4546),.UNSPECIFIED.,.F.,
  .F.,(2,2),(-0.7,0.),.PIECEWISE_BEZIER_KNOTS.);
#4545 = CARTESIAN_POINT('',(-4.3,0.9995,6.7000001));
#4546 = CARTESIAN_POINT('',(-4.3,1.6995,6.7000001));
#4547 = B_SPLINE_SURFACE_WITH_KNOTS('',1,1,(
    (#4548,#4549)
    ,(#4550,#4551
    )),.UNSPECIFIED.,.F.,.F.,.F.,(2,2),(2,2),(-4.5,0.),(0.,2.75),
  .PIECEWISE_BEZIER_KNOTS.);
#4548 = CARTESIAN_POINT('',(-4.3,3.7495,8.0000001));
#4549 = CARTESIAN_POINT('',(-4.3,0.9995,8.0000001));
#4550 = CARTESIAN_POINT('',(-4.3,3.7495,3.5000001));
#4551 = CARTESIAN_POINT('',(-4.3,0.9995,3.5000001));
#4552 = ADVANCED_FACE('',(#4553),#4573,.T.);
#4553 = FACE_BOUND('',#4554,.T.);
#4554 = EDGE_LOOP('',(#4555,#4562,#4567,#4568));
#4555 = ORIENTED_EDGE('',*,*,#4556,.F.);
#4556 = EDGE_CURVE('',#4314,#4557,#4559,.T.);
#4557 = VERTEX_POINT('',#4558);
#4558 = CARTESIAN_POINT('',(-3.9,0.9995,6.7000001));
#4559 = B_SPLINE_CURVE_WITH_KNOTS('',1,(#4560,#4561),.UNSPECIFIED.,.F.,
  .F.,(2,2),(0.,1.3),.PIECEWISE_BEZIER_KNOTS.);
#4560 = CARTESIAN_POINT('',(-3.9,0.9995,8.0000001));
#4561 = CARTESIAN_POINT('',(-3.9,0.9995,6.7000001));
#4562 = ORIENTED_EDGE('',*,*,#4563,.T.);
#4563 = EDGE_CURVE('',#4314,#4509,#4564,.T.);
#4564 = B_SPLINE_CURVE_WITH_KNOTS('',1,(#4565,#4566),.UNSPECIFIED.,.F.,
  .F.,(2,2),(0.,1.030776406404),.PIECEWISE_BEZIER_KNOTS.);
#4565 = CARTESIAN_POINT('',(-3.9,0.9995,8.0000001));
#4566 = CARTESIAN_POINT('',(-4.3,0.9995,7.0500001));
#4567 = ORIENTED_EDGE('',*,*,#4508,.T.);
#4568 = ORIENTED_EDGE('',*,*,#4569,.T.);
#4569 = EDGE_CURVE('',#4511,#4557,#4570,.T.);
#4570 = B_SPLINE_CURVE_WITH_KNOTS('',1,(#4571,#4572),.UNSPECIFIED.,.F.,
  .F.,(2,2),(0.,0.4),.PIECEWISE_BEZIER_KNOTS.);
#4571 = CARTESIAN_POINT('',(-4.3,0.9995,6.7000001));
#4572 = CARTESIAN_POINT('',(-3.9,0.9995,6.7000001));
#4573 = B_SPLINE_SURFACE_WITH_KNOTS('',1,1,(
    (#4574,#4575)
    ,(#4576,#4577
    )),.UNSPECIFIED.,.F.,.F.,.F.,(2,2),(2,2),(0.,1.3),(
    -2.775557561563E-16,0.4),.PIECEWISE_BEZIER_KNOTS.);
#4574 = CARTESIAN_POINT('',(-4.3,0.9995,8.0000001));
#4575 = CARTESIAN_POINT('',(-3.9,0.9995,8.0000001));
#4576 = CARTESIAN_POINT('',(-4.3,0.9995,6.7000001));
#4577 = CARTESIAN_POINT('',(-3.9,0.9995,6.7000001));
#4578 = ADVANCED_FACE('',(#4579),#4601,.F.);
#4579 = FACE_BOUND('',#4580,.T.);
#4580 = EDGE_LOOP('',(#4581,#4590,#4595,#4596));
#4581 = ORIENTED_EDGE('',*,*,#4582,.T.);
#4582 = EDGE_CURVE('',#4583,#4585,#4587,.T.);
#4583 = VERTEX_POINT('',#4584);
#4584 = CARTESIAN_POINT('',(-4.3,-1.7005,6.7000001));
#4585 = VERTEX_POINT('',#4586);
#4586 = CARTESIAN_POINT('',(-3.9,-1.7005,6.7000001));
#4587 = B_SPLINE_CURVE_WITH_KNOTS('',1,(#4588,#4589),.UNSPECIFIED.,.F.,
  .F.,(2,2),(0.,0.4),.PIECEWISE_BEZIER_KNOTS.);
#4588 = CARTESIAN_POINT('',(-4.3,-1.7005,6.7000001));
#4589 = CARTESIAN_POINT('',(-3.9,-1.7005,6.7000001));
#4590 = ORIENTED_EDGE('',*,*,#4591,.F.);
#4591 = EDGE_CURVE('',#4056,#4585,#4592,.T.);
#4592 = B_SPLINE_CURVE_WITH_KNOTS('',1,(#4593,#4594),.UNSPECIFIED.,.F.,
  .F.,(2,2),(-4.5,-1.3),.PIECEWISE_BEZIER_KNOTS.);
#4593 = CARTESIAN_POINT('',(-3.9,-1.7005,3.5000001));
#4594 = CARTESIAN_POINT('',(-3.9,-1.7005,6.7000001));
#4595 = ORIENTED_EDGE('',*,*,#4055,.T.);
#4596 = ORIENTED_EDGE('',*,*,#4597,.T.);
#4597 = EDGE_CURVE('',#4049,#4583,#4598,.T.);
#4598 = B_SPLINE_CURVE_WITH_KNOTS('',1,(#4599,#4600),.UNSPECIFIED.,.F.,
  .F.,(2,2),(-4.5,-1.3),.PIECEWISE_BEZIER_KNOTS.);
#4599 = CARTESIAN_POINT('',(-4.3,-1.7005,3.5000001));
#4600 = CARTESIAN_POINT('',(-4.3,-1.7005,6.7000001));
#4601 = B_SPLINE_SURFACE_WITH_KNOTS('',1,1,(
    (#4602,#4603)
    ,(#4604,#4605
    )),.UNSPECIFIED.,.F.,.F.,.F.,(2,2),(2,2),(1.3,4.5),(-0.4,
    7.752645944865E-31),.PIECEWISE_BEZIER_KNOTS.);
#4602 = CARTESIAN_POINT('',(-4.3,-1.7005,6.7000001));
#4603 = CARTESIAN_POINT('',(-3.9,-1.7005,6.7000001));
#4604 = CARTESIAN_POINT('',(-4.3,-1.7005,3.5000001));
#4605 = CARTESIAN_POINT('',(-3.9,-1.7005,3.5000001));
#4606 = ADVANCED_FACE('',(#4607),#4637,.T.);
#4607 = FACE_BOUND('',#4608,.T.);
#4608 = EDGE_LOOP('',(#4609,#4616,#4621,#4622,#4623,#4630,#4635,#4636));
#4609 = ORIENTED_EDGE('',*,*,#4610,.T.);
#4610 = EDGE_CURVE('',#4557,#4611,#4613,.T.);
#4611 = VERTEX_POINT('',#4612);
#4612 = CARTESIAN_POINT('',(-3.9,1.6995,6.7000001));
#4613 = B_SPLINE_CURVE_WITH_KNOTS('',1,(#4614,#4615),.UNSPECIFIED.,.F.,
  .F.,(2,2),(-0.7,0.),.PIECEWISE_BEZIER_KNOTS.);
#4614 = CARTESIAN_POINT('',(-3.9,0.9995,6.7000001));
#4615 = CARTESIAN_POINT('',(-3.9,1.6995,6.7000001));
#4616 = ORIENTED_EDGE('',*,*,#4617,.T.);
#4617 = EDGE_CURVE('',#4611,#4063,#4618,.T.);
#4618 = B_SPLINE_CURVE_WITH_KNOTS('',1,(#4619,#4620),.UNSPECIFIED.,.F.,
  .F.,(2,2),(1.3,4.5),.PIECEWISE_BEZIER_KNOTS.);
#4619 = CARTESIAN_POINT('',(-3.9,1.6995,6.7000001));
#4620 = CARTESIAN_POINT('',(-3.9,1.6995,3.5000001));
#4621 = ORIENTED_EDGE('',*,*,#4062,.T.);
#4622 = ORIENTED_EDGE('',*,*,#4591,.T.);
#4623 = ORIENTED_EDGE('',*,*,#4624,.F.);
#4624 = EDGE_CURVE('',#4625,#4585,#4627,.T.);
#4625 = VERTEX_POINT('',#4626);
#4626 = CARTESIAN_POINT('',(-3.9,-1.0005,6.7000001));
#4627 = B_SPLINE_CURVE_WITH_KNOTS('',1,(#4628,#4629),.UNSPECIFIED.,.F.,
  .F.,(2,2),(-0.7,0.),.PIECEWISE_BEZIER_KNOTS.);
#4628 = CARTESIAN_POINT('',(-3.9,-1.0005,6.7000001));
#4629 = CARTESIAN_POINT('',(-3.9,-1.7005,6.7000001));
#4630 = ORIENTED_EDGE('',*,*,#4631,.F.);
#4631 = EDGE_CURVE('',#4321,#4625,#4632,.T.);
#4632 = B_SPLINE_CURVE_WITH_KNOTS('',1,(#4633,#4634),.UNSPECIFIED.,.F.,
  .F.,(2,2),(0.,1.3),.PIECEWISE_BEZIER_KNOTS.);
#4633 = CARTESIAN_POINT('',(-3.9,-1.0005,8.0000001));
#4634 = CARTESIAN_POINT('',(-3.9,-1.0005,6.7000001));
#4635 = ORIENTED_EDGE('',*,*,#4320,.T.);
#4636 = ORIENTED_EDGE('',*,*,#4556,.T.);
#4637 = B_SPLINE_SURFACE_WITH_KNOTS('',1,1,(
    (#4638,#4639)
    ,(#4640,#4641
    )),.UNSPECIFIED.,.F.,.F.,.F.,(2,2),(2,2),(0.,4.5),(-1.7,1.7),
  .PIECEWISE_BEZIER_KNOTS.);
#4638 = CARTESIAN_POINT('',(-3.9,1.6995,8.0000001));
#4639 = CARTESIAN_POINT('',(-3.9,-1.7005,8.0000001));
#4640 = CARTESIAN_POINT('',(-3.9,1.6995,3.5000001));
#4641 = CARTESIAN_POINT('',(-3.9,-1.7005,3.5000001));
#4642 = ADVANCED_FACE('',(#4643),#4679,.T.);
#4643 = FACE_BOUND('',#4644,.T.);
#4644 = EDGE_LOOP('',(#4645,#4654,#4661,#4666,#4667,#4668,#4673,#4674));
#4645 = ORIENTED_EDGE('',*,*,#4646,.T.);
#4646 = EDGE_CURVE('',#4647,#4649,#4651,.T.);
#4647 = VERTEX_POINT('',#4648);
#4648 = CARTESIAN_POINT('',(-4.3,-1.7005,7.0500001));
#4649 = VERTEX_POINT('',#4650);
#4650 = CARTESIAN_POINT('',(-4.3,-1.0005,7.0500001));
#4651 = B_SPLINE_CURVE_WITH_KNOTS('',1,(#4652,#4653),.UNSPECIFIED.,.F.,
  .F.,(2,2),(0.,0.7),.PIECEWISE_BEZIER_KNOTS.);
#4652 = CARTESIAN_POINT('',(-4.3,-1.7005,7.0500001));
#4653 = CARTESIAN_POINT('',(-4.3,-1.0005,7.0500001));
#4654 = ORIENTED_EDGE('',*,*,#4655,.T.);
#4655 = EDGE_CURVE('',#4649,#4656,#4658,.T.);
#4656 = VERTEX_POINT('',#4657);
#4657 = CARTESIAN_POINT('',(-4.3,-1.0005,6.7000001));
#4658 = B_SPLINE_CURVE_WITH_KNOTS('',1,(#4659,#4660),.UNSPECIFIED.,.F.,
  .F.,(2,2),(0.95,1.3),.PIECEWISE_BEZIER_KNOTS.);
#4659 = CARTESIAN_POINT('',(-4.3,-1.0005,7.0500001));
#4660 = CARTESIAN_POINT('',(-4.3,-1.0005,6.7000001));
#4661 = ORIENTED_EDGE('',*,*,#4662,.T.);
#4662 = EDGE_CURVE('',#4656,#4583,#4663,.T.);
#4663 = B_SPLINE_CURVE_WITH_KNOTS('',1,(#4664,#4665),.UNSPECIFIED.,.F.,
  .F.,(2,2),(-0.7,0.),.PIECEWISE_BEZIER_KNOTS.);
#4664 = CARTESIAN_POINT('',(-4.3,-1.0005,6.7000001));
#4665 = CARTESIAN_POINT('',(-4.3,-1.7005,6.7000001));
#4666 = ORIENTED_EDGE('',*,*,#4597,.F.);
#4667 = ORIENTED_EDGE('',*,*,#4048,.T.);
#4668 = ORIENTED_EDGE('',*,*,#4669,.T.);
#4669 = EDGE_CURVE('',#4041,#4342,#4670,.T.);
#4670 = B_SPLINE_CURVE_WITH_KNOTS('',1,(#4671,#4672),.UNSPECIFIED.,.F.,
  .F.,(2,2),(0.,4.5),.PIECEWISE_BEZIER_KNOTS.);
#4671 = CARTESIAN_POINT('',(-4.3,-3.7505,3.5000001));
#4672 = CARTESIAN_POINT('',(-4.3,-3.7505,8.0000001));
#4673 = ORIENTED_EDGE('',*,*,#4341,.F.);
#4674 = ORIENTED_EDGE('',*,*,#4675,.F.);
#4675 = EDGE_CURVE('',#4647,#4335,#4676,.T.);
#4676 = B_SPLINE_CURVE_WITH_KNOTS('',1,(#4677,#4678),.UNSPECIFIED.,.F.,
  .F.,(2,2),(0.,0.95),.PIECEWISE_BEZIER_KNOTS.);
#4677 = CARTESIAN_POINT('',(-4.3,-1.7005,7.0500001));
#4678 = CARTESIAN_POINT('',(-4.3,-1.7005,8.0000001));
#4679 = B_SPLINE_SURFACE_WITH_KNOTS('',1,1,(
    (#4680,#4681)
    ,(#4682,#4683
    )),.UNSPECIFIED.,.F.,.F.,.F.,(2,2),(2,2),(-4.5,0.),(4.75,7.5),
  .PIECEWISE_BEZIER_KNOTS.);
#4680 = CARTESIAN_POINT('',(-4.3,-1.0005,8.0000001));
#4681 = CARTESIAN_POINT('',(-4.3,-3.7505,8.0000001));
#4682 = CARTESIAN_POINT('',(-4.3,-1.0005,3.5000001));
#4683 = CARTESIAN_POINT('',(-4.3,-3.7505,3.5000001));
#4684 = ADVANCED_FACE('',(#4685),#4691,.T.);
#4685 = FACE_BOUND('',#4686,.T.);
#4686 = EDGE_LOOP('',(#4687,#4688,#4689,#4690));
#4687 = ORIENTED_EDGE('',*,*,#4291,.F.);
#4688 = ORIENTED_EDGE('',*,*,#3029,.F.);
#4689 = ORIENTED_EDGE('',*,*,#4083,.T.);
#4690 = ORIENTED_EDGE('',*,*,#4530,.T.);
#4691 = ( BOUNDED_SURFACE() B_SPLINE_SURFACE(2,1,(
    (#4692,#4693)
    ,(#4694,#4695)
    ,(#4696,#4697
)),.UNSPECIFIED.,.F.,.F.,.F.) B_SPLINE_SURFACE_WITH_KNOTS((3,3),(2,2),(
    3.14159265359,4.712388980385),(0.,4.5),.PIECEWISE_BEZIER_KNOTS.) 
GEOMETRIC_REPRESENTATION_ITEM() RATIONAL_B_SPLINE_SURFACE((
    (1.,1.)
    ,(0.707106781187,0.707106781187)
,(1.,1.))) REPRESENTATION_ITEM('') SURFACE() );
#4692 = CARTESIAN_POINT('',(-3.8,4.2495,3.5000001));
#4693 = CARTESIAN_POINT('',(-3.8,4.2495,8.0000001));
#4694 = CARTESIAN_POINT('',(-4.3,4.2495,3.5000001));
#4695 = CARTESIAN_POINT('',(-4.3,4.2495,8.0000001));
#4696 = CARTESIAN_POINT('',(-4.3,3.7495,3.5000001));
#4697 = CARTESIAN_POINT('',(-4.3,3.7495,8.0000001));
#4698 = ADVANCED_FACE('',(#4699),#4705,.T.);
#4699 = FACE_BOUND('',#4700,.T.);
#4700 = EDGE_LOOP('',(#4701,#4702,#4703,#4704));
#4701 = ORIENTED_EDGE('',*,*,#4284,.F.);
#4702 = ORIENTED_EDGE('',*,*,#4489,.F.);
#4703 = ORIENTED_EDGE('',*,*,#4090,.T.);
#4704 = ORIENTED_EDGE('',*,*,#3015,.T.);
#4705 = ( BOUNDED_SURFACE() B_SPLINE_SURFACE(2,1,(
    (#4706,#4707)
    ,(#4708,#4709)
    ,(#4710,#4711
)),.UNSPECIFIED.,.F.,.F.,.F.) B_SPLINE_SURFACE_WITH_KNOTS((3,3),(2,2),(
    1.570796326795,3.14159265359),(0.,4.5),.PIECEWISE_BEZIER_KNOTS.) 
GEOMETRIC_REPRESENTATION_ITEM() RATIONAL_B_SPLINE_SURFACE((
    (1.,1.)
    ,(0.707106781187,0.707106781187)
,(1.,1.))) REPRESENTATION_ITEM('') SURFACE() );
#4706 = CARTESIAN_POINT('',(4.2,3.7495,3.5000001));
#4707 = CARTESIAN_POINT('',(4.2,3.7495,8.0000001));
#4708 = CARTESIAN_POINT('',(4.2,4.2495,3.5000001));
#4709 = CARTESIAN_POINT('',(4.2,4.2495,8.0000001));
#4710 = CARTESIAN_POINT('',(3.7,4.2495,3.5000001));
#4711 = CARTESIAN_POINT('',(3.7,4.2495,8.0000001));
#4712 = ADVANCED_FACE('',(#4713),#4723,.T.);
#4713 = FACE_BOUND('',#4714,.T.);
#4714 = EDGE_LOOP('',(#4715,#4716,#4721,#4722));
#4715 = ORIENTED_EDGE('',*,*,#4363,.F.);
#4716 = ORIENTED_EDGE('',*,*,#4717,.F.);
#4717 = EDGE_CURVE('',#4026,#4357,#4718,.T.);
#4718 = B_SPLINE_CURVE_WITH_KNOTS('',1,(#4719,#4720),.UNSPECIFIED.,.F.,
  .F.,(2,2),(0.,4.5),.PIECEWISE_BEZIER_KNOTS.);
#4719 = CARTESIAN_POINT('',(3.7,-4.2505,3.5000001));
#4720 = CARTESIAN_POINT('',(3.7,-4.2505,8.0000001));
#4721 = ORIENTED_EDGE('',*,*,#4025,.T.);
#4722 = ORIENTED_EDGE('',*,*,#4420,.T.);
#4723 = ( BOUNDED_SURFACE() B_SPLINE_SURFACE(2,1,(
    (#4724,#4725)
    ,(#4726,#4727)
    ,(#4728,#4729
)),.UNSPECIFIED.,.F.,.F.,.F.) B_SPLINE_SURFACE_WITH_KNOTS((3,3),(2,2),(
    0.,1.570796326795),(0.,4.5),.PIECEWISE_BEZIER_KNOTS.) 
GEOMETRIC_REPRESENTATION_ITEM() RATIONAL_B_SPLINE_SURFACE((
    (1.,1.)
    ,(0.707106781187,0.707106781187)
,(1.,1.))) REPRESENTATION_ITEM('') SURFACE() );
#4724 = CARTESIAN_POINT('',(3.7,-4.2505,3.5000001));
#4725 = CARTESIAN_POINT('',(3.7,-4.2505,8.0000001));
#4726 = CARTESIAN_POINT('',(4.2,-4.2505,3.5000001));
#4727 = CARTESIAN_POINT('',(4.2,-4.2505,8.0000001));
#4728 = CARTESIAN_POINT('',(4.2,-3.7505,3.5000001));
#4729 = CARTESIAN_POINT('',(4.2,-3.7505,8.0000001));
#4730 = ADVANCED_FACE('',(#4731),#4741,.T.);
#4731 = FACE_BOUND('',#4732,.T.);
#4732 = EDGE_LOOP('',(#4733,#4734,#4739,#4740));
#4733 = ORIENTED_EDGE('',*,*,#4356,.F.);
#4734 = ORIENTED_EDGE('',*,*,#4735,.F.);
#4735 = EDGE_CURVE('',#4034,#4349,#4736,.T.);
#4736 = B_SPLINE_CURVE_WITH_KNOTS('',1,(#4737,#4738),.UNSPECIFIED.,.F.,
  .F.,(2,2),(0.,4.5),.PIECEWISE_BEZIER_KNOTS.);
#4737 = CARTESIAN_POINT('',(-3.8,-4.2505,3.5000001));
#4738 = CARTESIAN_POINT('',(-3.8,-4.2505,8.0000001));
#4739 = ORIENTED_EDGE('',*,*,#4033,.T.);
#4740 = ORIENTED_EDGE('',*,*,#4717,.T.);
#4741 = B_SPLINE_SURFACE_WITH_KNOTS('',1,1,(
    (#4742,#4743)
    ,(#4744,#4745
    )),.UNSPECIFIED.,.F.,.F.,.F.,(2,2),(2,2),(-4.5,0.),(0.,7.5),
  .PIECEWISE_BEZIER_KNOTS.);
#4742 = CARTESIAN_POINT('',(-3.8,-4.2505,8.0000001));
#4743 = CARTESIAN_POINT('',(3.7,-4.2505,8.0000001));
#4744 = CARTESIAN_POINT('',(-3.8,-4.2505,3.5000001));
#4745 = CARTESIAN_POINT('',(3.7,-4.2505,3.5000001));
#4746 = ADVANCED_FACE('',(#4747),#4753,.T.);
#4747 = FACE_BOUND('',#4748,.T.);
#4748 = EDGE_LOOP('',(#4749,#4750,#4751,#4752));
#4749 = ORIENTED_EDGE('',*,*,#4348,.F.);
#4750 = ORIENTED_EDGE('',*,*,#4669,.F.);
#4751 = ORIENTED_EDGE('',*,*,#4040,.T.);
#4752 = ORIENTED_EDGE('',*,*,#4735,.T.);
#4753 = ( BOUNDED_SURFACE() B_SPLINE_SURFACE(2,1,(
    (#4754,#4755)
    ,(#4756,#4757)
    ,(#4758,#4759
)),.UNSPECIFIED.,.F.,.F.,.F.) B_SPLINE_SURFACE_WITH_KNOTS((3,3),(2,2),(
    4.712388980385,6.28318530718),(0.,4.5),.PIECEWISE_BEZIER_KNOTS.) 
GEOMETRIC_REPRESENTATION_ITEM() RATIONAL_B_SPLINE_SURFACE((
    (1.,1.)
    ,(0.707106781187,0.707106781187)
,(1.,1.))) REPRESENTATION_ITEM('') SURFACE() );
#4754 = CARTESIAN_POINT('',(-4.3,-3.7505,3.5000001));
#4755 = CARTESIAN_POINT('',(-4.3,-3.7505,8.0000001));
#4756 = CARTESIAN_POINT('',(-4.3,-4.2505,3.5000001));
#4757 = CARTESIAN_POINT('',(-4.3,-4.2505,8.0000001));
#4758 = CARTESIAN_POINT('',(-3.8,-4.2505,3.5000001));
#4759 = CARTESIAN_POINT('',(-3.8,-4.2505,8.0000001));
#4760 = ADVANCED_FACE('',(#4761),#4771,.F.);
#4761 = FACE_BOUND('',#4762,.T.);
#4762 = EDGE_LOOP('',(#4763,#4764,#4769,#4770));
#4763 = ORIENTED_EDGE('',*,*,#4617,.F.);
#4764 = ORIENTED_EDGE('',*,*,#4765,.F.);
#4765 = EDGE_CURVE('',#4537,#4611,#4766,.T.);
#4766 = B_SPLINE_CURVE_WITH_KNOTS('',1,(#4767,#4768),.UNSPECIFIED.,.F.,
  .F.,(2,2),(0.,0.4),.PIECEWISE_BEZIER_KNOTS.);
#4767 = CARTESIAN_POINT('',(-4.3,1.6995,6.7000001));
#4768 = CARTESIAN_POINT('',(-3.9,1.6995,6.7000001));
#4769 = ORIENTED_EDGE('',*,*,#4536,.T.);
#4770 = ORIENTED_EDGE('',*,*,#4069,.F.);
#4771 = B_SPLINE_SURFACE_WITH_KNOTS('',1,1,(
    (#4772,#4773)
    ,(#4774,#4775
    )),.UNSPECIFIED.,.F.,.F.,.F.,(2,2),(2,2),(-4.5,-1.3),(-0.4,0.),
  .PIECEWISE_BEZIER_KNOTS.);
#4772 = CARTESIAN_POINT('',(-4.3,1.6995,3.5000001));
#4773 = CARTESIAN_POINT('',(-3.9,1.6995,3.5000001));
#4774 = CARTESIAN_POINT('',(-4.3,1.6995,6.7000001));
#4775 = CARTESIAN_POINT('',(-3.9,1.6995,6.7000001));
#4776 = ADVANCED_FACE('',(#4777),#4791,.F.);
#4777 = FACE_BOUND('',#4778,.T.);
#4778 = EDGE_LOOP('',(#4779,#4780,#4785,#4786));
#4779 = ORIENTED_EDGE('',*,*,#4655,.F.);
#4780 = ORIENTED_EDGE('',*,*,#4781,.F.);
#4781 = EDGE_CURVE('',#4321,#4649,#4782,.T.);
#4782 = B_SPLINE_CURVE_WITH_KNOTS('',1,(#4783,#4784),.UNSPECIFIED.,.F.,
  .F.,(2,2),(0.,1.030776406404),.PIECEWISE_BEZIER_KNOTS.);
#4783 = CARTESIAN_POINT('',(-3.9,-1.0005,8.0000001));
#4784 = CARTESIAN_POINT('',(-4.3,-1.0005,7.0500001));
#4785 = ORIENTED_EDGE('',*,*,#4631,.T.);
#4786 = ORIENTED_EDGE('',*,*,#4787,.F.);
#4787 = EDGE_CURVE('',#4656,#4625,#4788,.T.);
#4788 = B_SPLINE_CURVE_WITH_KNOTS('',1,(#4789,#4790),.UNSPECIFIED.,.F.,
  .F.,(2,2),(0.,0.4),.PIECEWISE_BEZIER_KNOTS.);
#4789 = CARTESIAN_POINT('',(-4.3,-1.0005,6.7000001));
#4790 = CARTESIAN_POINT('',(-3.9,-1.0005,6.7000001));
#4791 = B_SPLINE_SURFACE_WITH_KNOTS('',1,1,(
    (#4792,#4793)
    ,(#4794,#4795
    )),.UNSPECIFIED.,.F.,.F.,.F.,(2,2),(2,2),(0.,1.3),(
    -2.775557561563E-16,0.4),.PIECEWISE_BEZIER_KNOTS.);
#4792 = CARTESIAN_POINT('',(-4.3,-1.0005,8.0000001));
#4793 = CARTESIAN_POINT('',(-3.9,-1.0005,8.0000001));
#4794 = CARTESIAN_POINT('',(-4.3,-1.0005,6.7000001));
#4795 = CARTESIAN_POINT('',(-3.9,-1.0005,6.7000001));
#4796 = ADVANCED_FACE('',(#4797),#4803,.F.);
#4797 = FACE_BOUND('',#4798,.T.);
#4798 = EDGE_LOOP('',(#4799,#4800,#4801,#4802));
#4799 = ORIENTED_EDGE('',*,*,#4624,.T.);
#4800 = ORIENTED_EDGE('',*,*,#4582,.F.);
#4801 = ORIENTED_EDGE('',*,*,#4662,.F.);
#4802 = ORIENTED_EDGE('',*,*,#4787,.T.);
#4803 = B_SPLINE_SURFACE_WITH_KNOTS('',1,1,(
    (#4804,#4805)
    ,(#4806,#4807
    )),.UNSPECIFIED.,.F.,.F.,.F.,(2,2),(2,2),(-0.7,0.),(0.,0.4),
  .PIECEWISE_BEZIER_KNOTS.);
#4804 = CARTESIAN_POINT('',(-4.3,-1.0005,6.7000001));
#4805 = CARTESIAN_POINT('',(-3.9,-1.0005,6.7000001));
#4806 = CARTESIAN_POINT('',(-4.3,-1.7005,6.7000001));
#4807 = CARTESIAN_POINT('',(-3.9,-1.7005,6.7000001));
#4808 = ADVANCED_FACE('',(#4809),#4819,.F.);
#4809 = FACE_BOUND('',#4810,.T.);
#4810 = EDGE_LOOP('',(#4811,#4812,#4813,#4818));
#4811 = ORIENTED_EDGE('',*,*,#4781,.T.);
#4812 = ORIENTED_EDGE('',*,*,#4646,.F.);
#4813 = ORIENTED_EDGE('',*,*,#4814,.F.);
#4814 = EDGE_CURVE('',#4328,#4647,#4815,.T.);
#4815 = B_SPLINE_CURVE_WITH_KNOTS('',1,(#4816,#4817),.UNSPECIFIED.,.F.,
  .F.,(2,2),(0.,1.030776406404),.PIECEWISE_BEZIER_KNOTS.);
#4816 = CARTESIAN_POINT('',(-3.9,-1.7005,8.0000001));
#4817 = CARTESIAN_POINT('',(-4.3,-1.7005,7.0500001));
#4818 = ORIENTED_EDGE('',*,*,#4327,.T.);
#4819 = B_SPLINE_SURFACE_WITH_KNOTS('',1,1,(
    (#4820,#4821)
    ,(#4822,#4823
    )),.UNSPECIFIED.,.F.,.F.,.F.,(2,2),(2,2),(-1.030776406404,
    1.582466141463E-16),(-0.7,6.432490598707E-17),
  .PIECEWISE_BEZIER_KNOTS.);
#4820 = CARTESIAN_POINT('',(-4.3,-1.0005,7.0500001));
#4821 = CARTESIAN_POINT('',(-4.3,-1.7005,7.0500001));
#4822 = CARTESIAN_POINT('',(-3.9,-1.0005,8.0000001));
#4823 = CARTESIAN_POINT('',(-3.9,-1.7005,8.0000001));
#4824 = ADVANCED_FACE('',(#4825),#4830,.F.);
#4825 = FACE_BOUND('',#4826,.T.);
#4826 = EDGE_LOOP('',(#4827,#4828,#4829));
#4827 = ORIENTED_EDGE('',*,*,#4334,.T.);
#4828 = ORIENTED_EDGE('',*,*,#4814,.T.);
#4829 = ORIENTED_EDGE('',*,*,#4675,.T.);
#4830 = B_SPLINE_SURFACE_WITH_KNOTS('',1,1,(
    (#4831,#4832)
    ,(#4833,#4834
    )),.UNSPECIFIED.,.F.,.F.,.F.,(2,2),(2,2),(8.572527594031E-17,0.95),(
    -4.25,-3.85),.PIECEWISE_BEZIER_KNOTS.);
#4831 = CARTESIAN_POINT('',(-4.3,-1.7005,8.0000001));
#4832 = CARTESIAN_POINT('',(-3.9,-1.7005,8.0000001));
#4833 = CARTESIAN_POINT('',(-4.3,-1.7005,7.0500001));
#4834 = CARTESIAN_POINT('',(-3.9,-1.7005,7.0500001));
#4835 = ADVANCED_FACE('',(#4836),#4842,.T.);
#4836 = FACE_BOUND('',#4837,.T.);
#4837 = EDGE_LOOP('',(#4838,#4839,#4840,#4841));
#4838 = ORIENTED_EDGE('',*,*,#4610,.F.);
#4839 = ORIENTED_EDGE('',*,*,#4569,.F.);
#4840 = ORIENTED_EDGE('',*,*,#4543,.T.);
#4841 = ORIENTED_EDGE('',*,*,#4765,.T.);
#4842 = B_SPLINE_SURFACE_WITH_KNOTS('',1,1,(
    (#4843,#4844)
    ,(#4845,#4846
    )),.UNSPECIFIED.,.F.,.F.,.F.,(2,2),(2,2),(-0.7,6.432490598707E-17),(
    0.,0.4),.PIECEWISE_BEZIER_KNOTS.);
#4843 = CARTESIAN_POINT('',(-4.3,0.9995,6.7000001));
#4844 = CARTESIAN_POINT('',(-3.9,0.9995,6.7000001));
#4845 = CARTESIAN_POINT('',(-4.3,1.6995,6.7000001));
#4846 = CARTESIAN_POINT('',(-3.9,1.6995,6.7000001));
#4847 = ADVANCED_FACE('',(#4848),#4858,.T.);
#4848 = FACE_BOUND('',#4849,.T.);
#4849 = EDGE_LOOP('',(#4850,#4851,#4852,#4857));
#4850 = ORIENTED_EDGE('',*,*,#4563,.F.);
#4851 = ORIENTED_EDGE('',*,*,#4313,.F.);
#4852 = ORIENTED_EDGE('',*,*,#4853,.T.);
#4853 = EDGE_CURVE('',#4307,#4518,#4854,.T.);
#4854 = B_SPLINE_CURVE_WITH_KNOTS('',1,(#4855,#4856),.UNSPECIFIED.,.F.,
  .F.,(2,2),(0.,1.030776406404),.PIECEWISE_BEZIER_KNOTS.);
#4855 = CARTESIAN_POINT('',(-3.9,1.6995,8.0000001));
#4856 = CARTESIAN_POINT('',(-4.3,1.6995,7.0500001));
#4857 = ORIENTED_EDGE('',*,*,#4517,.T.);
#4858 = B_SPLINE_SURFACE_WITH_KNOTS('',1,1,(
    (#4859,#4860)
    ,(#4861,#4862
    )),.UNSPECIFIED.,.F.,.F.,.F.,(2,2),(2,2),(0.,1.030776406404),(0.,0.7
    ),.PIECEWISE_BEZIER_KNOTS.);
#4859 = CARTESIAN_POINT('',(-3.9,1.6995,8.0000001));
#4860 = CARTESIAN_POINT('',(-3.9,0.9995,8.0000001));
#4861 = CARTESIAN_POINT('',(-4.3,1.6995,7.0500001));
#4862 = CARTESIAN_POINT('',(-4.3,0.9995,7.0500001));
#4863 = ADVANCED_FACE('',(#4864),#4869,.F.);
#4864 = FACE_BOUND('',#4865,.T.);
#4865 = EDGE_LOOP('',(#4866,#4867,#4868));
#4866 = ORIENTED_EDGE('',*,*,#4306,.F.);
#4867 = ORIENTED_EDGE('',*,*,#4524,.F.);
#4868 = ORIENTED_EDGE('',*,*,#4853,.F.);
#4869 = B_SPLINE_SURFACE_WITH_KNOTS('',1,1,(
    (#4870,#4871)
    ,(#4872,#4873
    )),.UNSPECIFIED.,.F.,.F.,.F.,(2,2),(2,2),(8.572527594031E-17,0.95),(
    3.85,4.25),.PIECEWISE_BEZIER_KNOTS.);
#4870 = CARTESIAN_POINT('',(-3.9,1.6995,8.0000001));
#4871 = CARTESIAN_POINT('',(-4.3,1.6995,8.0000001));
#4872 = CARTESIAN_POINT('',(-3.9,1.6995,7.0500001));
#4873 = CARTESIAN_POINT('',(-4.3,1.6995,7.0500001));
#4874 = ADVANCED_FACE('',(#4875),#4885,.T.);
#4875 = FACE_BOUND('',#4876,.T.);
#4876 = EDGE_LOOP('',(#4877,#4882,#4883,#4884));
#4877 = ORIENTED_EDGE('',*,*,#4878,.F.);
#4878 = EDGE_CURVE('',#4427,#4241,#4879,.T.);
#4879 = B_SPLINE_CURVE_WITH_KNOTS('',1,(#4880,#4881),.UNSPECIFIED.,.F.,
  .F.,(2,2),(0.,0.4),.PIECEWISE_BEZIER_KNOTS.);
#4880 = CARTESIAN_POINT('',(4.2,-1.7005,6.7000001));
#4881 = CARTESIAN_POINT('',(3.8,-1.7005,6.7000001));
#4882 = ORIENTED_EDGE('',*,*,#4426,.F.);
#4883 = ORIENTED_EDGE('',*,*,#4011,.F.);
#4884 = ORIENTED_EDGE('',*,*,#4247,.T.);
#4885 = B_SPLINE_SURFACE_WITH_KNOTS('',1,1,(
    (#4886,#4887)
    ,(#4888,#4889
    )),.UNSPECIFIED.,.F.,.F.,.F.,(2,2),(2,2),(-4.5,-1.3),(0.,0.4),
  .PIECEWISE_BEZIER_KNOTS.);
#4886 = CARTESIAN_POINT('',(3.8,-1.7005,3.5000001));
#4887 = CARTESIAN_POINT('',(4.2,-1.7005,3.5000001));
#4888 = CARTESIAN_POINT('',(3.8,-1.7005,6.7000001));
#4889 = CARTESIAN_POINT('',(4.2,-1.7005,6.7000001));
#4890 = ADVANCED_FACE('',(#4891),#4897,.T.);
#4891 = FACE_BOUND('',#4892,.T.);
#4892 = EDGE_LOOP('',(#4893,#4894,#4895,#4896));
#4893 = ORIENTED_EDGE('',*,*,#4240,.F.);
#4894 = ORIENTED_EDGE('',*,*,#4453,.F.);
#4895 = ORIENTED_EDGE('',*,*,#4433,.T.);
#4896 = ORIENTED_EDGE('',*,*,#4878,.T.);
#4897 = B_SPLINE_SURFACE_WITH_KNOTS('',1,1,(
    (#4898,#4899)
    ,(#4900,#4901
    )),.UNSPECIFIED.,.F.,.F.,.F.,(2,2),(2,2),(-6.432490598707E-17,0.7),(
    -0.4,0.),.PIECEWISE_BEZIER_KNOTS.);
#4898 = CARTESIAN_POINT('',(3.8,-1.7005,6.7000001));
#4899 = CARTESIAN_POINT('',(4.2,-1.7005,6.7000001));
#4900 = CARTESIAN_POINT('',(3.8,-1.0005,6.7000001));
#4901 = CARTESIAN_POINT('',(4.2,-1.0005,6.7000001));
#4902 = ADVANCED_FACE('',(#4903),#4913,.T.);
#4903 = FACE_BOUND('',#4904,.T.);
#4904 = EDGE_LOOP('',(#4905,#4906,#4907,#4912));
#4905 = ORIENTED_EDGE('',*,*,#4447,.F.);
#4906 = ORIENTED_EDGE('',*,*,#4385,.F.);
#4907 = ORIENTED_EDGE('',*,*,#4908,.T.);
#4908 = EDGE_CURVE('',#4379,#4408,#4909,.T.);
#4909 = B_SPLINE_CURVE_WITH_KNOTS('',1,(#4910,#4911),.UNSPECIFIED.,.F.,
  .F.,(2,2),(0.,1.030776406404),.PIECEWISE_BEZIER_KNOTS.);
#4910 = CARTESIAN_POINT('',(3.8,-1.7005,8.0000001));
#4911 = CARTESIAN_POINT('',(4.2,-1.7005,7.0500001));
#4912 = ORIENTED_EDGE('',*,*,#4407,.T.);
#4913 = B_SPLINE_SURFACE_WITH_KNOTS('',1,1,(
    (#4914,#4915)
    ,(#4916,#4917
    )),.UNSPECIFIED.,.F.,.F.,.F.,(2,2),(2,2),(-1.030776406404,0.),(-0.7,
    0.),.PIECEWISE_BEZIER_KNOTS.);
#4914 = CARTESIAN_POINT('',(4.2,-1.0005,7.0500001));
#4915 = CARTESIAN_POINT('',(4.2,-1.7005,7.0500001));
#4916 = CARTESIAN_POINT('',(3.8,-1.0005,8.0000001));
#4917 = CARTESIAN_POINT('',(3.8,-1.7005,8.0000001));
#4918 = ADVANCED_FACE('',(#4919),#4924,.F.);
#4919 = FACE_BOUND('',#4920,.T.);
#4920 = EDGE_LOOP('',(#4921,#4922,#4923));
#4921 = ORIENTED_EDGE('',*,*,#4378,.F.);
#4922 = ORIENTED_EDGE('',*,*,#4414,.F.);
#4923 = ORIENTED_EDGE('',*,*,#4908,.F.);
#4924 = B_SPLINE_SURFACE_WITH_KNOTS('',1,1,(
    (#4925,#4926)
    ,(#4927,#4928
    )),.UNSPECIFIED.,.F.,.F.,.F.,(2,2),(2,2),(8.572527594031E-17,0.95),(
    3.85,4.25),.PIECEWISE_BEZIER_KNOTS.);
#4925 = CARTESIAN_POINT('',(3.8,-1.7005,8.0000001));
#4926 = CARTESIAN_POINT('',(4.2,-1.7005,8.0000001));
#4927 = CARTESIAN_POINT('',(3.8,-1.7005,7.0500001));
#4928 = CARTESIAN_POINT('',(4.2,-1.7005,7.0500001));
#4929 = ADVANCED_FACE('',(#4930),#4944,.F.);
#4930 = FACE_BOUND('',#4931,.T.);
#4931 = EDGE_LOOP('',(#4932,#4933,#4938,#4939));
#4932 = ORIENTED_EDGE('',*,*,#4475,.F.);
#4933 = ORIENTED_EDGE('',*,*,#4934,.F.);
#4934 = EDGE_CURVE('',#4220,#4469,#4935,.T.);
#4935 = B_SPLINE_CURVE_WITH_KNOTS('',1,(#4936,#4937),.UNSPECIFIED.,.F.,
  .F.,(2,2),(0.,1.030776406404),.PIECEWISE_BEZIER_KNOTS.);
#4936 = CARTESIAN_POINT('',(3.8,0.9995,8.0000001));
#4937 = CARTESIAN_POINT('',(4.2,0.9995,7.0500001));
#4938 = ORIENTED_EDGE('',*,*,#4219,.T.);
#4939 = ORIENTED_EDGE('',*,*,#4940,.F.);
#4940 = EDGE_CURVE('',#4476,#4213,#4941,.T.);
#4941 = B_SPLINE_CURVE_WITH_KNOTS('',1,(#4942,#4943),.UNSPECIFIED.,.F.,
  .F.,(2,2),(0.,0.4),.PIECEWISE_BEZIER_KNOTS.);
#4942 = CARTESIAN_POINT('',(4.2,0.9995,6.7000001));
#4943 = CARTESIAN_POINT('',(3.8,0.9995,6.7000001));
#4944 = B_SPLINE_SURFACE_WITH_KNOTS('',1,1,(
    (#4945,#4946)
    ,(#4947,#4948
    )),.UNSPECIFIED.,.F.,.F.,.F.,(2,2),(2,2),(-1.3,0.),(-0.4,
    2.775557561563E-16),.PIECEWISE_BEZIER_KNOTS.);
#4945 = CARTESIAN_POINT('',(3.8,0.9995,6.7000001));
#4946 = CARTESIAN_POINT('',(4.2,0.9995,6.7000001));
#4947 = CARTESIAN_POINT('',(3.8,0.9995,8.0000001));
#4948 = CARTESIAN_POINT('',(4.2,0.9995,8.0000001));
#4949 = ADVANCED_FACE('',(#4950),#4956,.F.);
#4950 = FACE_BOUND('',#4951,.T.);
#4951 = EDGE_LOOP('',(#4952,#4953,#4954,#4955));
#4952 = ORIENTED_EDGE('',*,*,#4212,.T.);
#4953 = ORIENTED_EDGE('',*,*,#4191,.F.);
#4954 = ORIENTED_EDGE('',*,*,#4482,.F.);
#4955 = ORIENTED_EDGE('',*,*,#4940,.T.);
#4956 = B_SPLINE_SURFACE_WITH_KNOTS('',1,1,(
    (#4957,#4958)
    ,(#4959,#4960
    )),.UNSPECIFIED.,.F.,.F.,.F.,(2,2),(2,2),(0.,0.7),(-0.4,0.),
  .PIECEWISE_BEZIER_KNOTS.);
#4957 = CARTESIAN_POINT('',(3.8,1.6995,6.7000001));
#4958 = CARTESIAN_POINT('',(4.2,1.6995,6.7000001));
#4959 = CARTESIAN_POINT('',(3.8,0.9995,6.7000001));
#4960 = CARTESIAN_POINT('',(4.2,0.9995,6.7000001));
#4961 = ADVANCED_FACE('',(#4962),#4972,.F.);
#4962 = FACE_BOUND('',#4963,.T.);
#4963 = EDGE_LOOP('',(#4964,#4965,#4966,#4971));
#4964 = ORIENTED_EDGE('',*,*,#4934,.T.);
#4965 = ORIENTED_EDGE('',*,*,#4466,.F.);
#4966 = ORIENTED_EDGE('',*,*,#4967,.F.);
#4967 = EDGE_CURVE('',#4264,#4467,#4968,.T.);
#4968 = B_SPLINE_CURVE_WITH_KNOTS('',1,(#4969,#4970),.UNSPECIFIED.,.F.,
  .F.,(2,2),(0.,1.030776406404),.PIECEWISE_BEZIER_KNOTS.);
#4969 = CARTESIAN_POINT('',(3.8,1.6995,8.0000001));
#4970 = CARTESIAN_POINT('',(4.2,1.6995,7.0500001));
#4971 = ORIENTED_EDGE('',*,*,#4263,.T.);
#4972 = B_SPLINE_SURFACE_WITH_KNOTS('',1,1,(
    (#4973,#4974)
    ,(#4975,#4976
    )),.UNSPECIFIED.,.F.,.F.,.F.,(2,2),(2,2),(-1.582466141463E-16,
    1.030776406404),(-6.432490598707E-17,0.7),.PIECEWISE_BEZIER_KNOTS.);
#4973 = CARTESIAN_POINT('',(3.8,1.6995,8.0000001));
#4974 = CARTESIAN_POINT('',(3.8,0.9995,8.0000001));
#4975 = CARTESIAN_POINT('',(4.2,1.6995,7.0500001));
#4976 = CARTESIAN_POINT('',(4.2,0.9995,7.0500001));
#4977 = ADVANCED_FACE('',(#4978),#4983,.F.);
#4978 = FACE_BOUND('',#4979,.T.);
#4979 = EDGE_LOOP('',(#4980,#4981,#4982));
#4980 = ORIENTED_EDGE('',*,*,#4270,.T.);
#4981 = ORIENTED_EDGE('',*,*,#4967,.T.);
#4982 = ORIENTED_EDGE('',*,*,#4495,.T.);
#4983 = B_SPLINE_SURFACE_WITH_KNOTS('',1,1,(
    (#4984,#4985)
    ,(#4986,#4987
    )),.UNSPECIFIED.,.F.,.F.,.F.,(2,2),(2,2),(8.572527594031E-17,0.95),(
    -4.25,-3.85),.PIECEWISE_BEZIER_KNOTS.);
#4984 = CARTESIAN_POINT('',(4.2,1.6995,8.0000001));
#4985 = CARTESIAN_POINT('',(3.8,1.6995,8.0000001));
#4986 = CARTESIAN_POINT('',(4.2,1.6995,7.0500001));
#4987 = CARTESIAN_POINT('',(3.8,1.6995,7.0500001));
#4988 = ADVANCED_FACE('',(#4989),#5011,.F.);
#4989 = FACE_BOUND('',#4990,.T.);
#4990 = EDGE_LOOP('',(#4991,#4992,#4999,#5006));
#4991 = ORIENTED_EDGE('',*,*,#4121,.T.);
#4992 = ORIENTED_EDGE('',*,*,#4993,.F.);
#4993 = EDGE_CURVE('',#4994,#4113,#4996,.T.);
#4994 = VERTEX_POINT('',#4995);
#4995 = CARTESIAN_POINT('',(2.75,-2.5505,9.999999939225E-08));
#4996 = B_SPLINE_CURVE_WITH_KNOTS('',1,(#4997,#4998),.UNSPECIFIED.,.F.,
  .F.,(2,2),(0.,3.5),.PIECEWISE_BEZIER_KNOTS.);
#4997 = CARTESIAN_POINT('',(2.75,-2.5505,9.999999939225E-08));
#4998 = CARTESIAN_POINT('',(2.75,-2.5505,3.5000001));
#4999 = ORIENTED_EDGE('',*,*,#5000,.F.);
#5000 = EDGE_CURVE('',#5001,#4994,#5003,.T.);
#5001 = VERTEX_POINT('',#5002);
#5002 = CARTESIAN_POINT('',(2.15,-2.5505,9.999999939225E-08));
#5003 = B_SPLINE_CURVE_WITH_KNOTS('',1,(#5004,#5005),.UNSPECIFIED.,.F.,
  .F.,(2,2),(0.,0.6),.PIECEWISE_BEZIER_KNOTS.);
#5004 = CARTESIAN_POINT('',(2.15,-2.5505,9.999999939225E-08));
#5005 = CARTESIAN_POINT('',(2.75,-2.5505,9.999999939225E-08));
#5006 = ORIENTED_EDGE('',*,*,#5007,.T.);
#5007 = EDGE_CURVE('',#5001,#4122,#5008,.T.);
#5008 = B_SPLINE_CURVE_WITH_KNOTS('',1,(#5009,#5010),.UNSPECIFIED.,.F.,
  .F.,(2,2),(0.,3.5),.PIECEWISE_BEZIER_KNOTS.);
#5009 = CARTESIAN_POINT('',(2.15,-2.5505,9.999999939225E-08));
#5010 = CARTESIAN_POINT('',(2.15,-2.5505,3.5000001));
#5011 = B_SPLINE_SURFACE_WITH_KNOTS('',1,1,(
    (#5012,#5013)
    ,(#5014,#5015
    )),.UNSPECIFIED.,.F.,.F.,.F.,(2,2),(2,2),(-3.5,0.),(0.,0.6),
  .PIECEWISE_BEZIER_KNOTS.);
#5012 = CARTESIAN_POINT('',(2.15,-2.5505,3.5000001));
#5013 = CARTESIAN_POINT('',(2.75,-2.5505,3.5000001));
#5014 = CARTESIAN_POINT('',(2.15,-2.5505,9.999999939225E-08));
#5015 = CARTESIAN_POINT('',(2.75,-2.5505,9.999999939225E-08));
#5016 = ADVANCED_FACE('',(#5017),#5033,.F.);
#5017 = FACE_BOUND('',#5018,.T.);
#5018 = EDGE_LOOP('',(#5019,#5020,#5027,#5032));
#5019 = ORIENTED_EDGE('',*,*,#4112,.T.);
#5020 = ORIENTED_EDGE('',*,*,#5021,.F.);
#5021 = EDGE_CURVE('',#5022,#4115,#5024,.T.);
#5022 = VERTEX_POINT('',#5023);
#5023 = CARTESIAN_POINT('',(2.75,-2.9505,9.999999939225E-08));
#5024 = B_SPLINE_CURVE_WITH_KNOTS('',1,(#5025,#5026),.UNSPECIFIED.,.F.,
  .F.,(2,2),(0.,3.5),.PIECEWISE_BEZIER_KNOTS.);
#5025 = CARTESIAN_POINT('',(2.75,-2.9505,9.999999939225E-08));
#5026 = CARTESIAN_POINT('',(2.75,-2.9505,3.5000001));
#5027 = ORIENTED_EDGE('',*,*,#5028,.F.);
#5028 = EDGE_CURVE('',#4994,#5022,#5029,.T.);
#5029 = B_SPLINE_CURVE_WITH_KNOTS('',1,(#5030,#5031),.UNSPECIFIED.,.F.,
  .F.,(2,2),(-0.4,0.),.PIECEWISE_BEZIER_KNOTS.);
#5030 = CARTESIAN_POINT('',(2.75,-2.5505,9.999999939225E-08));
#5031 = CARTESIAN_POINT('',(2.75,-2.9505,9.999999939225E-08));
#5032 = ORIENTED_EDGE('',*,*,#4993,.T.);
#5033 = B_SPLINE_SURFACE_WITH_KNOTS('',1,1,(
    (#5034,#5035)
    ,(#5036,#5037
    )),.UNSPECIFIED.,.F.,.F.,.F.,(2,2),(2,2),(-3.5,0.),(-0.4,0.),
  .PIECEWISE_BEZIER_KNOTS.);
#5034 = CARTESIAN_POINT('',(2.75,-2.5505,3.5000001));
#5035 = CARTESIAN_POINT('',(2.75,-2.9505,3.5000001));
#5036 = CARTESIAN_POINT('',(2.75,-2.5505,9.999999939225E-08));
#5037 = CARTESIAN_POINT('',(2.75,-2.9505,9.999999939225E-08));
#5038 = ADVANCED_FACE('',(#5039),#5055,.F.);
#5039 = FACE_BOUND('',#5040,.T.);
#5040 = EDGE_LOOP('',(#5041,#5042,#5049,#5054));
#5041 = ORIENTED_EDGE('',*,*,#4135,.T.);
#5042 = ORIENTED_EDGE('',*,*,#5043,.F.);
#5043 = EDGE_CURVE('',#5044,#4129,#5046,.T.);
#5044 = VERTEX_POINT('',#5045);
#5045 = CARTESIAN_POINT('',(2.15,-2.9505,9.999999939225E-08));
#5046 = B_SPLINE_CURVE_WITH_KNOTS('',1,(#5047,#5048),.UNSPECIFIED.,.F.,
  .F.,(2,2),(0.,3.5),.PIECEWISE_BEZIER_KNOTS.);
#5047 = CARTESIAN_POINT('',(2.15,-2.9505,9.999999939225E-08));
#5048 = CARTESIAN_POINT('',(2.15,-2.9505,3.5000001));
#5049 = ORIENTED_EDGE('',*,*,#5050,.F.);
#5050 = EDGE_CURVE('',#5022,#5044,#5051,.T.);
#5051 = B_SPLINE_CURVE_WITH_KNOTS('',1,(#5052,#5053),.UNSPECIFIED.,.F.,
  .F.,(2,2),(-0.6,0.),.PIECEWISE_BEZIER_KNOTS.);
#5052 = CARTESIAN_POINT('',(2.75,-2.9505,9.999999939225E-08));
#5053 = CARTESIAN_POINT('',(2.15,-2.9505,9.999999939225E-08));
#5054 = ORIENTED_EDGE('',*,*,#5021,.T.);
#5055 = B_SPLINE_SURFACE_WITH_KNOTS('',1,1,(
    (#5056,#5057)
    ,(#5058,#5059
    )),.UNSPECIFIED.,.F.,.F.,.F.,(2,2),(2,2),(0.,3.5),(0.,0.6),
  .PIECEWISE_BEZIER_KNOTS.);
#5056 = CARTESIAN_POINT('',(2.15,-2.9505,9.999999939225E-08));
#5057 = CARTESIAN_POINT('',(2.75,-2.9505,9.999999939225E-08));
#5058 = CARTESIAN_POINT('',(2.15,-2.9505,3.5000001));
#5059 = CARTESIAN_POINT('',(2.75,-2.9505,3.5000001));
#5060 = ADVANCED_FACE('',(#5061),#5071,.F.);
#5061 = FACE_BOUND('',#5062,.T.);
#5062 = EDGE_LOOP('',(#5063,#5064,#5065,#5070));
#5063 = ORIENTED_EDGE('',*,*,#4128,.T.);
#5064 = ORIENTED_EDGE('',*,*,#5007,.F.);
#5065 = ORIENTED_EDGE('',*,*,#5066,.F.);
#5066 = EDGE_CURVE('',#5044,#5001,#5067,.T.);
#5067 = B_SPLINE_CURVE_WITH_KNOTS('',1,(#5068,#5069),.UNSPECIFIED.,.F.,
  .F.,(2,2),(0.,0.4),.PIECEWISE_BEZIER_KNOTS.);
#5068 = CARTESIAN_POINT('',(2.15,-2.9505,9.999999939225E-08));
#5069 = CARTESIAN_POINT('',(2.15,-2.5505,9.999999939225E-08));
#5070 = ORIENTED_EDGE('',*,*,#5043,.T.);
#5071 = B_SPLINE_SURFACE_WITH_KNOTS('',1,1,(
    (#5072,#5073)
    ,(#5074,#5075
    )),.UNSPECIFIED.,.F.,.F.,.F.,(2,2),(2,2),(0.,3.5),(-0.4,
    4.440892098501E-16),.PIECEWISE_BEZIER_KNOTS.);
#5072 = CARTESIAN_POINT('',(2.15,-2.5505,9.999999939225E-08));
#5073 = CARTESIAN_POINT('',(2.15,-2.9505,9.999999939225E-08));
#5074 = CARTESIAN_POINT('',(2.15,-2.5505,3.5000001));
#5075 = CARTESIAN_POINT('',(2.15,-2.9505,3.5000001));
#5076 = ADVANCED_FACE('',(#5077),#5083,.F.);
#5077 = FACE_BOUND('',#5078,.T.);
#5078 = EDGE_LOOP('',(#5079,#5080,#5081,#5082));
#5079 = ORIENTED_EDGE('',*,*,#5000,.T.);
#5080 = ORIENTED_EDGE('',*,*,#5028,.T.);
#5081 = ORIENTED_EDGE('',*,*,#5050,.T.);
#5082 = ORIENTED_EDGE('',*,*,#5066,.T.);
#5083 = B_SPLINE_SURFACE_WITH_KNOTS('',1,1,(
    (#5084,#5085)
    ,(#5086,#5087
    )),.UNSPECIFIED.,.F.,.F.,.F.,(2,2),(2,2),(2.55,2.95),(2.2,2.8),
  .PIECEWISE_BEZIER_KNOTS.);
#5084 = CARTESIAN_POINT('',(2.15,-2.5505,9.999999939225E-08));
#5085 = CARTESIAN_POINT('',(2.75,-2.5505,9.999999939225E-08));
#5086 = CARTESIAN_POINT('',(2.15,-2.9505,9.999999939225E-08));
#5087 = CARTESIAN_POINT('',(2.75,-2.9505,9.999999939225E-08));
#5088 = ADVANCED_FACE('',(#5089),#5111,.F.);
#5089 = FACE_BOUND('',#5090,.T.);
#5090 = EDGE_LOOP('',(#5091,#5092,#5099,#5106));
#5091 = ORIENTED_EDGE('',*,*,#4151,.T.);
#5092 = ORIENTED_EDGE('',*,*,#5093,.F.);
#5093 = EDGE_CURVE('',#5094,#4143,#5096,.T.);
#5094 = VERTEX_POINT('',#5095);
#5095 = CARTESIAN_POINT('',(0.25,-2.5505,9.999999939225E-08));
#5096 = B_SPLINE_CURVE_WITH_KNOTS('',1,(#5097,#5098),.UNSPECIFIED.,.F.,
  .F.,(2,2),(0.,3.5),.PIECEWISE_BEZIER_KNOTS.);
#5097 = CARTESIAN_POINT('',(0.25,-2.5505,9.999999939225E-08));
#5098 = CARTESIAN_POINT('',(0.25,-2.5505,3.5000001));
#5099 = ORIENTED_EDGE('',*,*,#5100,.F.);
#5100 = EDGE_CURVE('',#5101,#5094,#5103,.T.);
#5101 = VERTEX_POINT('',#5102);
#5102 = CARTESIAN_POINT('',(-0.35,-2.5505,9.999999939225E-08));
#5103 = B_SPLINE_CURVE_WITH_KNOTS('',1,(#5104,#5105),.UNSPECIFIED.,.F.,
  .F.,(2,2),(0.,0.6),.PIECEWISE_BEZIER_KNOTS.);
#5104 = CARTESIAN_POINT('',(-0.35,-2.5505,9.999999939225E-08));
#5105 = CARTESIAN_POINT('',(0.25,-2.5505,9.999999939225E-08));
#5106 = ORIENTED_EDGE('',*,*,#5107,.T.);
#5107 = EDGE_CURVE('',#5101,#4152,#5108,.T.);
#5108 = B_SPLINE_CURVE_WITH_KNOTS('',1,(#5109,#5110),.UNSPECIFIED.,.F.,
  .F.,(2,2),(0.,3.5),.PIECEWISE_BEZIER_KNOTS.);
#5109 = CARTESIAN_POINT('',(-0.35,-2.5505,9.999999939225E-08));
#5110 = CARTESIAN_POINT('',(-0.35,-2.5505,3.5000001));
#5111 = B_SPLINE_SURFACE_WITH_KNOTS('',1,1,(
    (#5112,#5113)
    ,(#5114,#5115
    )),.UNSPECIFIED.,.F.,.F.,.F.,(2,2),(2,2),(-3.5,0.),(0.,0.6),
  .PIECEWISE_BEZIER_KNOTS.);
#5112 = CARTESIAN_POINT('',(-0.35,-2.5505,3.5000001));
#5113 = CARTESIAN_POINT('',(0.25,-2.5505,3.5000001));
#5114 = CARTESIAN_POINT('',(-0.35,-2.5505,9.999999939225E-08));
#5115 = CARTESIAN_POINT('',(0.25,-2.5505,9.999999939225E-08));
#5116 = ADVANCED_FACE('',(#5117),#5133,.F.);
#5117 = FACE_BOUND('',#5118,.T.);
#5118 = EDGE_LOOP('',(#5119,#5120,#5127,#5132));
#5119 = ORIENTED_EDGE('',*,*,#4142,.T.);
#5120 = ORIENTED_EDGE('',*,*,#5121,.F.);
#5121 = EDGE_CURVE('',#5122,#4145,#5124,.T.);
#5122 = VERTEX_POINT('',#5123);
#5123 = CARTESIAN_POINT('',(0.25,-2.9505,9.999999939225E-08));
#5124 = B_SPLINE_CURVE_WITH_KNOTS('',1,(#5125,#5126),.UNSPECIFIED.,.F.,
  .F.,(2,2),(0.,3.5),.PIECEWISE_BEZIER_KNOTS.);
#5125 = CARTESIAN_POINT('',(0.25,-2.9505,9.999999939225E-08));
#5126 = CARTESIAN_POINT('',(0.25,-2.9505,3.5000001));
#5127 = ORIENTED_EDGE('',*,*,#5128,.F.);
#5128 = EDGE_CURVE('',#5094,#5122,#5129,.T.);
#5129 = B_SPLINE_CURVE_WITH_KNOTS('',1,(#5130,#5131),.UNSPECIFIED.,.F.,
  .F.,(2,2),(-0.4,0.),.PIECEWISE_BEZIER_KNOTS.);
#5130 = CARTESIAN_POINT('',(0.25,-2.5505,9.999999939225E-08));
#5131 = CARTESIAN_POINT('',(0.25,-2.9505,9.999999939225E-08));
#5132 = ORIENTED_EDGE('',*,*,#5093,.T.);
#5133 = B_SPLINE_SURFACE_WITH_KNOTS('',1,1,(
    (#5134,#5135)
    ,(#5136,#5137
    )),.UNSPECIFIED.,.F.,.F.,.F.,(2,2),(2,2),(-3.5,0.),(-0.4,0.),
  .PIECEWISE_BEZIER_KNOTS.);
#5134 = CARTESIAN_POINT('',(0.25,-2.5505,3.5000001));
#5135 = CARTESIAN_POINT('',(0.25,-2.9505,3.5000001));
#5136 = CARTESIAN_POINT('',(0.25,-2.5505,9.999999939225E-08));
#5137 = CARTESIAN_POINT('',(0.25,-2.9505,9.999999939225E-08));
#5138 = ADVANCED_FACE('',(#5139),#5155,.F.);
#5139 = FACE_BOUND('',#5140,.T.);
#5140 = EDGE_LOOP('',(#5141,#5142,#5149,#5154));
#5141 = ORIENTED_EDGE('',*,*,#4165,.T.);
#5142 = ORIENTED_EDGE('',*,*,#5143,.F.);
#5143 = EDGE_CURVE('',#5144,#4159,#5146,.T.);
#5144 = VERTEX_POINT('',#5145);
#5145 = CARTESIAN_POINT('',(-0.35,-2.9505,9.999999939225E-08));
#5146 = B_SPLINE_CURVE_WITH_KNOTS('',1,(#5147,#5148),.UNSPECIFIED.,.F.,
  .F.,(2,2),(0.,3.5),.PIECEWISE_BEZIER_KNOTS.);
#5147 = CARTESIAN_POINT('',(-0.35,-2.9505,9.999999939225E-08));
#5148 = CARTESIAN_POINT('',(-0.35,-2.9505,3.5000001));
#5149 = ORIENTED_EDGE('',*,*,#5150,.F.);
#5150 = EDGE_CURVE('',#5122,#5144,#5151,.T.);
#5151 = B_SPLINE_CURVE_WITH_KNOTS('',1,(#5152,#5153),.UNSPECIFIED.,.F.,
  .F.,(2,2),(-0.6,0.),.PIECEWISE_BEZIER_KNOTS.);
#5152 = CARTESIAN_POINT('',(0.25,-2.9505,9.999999939225E-08));
#5153 = CARTESIAN_POINT('',(-0.35,-2.9505,9.999999939225E-08));
#5154 = ORIENTED_EDGE('',*,*,#5121,.T.);
#5155 = B_SPLINE_SURFACE_WITH_KNOTS('',1,1,(
    (#5156,#5157)
    ,(#5158,#5159
    )),.UNSPECIFIED.,.F.,.F.,.F.,(2,2),(2,2),(0.,3.5),(0.,0.6),
  .PIECEWISE_BEZIER_KNOTS.);
#5156 = CARTESIAN_POINT('',(-0.35,-2.9505,9.999999939225E-08));
#5157 = CARTESIAN_POINT('',(0.25,-2.9505,9.999999939225E-08));
#5158 = CARTESIAN_POINT('',(-0.35,-2.9505,3.5000001));
#5159 = CARTESIAN_POINT('',(0.25,-2.9505,3.5000001));
#5160 = ADVANCED_FACE('',(#5161),#5171,.F.);
#5161 = FACE_BOUND('',#5162,.T.);
#5162 = EDGE_LOOP('',(#5163,#5164,#5165,#5170));
#5163 = ORIENTED_EDGE('',*,*,#4158,.T.);
#5164 = ORIENTED_EDGE('',*,*,#5107,.F.);
#5165 = ORIENTED_EDGE('',*,*,#5166,.F.);
#5166 = EDGE_CURVE('',#5144,#5101,#5167,.T.);
#5167 = B_SPLINE_CURVE_WITH_KNOTS('',1,(#5168,#5169),.UNSPECIFIED.,.F.,
  .F.,(2,2),(0.,0.4),.PIECEWISE_BEZIER_KNOTS.);
#5168 = CARTESIAN_POINT('',(-0.35,-2.9505,9.999999939225E-08));
#5169 = CARTESIAN_POINT('',(-0.35,-2.5505,9.999999939225E-08));
#5170 = ORIENTED_EDGE('',*,*,#5143,.T.);
#5171 = B_SPLINE_SURFACE_WITH_KNOTS('',1,1,(
    (#5172,#5173)
    ,(#5174,#5175
    )),.UNSPECIFIED.,.F.,.F.,.F.,(2,2),(2,2),(0.,3.5),(-0.4,0.),
  .PIECEWISE_BEZIER_KNOTS.);
#5172 = CARTESIAN_POINT('',(-0.35,-2.5505,9.999999939225E-08));
#5173 = CARTESIAN_POINT('',(-0.35,-2.9505,9.999999939225E-08));
#5174 = CARTESIAN_POINT('',(-0.35,-2.5505,3.5000001));
#5175 = CARTESIAN_POINT('',(-0.35,-2.9505,3.5000001));
#5176 = ADVANCED_FACE('',(#5177),#5183,.F.);
#5177 = FACE_BOUND('',#5178,.T.);
#5178 = EDGE_LOOP('',(#5179,#5180,#5181,#5182));
#5179 = ORIENTED_EDGE('',*,*,#5100,.T.);
#5180 = ORIENTED_EDGE('',*,*,#5128,.T.);
#5181 = ORIENTED_EDGE('',*,*,#5150,.T.);
#5182 = ORIENTED_EDGE('',*,*,#5166,.T.);
#5183 = B_SPLINE_SURFACE_WITH_KNOTS('',1,1,(
    (#5184,#5185)
    ,(#5186,#5187
    )),.UNSPECIFIED.,.F.,.F.,.F.,(2,2),(2,2),(2.55,2.95),(2.2,2.8),
  .PIECEWISE_BEZIER_KNOTS.);
#5184 = CARTESIAN_POINT('',(-0.35,-2.5505,9.999999939225E-08));
#5185 = CARTESIAN_POINT('',(0.25,-2.5505,9.999999939225E-08));
#5186 = CARTESIAN_POINT('',(-0.35,-2.9505,9.999999939225E-08));
#5187 = CARTESIAN_POINT('',(0.25,-2.9505,9.999999939225E-08));
#5188 = ADVANCED_FACE('',(#5189),#5211,.T.);
#5189 = FACE_BOUND('',#5190,.T.);
#5190 = EDGE_LOOP('',(#5191,#5192,#5199,#5206));
#5191 = ORIENTED_EDGE('',*,*,#3972,.F.);
#5192 = ORIENTED_EDGE('',*,*,#5193,.F.);
#5193 = EDGE_CURVE('',#5194,#3973,#5196,.T.);
#5194 = VERTEX_POINT('',#5195);
#5195 = CARTESIAN_POINT('',(2.15,2.5495,9.999999939225E-08));
#5196 = B_SPLINE_CURVE_WITH_KNOTS('',1,(#5197,#5198),.UNSPECIFIED.,.F.,
  .F.,(2,2),(0.,3.5),.PIECEWISE_BEZIER_KNOTS.);
#5197 = CARTESIAN_POINT('',(2.15,2.5495,9.999999939225E-08));
#5198 = CARTESIAN_POINT('',(2.15,2.5495,3.5000001));
#5199 = ORIENTED_EDGE('',*,*,#5200,.T.);
#5200 = EDGE_CURVE('',#5194,#5201,#5203,.T.);
#5201 = VERTEX_POINT('',#5202);
#5202 = CARTESIAN_POINT('',(2.75,2.5495,9.999999939225E-08));
#5203 = B_SPLINE_CURVE_WITH_KNOTS('',1,(#5204,#5205),.UNSPECIFIED.,.F.,
  .F.,(2,2),(0.,0.6),.PIECEWISE_BEZIER_KNOTS.);
#5204 = CARTESIAN_POINT('',(2.15,2.5495,9.999999939225E-08));
#5205 = CARTESIAN_POINT('',(2.75,2.5495,9.999999939225E-08));
#5206 = ORIENTED_EDGE('',*,*,#5207,.T.);
#5207 = EDGE_CURVE('',#5201,#3975,#5208,.T.);
#5208 = B_SPLINE_CURVE_WITH_KNOTS('',1,(#5209,#5210),.UNSPECIFIED.,.F.,
  .F.,(2,2),(0.,3.5),.PIECEWISE_BEZIER_KNOTS.);
#5209 = CARTESIAN_POINT('',(2.75,2.5495,9.999999939225E-08));
#5210 = CARTESIAN_POINT('',(2.75,2.5495,3.5000001));
#5211 = B_SPLINE_SURFACE_WITH_KNOTS('',1,1,(
    (#5212,#5213)
    ,(#5214,#5215
    )),.UNSPECIFIED.,.F.,.F.,.F.,(2,2),(2,2),(-3.5,0.),(0.,0.6),
  .PIECEWISE_BEZIER_KNOTS.);
#5212 = CARTESIAN_POINT('',(2.15,2.5495,3.5000001));
#5213 = CARTESIAN_POINT('',(2.75,2.5495,3.5000001));
#5214 = CARTESIAN_POINT('',(2.15,2.5495,9.999999939225E-08));
#5215 = CARTESIAN_POINT('',(2.75,2.5495,9.999999939225E-08));
#5216 = ADVANCED_FACE('',(#5217),#5233,.T.);
#5217 = FACE_BOUND('',#5218,.T.);
#5218 = EDGE_LOOP('',(#5219,#5220,#5227,#5232));
#5219 = ORIENTED_EDGE('',*,*,#3995,.F.);
#5220 = ORIENTED_EDGE('',*,*,#5221,.F.);
#5221 = EDGE_CURVE('',#5222,#3989,#5224,.T.);
#5222 = VERTEX_POINT('',#5223);
#5223 = CARTESIAN_POINT('',(2.15,2.9495,9.999999939225E-08));
#5224 = B_SPLINE_CURVE_WITH_KNOTS('',1,(#5225,#5226),.UNSPECIFIED.,.F.,
  .F.,(2,2),(0.,3.5),.PIECEWISE_BEZIER_KNOTS.);
#5225 = CARTESIAN_POINT('',(2.15,2.9495,9.999999939225E-08));
#5226 = CARTESIAN_POINT('',(2.15,2.9495,3.5000001));
#5227 = ORIENTED_EDGE('',*,*,#5228,.T.);
#5228 = EDGE_CURVE('',#5222,#5194,#5229,.T.);
#5229 = B_SPLINE_CURVE_WITH_KNOTS('',1,(#5230,#5231),.UNSPECIFIED.,.F.,
  .F.,(2,2),(0.,0.4),.PIECEWISE_BEZIER_KNOTS.);
#5230 = CARTESIAN_POINT('',(2.15,2.9495,9.999999939225E-08));
#5231 = CARTESIAN_POINT('',(2.15,2.5495,9.999999939225E-08));
#5232 = ORIENTED_EDGE('',*,*,#5193,.T.);
#5233 = B_SPLINE_SURFACE_WITH_KNOTS('',1,1,(
    (#5234,#5235)
    ,(#5236,#5237
    )),.UNSPECIFIED.,.F.,.F.,.F.,(2,2),(2,2),(-3.5,0.),(0.,0.4),
  .PIECEWISE_BEZIER_KNOTS.);
#5234 = CARTESIAN_POINT('',(2.15,2.9495,3.5000001));
#5235 = CARTESIAN_POINT('',(2.15,2.5495,3.5000001));
#5236 = CARTESIAN_POINT('',(2.15,2.9495,9.999999939225E-08));
#5237 = CARTESIAN_POINT('',(2.15,2.5495,9.999999939225E-08));
#5238 = ADVANCED_FACE('',(#5239),#5255,.T.);
#5239 = FACE_BOUND('',#5240,.T.);
#5240 = EDGE_LOOP('',(#5241,#5242,#5249,#5254));
#5241 = ORIENTED_EDGE('',*,*,#3988,.F.);
#5242 = ORIENTED_EDGE('',*,*,#5243,.F.);
#5243 = EDGE_CURVE('',#5244,#3982,#5246,.T.);
#5244 = VERTEX_POINT('',#5245);
#5245 = CARTESIAN_POINT('',(2.75,2.9495,9.999999939225E-08));
#5246 = B_SPLINE_CURVE_WITH_KNOTS('',1,(#5247,#5248),.UNSPECIFIED.,.F.,
  .F.,(2,2),(0.,3.5),.PIECEWISE_BEZIER_KNOTS.);
#5247 = CARTESIAN_POINT('',(2.75,2.9495,9.999999939225E-08));
#5248 = CARTESIAN_POINT('',(2.75,2.9495,3.5000001));
#5249 = ORIENTED_EDGE('',*,*,#5250,.T.);
#5250 = EDGE_CURVE('',#5244,#5222,#5251,.T.);
#5251 = B_SPLINE_CURVE_WITH_KNOTS('',1,(#5252,#5253),.UNSPECIFIED.,.F.,
  .F.,(2,2),(-0.6,0.),.PIECEWISE_BEZIER_KNOTS.);
#5252 = CARTESIAN_POINT('',(2.75,2.9495,9.999999939225E-08));
#5253 = CARTESIAN_POINT('',(2.15,2.9495,9.999999939225E-08));
#5254 = ORIENTED_EDGE('',*,*,#5221,.T.);
#5255 = B_SPLINE_SURFACE_WITH_KNOTS('',1,1,(
    (#5256,#5257)
    ,(#5258,#5259
    )),.UNSPECIFIED.,.F.,.F.,.F.,(2,2),(2,2),(0.,3.5),(0.,0.6),
  .PIECEWISE_BEZIER_KNOTS.);
#5256 = CARTESIAN_POINT('',(2.15,2.9495,9.999999939225E-08));
#5257 = CARTESIAN_POINT('',(2.75,2.9495,9.999999939225E-08));
#5258 = CARTESIAN_POINT('',(2.15,2.9495,3.5000001));
#5259 = CARTESIAN_POINT('',(2.75,2.9495,3.5000001));
#5260 = ADVANCED_FACE('',(#5261),#5271,.T.);
#5261 = FACE_BOUND('',#5262,.T.);
#5262 = EDGE_LOOP('',(#5263,#5264,#5265,#5270));
#5263 = ORIENTED_EDGE('',*,*,#3981,.F.);
#5264 = ORIENTED_EDGE('',*,*,#5207,.F.);
#5265 = ORIENTED_EDGE('',*,*,#5266,.T.);
#5266 = EDGE_CURVE('',#5201,#5244,#5267,.T.);
#5267 = B_SPLINE_CURVE_WITH_KNOTS('',1,(#5268,#5269),.UNSPECIFIED.,.F.,
  .F.,(2,2),(-0.4,0.),.PIECEWISE_BEZIER_KNOTS.);
#5268 = CARTESIAN_POINT('',(2.75,2.5495,9.999999939225E-08));
#5269 = CARTESIAN_POINT('',(2.75,2.9495,9.999999939225E-08));
#5270 = ORIENTED_EDGE('',*,*,#5243,.T.);
#5271 = B_SPLINE_SURFACE_WITH_KNOTS('',1,1,(
    (#5272,#5273)
    ,(#5274,#5275
    )),.UNSPECIFIED.,.F.,.F.,.F.,(2,2),(2,2),(0.,3.5),(0.,0.4),
  .PIECEWISE_BEZIER_KNOTS.);
#5272 = CARTESIAN_POINT('',(2.75,2.9495,9.999999939225E-08));
#5273 = CARTESIAN_POINT('',(2.75,2.5495,9.999999939225E-08));
#5274 = CARTESIAN_POINT('',(2.75,2.9495,3.5000001));
#5275 = CARTESIAN_POINT('',(2.75,2.5495,3.5000001));
#5276 = ADVANCED_FACE('',(#5277),#5283,.F.);
#5277 = FACE_BOUND('',#5278,.T.);
#5278 = EDGE_LOOP('',(#5279,#5280,#5281,#5282));
#5279 = ORIENTED_EDGE('',*,*,#5200,.F.);
#5280 = ORIENTED_EDGE('',*,*,#5228,.F.);
#5281 = ORIENTED_EDGE('',*,*,#5250,.F.);
#5282 = ORIENTED_EDGE('',*,*,#5266,.F.);
#5283 = B_SPLINE_SURFACE_WITH_KNOTS('',1,1,(
    (#5284,#5285)
    ,(#5286,#5287
    )),.UNSPECIFIED.,.F.,.F.,.F.,(2,2),(2,2),(2.55,2.95),(-2.8,-2.2),
  .PIECEWISE_BEZIER_KNOTS.);
#5284 = CARTESIAN_POINT('',(2.75,2.5495,9.999999939225E-08));
#5285 = CARTESIAN_POINT('',(2.15,2.5495,9.999999939225E-08));
#5286 = CARTESIAN_POINT('',(2.75,2.9495,9.999999939225E-08));
#5287 = CARTESIAN_POINT('',(2.15,2.9495,9.999999939225E-08));
#5288 = ADVANCED_FACE('',(#5289),#5311,.T.);
#5289 = FACE_BOUND('',#5290,.T.);
#5290 = EDGE_LOOP('',(#5291,#5292,#5299,#5306));
#5291 = ORIENTED_EDGE('',*,*,#3942,.F.);
#5292 = ORIENTED_EDGE('',*,*,#5293,.F.);
#5293 = EDGE_CURVE('',#5294,#3943,#5296,.T.);
#5294 = VERTEX_POINT('',#5295);
#5295 = CARTESIAN_POINT('',(-0.35,2.5495,9.999999939225E-08));
#5296 = B_SPLINE_CURVE_WITH_KNOTS('',1,(#5297,#5298),.UNSPECIFIED.,.F.,
  .F.,(2,2),(0.,3.5),.PIECEWISE_BEZIER_KNOTS.);
#5297 = CARTESIAN_POINT('',(-0.35,2.5495,9.999999939225E-08));
#5298 = CARTESIAN_POINT('',(-0.35,2.5495,3.5000001));
#5299 = ORIENTED_EDGE('',*,*,#5300,.T.);
#5300 = EDGE_CURVE('',#5294,#5301,#5303,.T.);
#5301 = VERTEX_POINT('',#5302);
#5302 = CARTESIAN_POINT('',(0.25,2.5495,9.999999939225E-08));
#5303 = B_SPLINE_CURVE_WITH_KNOTS('',1,(#5304,#5305),.UNSPECIFIED.,.F.,
  .F.,(2,2),(0.,0.6),.PIECEWISE_BEZIER_KNOTS.);
#5304 = CARTESIAN_POINT('',(-0.35,2.5495,9.999999939225E-08));
#5305 = CARTESIAN_POINT('',(0.25,2.5495,9.999999939225E-08));
#5306 = ORIENTED_EDGE('',*,*,#5307,.T.);
#5307 = EDGE_CURVE('',#5301,#3945,#5308,.T.);
#5308 = B_SPLINE_CURVE_WITH_KNOTS('',1,(#5309,#5310),.UNSPECIFIED.,.F.,
  .F.,(2,2),(0.,3.5),.PIECEWISE_BEZIER_KNOTS.);
#5309 = CARTESIAN_POINT('',(0.25,2.5495,9.999999939225E-08));
#5310 = CARTESIAN_POINT('',(0.25,2.5495,3.5000001));
#5311 = B_SPLINE_SURFACE_WITH_KNOTS('',1,1,(
    (#5312,#5313)
    ,(#5314,#5315
    )),.UNSPECIFIED.,.F.,.F.,.F.,(2,2),(2,2),(-3.5,0.),(0.,0.6),
  .PIECEWISE_BEZIER_KNOTS.);
#5312 = CARTESIAN_POINT('',(-0.35,2.5495,3.5000001));
#5313 = CARTESIAN_POINT('',(0.25,2.5495,3.5000001));
#5314 = CARTESIAN_POINT('',(-0.35,2.5495,9.999999939225E-08));
#5315 = CARTESIAN_POINT('',(0.25,2.5495,9.999999939225E-08));
#5316 = ADVANCED_FACE('',(#5317),#5333,.T.);
#5317 = FACE_BOUND('',#5318,.T.);
#5318 = EDGE_LOOP('',(#5319,#5320,#5327,#5332));
#5319 = ORIENTED_EDGE('',*,*,#3965,.F.);
#5320 = ORIENTED_EDGE('',*,*,#5321,.F.);
#5321 = EDGE_CURVE('',#5322,#3959,#5324,.T.);
#5322 = VERTEX_POINT('',#5323);
#5323 = CARTESIAN_POINT('',(-0.35,2.9495,9.999999939225E-08));
#5324 = B_SPLINE_CURVE_WITH_KNOTS('',1,(#5325,#5326),.UNSPECIFIED.,.F.,
  .F.,(2,2),(0.,3.5),.PIECEWISE_BEZIER_KNOTS.);
#5325 = CARTESIAN_POINT('',(-0.35,2.9495,9.999999939225E-08));
#5326 = CARTESIAN_POINT('',(-0.35,2.9495,3.5000001));
#5327 = ORIENTED_EDGE('',*,*,#5328,.T.);
#5328 = EDGE_CURVE('',#5322,#5294,#5329,.T.);
#5329 = B_SPLINE_CURVE_WITH_KNOTS('',1,(#5330,#5331),.UNSPECIFIED.,.F.,
  .F.,(2,2),(0.,0.4),.PIECEWISE_BEZIER_KNOTS.);
#5330 = CARTESIAN_POINT('',(-0.35,2.9495,9.999999939225E-08));
#5331 = CARTESIAN_POINT('',(-0.35,2.5495,9.999999939225E-08));
#5332 = ORIENTED_EDGE('',*,*,#5293,.T.);
#5333 = B_SPLINE_SURFACE_WITH_KNOTS('',1,1,(
    (#5334,#5335)
    ,(#5336,#5337
    )),.UNSPECIFIED.,.F.,.F.,.F.,(2,2),(2,2),(-3.5,0.),(0.,0.4),
  .PIECEWISE_BEZIER_KNOTS.);
#5334 = CARTESIAN_POINT('',(-0.35,2.9495,3.5000001));
#5335 = CARTESIAN_POINT('',(-0.35,2.5495,3.5000001));
#5336 = CARTESIAN_POINT('',(-0.35,2.9495,9.999999939225E-08));
#5337 = CARTESIAN_POINT('',(-0.35,2.5495,9.999999939225E-08));
#5338 = ADVANCED_FACE('',(#5339),#5355,.T.);
#5339 = FACE_BOUND('',#5340,.T.);
#5340 = EDGE_LOOP('',(#5341,#5342,#5349,#5354));
#5341 = ORIENTED_EDGE('',*,*,#3958,.F.);
#5342 = ORIENTED_EDGE('',*,*,#5343,.F.);
#5343 = EDGE_CURVE('',#5344,#3952,#5346,.T.);
#5344 = VERTEX_POINT('',#5345);
#5345 = CARTESIAN_POINT('',(0.25,2.9495,9.999999939225E-08));
#5346 = B_SPLINE_CURVE_WITH_KNOTS('',1,(#5347,#5348),.UNSPECIFIED.,.F.,
  .F.,(2,2),(0.,3.5),.PIECEWISE_BEZIER_KNOTS.);
#5347 = CARTESIAN_POINT('',(0.25,2.9495,9.999999939225E-08));
#5348 = CARTESIAN_POINT('',(0.25,2.9495,3.5000001));
#5349 = ORIENTED_EDGE('',*,*,#5350,.T.);
#5350 = EDGE_CURVE('',#5344,#5322,#5351,.T.);
#5351 = B_SPLINE_CURVE_WITH_KNOTS('',1,(#5352,#5353),.UNSPECIFIED.,.F.,
  .F.,(2,2),(-0.6,0.),.PIECEWISE_BEZIER_KNOTS.);
#5352 = CARTESIAN_POINT('',(0.25,2.9495,9.999999939225E-08));
#5353 = CARTESIAN_POINT('',(-0.35,2.9495,9.999999939225E-08));
#5354 = ORIENTED_EDGE('',*,*,#5321,.T.);
#5355 = B_SPLINE_SURFACE_WITH_KNOTS('',1,1,(
    (#5356,#5357)
    ,(#5358,#5359
    )),.UNSPECIFIED.,.F.,.F.,.F.,(2,2),(2,2),(0.,3.5),(0.,0.6),
  .PIECEWISE_BEZIER_KNOTS.);
#5356 = CARTESIAN_POINT('',(-0.35,2.9495,9.999999939225E-08));
#5357 = CARTESIAN_POINT('',(0.25,2.9495,9.999999939225E-08));
#5358 = CARTESIAN_POINT('',(-0.35,2.9495,3.5000001));
#5359 = CARTESIAN_POINT('',(0.25,2.9495,3.5000001));
#5360 = ADVANCED_FACE('',(#5361),#5371,.T.);
#5361 = FACE_BOUND('',#5362,.T.);
#5362 = EDGE_LOOP('',(#5363,#5364,#5365,#5370));
#5363 = ORIENTED_EDGE('',*,*,#3951,.F.);
#5364 = ORIENTED_EDGE('',*,*,#5307,.F.);
#5365 = ORIENTED_EDGE('',*,*,#5366,.T.);
#5366 = EDGE_CURVE('',#5301,#5344,#5367,.T.);
#5367 = B_SPLINE_CURVE_WITH_KNOTS('',1,(#5368,#5369),.UNSPECIFIED.,.F.,
  .F.,(2,2),(-0.4,0.),.PIECEWISE_BEZIER_KNOTS.);
#5368 = CARTESIAN_POINT('',(0.25,2.5495,9.999999939225E-08));
#5369 = CARTESIAN_POINT('',(0.25,2.9495,9.999999939225E-08));
#5370 = ORIENTED_EDGE('',*,*,#5343,.T.);
#5371 = B_SPLINE_SURFACE_WITH_KNOTS('',1,1,(
    (#5372,#5373)
    ,(#5374,#5375
    )),.UNSPECIFIED.,.F.,.F.,.F.,(2,2),(2,2),(0.,3.5),(0.,0.4),
  .PIECEWISE_BEZIER_KNOTS.);
#5372 = CARTESIAN_POINT('',(0.25,2.9495,9.999999939225E-08));
#5373 = CARTESIAN_POINT('',(0.25,2.5495,9.999999939225E-08));
#5374 = CARTESIAN_POINT('',(0.25,2.9495,3.5000001));
#5375 = CARTESIAN_POINT('',(0.25,2.5495,3.5000001));
#5376 = ADVANCED_FACE('',(#5377),#5383,.F.);
#5377 = FACE_BOUND('',#5378,.T.);
#5378 = EDGE_LOOP('',(#5379,#5380,#5381,#5382));
#5379 = ORIENTED_EDGE('',*,*,#5300,.F.);
#5380 = ORIENTED_EDGE('',*,*,#5328,.F.);
#5381 = ORIENTED_EDGE('',*,*,#5350,.F.);
#5382 = ORIENTED_EDGE('',*,*,#5366,.F.);
#5383 = B_SPLINE_SURFACE_WITH_KNOTS('',1,1,(
    (#5384,#5385)
    ,(#5386,#5387
    )),.UNSPECIFIED.,.F.,.F.,.F.,(2,2),(2,2),(2.55,2.95),(-2.8,-2.2),
  .PIECEWISE_BEZIER_KNOTS.);
#5384 = CARTESIAN_POINT('',(0.25,2.5495,9.999999939225E-08));
#5385 = CARTESIAN_POINT('',(-0.35,2.5495,9.999999939225E-08));
#5386 = CARTESIAN_POINT('',(0.25,2.9495,9.999999939225E-08));
#5387 = CARTESIAN_POINT('',(-0.35,2.9495,9.999999939225E-08));
#5388 = ADVANCED_FACE('',(#5389),#5411,.T.);
#5389 = FACE_BOUND('',#5390,.T.);
#5390 = EDGE_LOOP('',(#5391,#5392,#5399,#5406));
#5391 = ORIENTED_EDGE('',*,*,#3912,.F.);
#5392 = ORIENTED_EDGE('',*,*,#5393,.F.);
#5393 = EDGE_CURVE('',#5394,#3913,#5396,.T.);
#5394 = VERTEX_POINT('',#5395);
#5395 = CARTESIAN_POINT('',(-2.85,2.5495,9.999999939225E-08));
#5396 = B_SPLINE_CURVE_WITH_KNOTS('',1,(#5397,#5398),.UNSPECIFIED.,.F.,
  .F.,(2,2),(0.,3.5),.PIECEWISE_BEZIER_KNOTS.);
#5397 = CARTESIAN_POINT('',(-2.85,2.5495,9.999999939225E-08));
#5398 = CARTESIAN_POINT('',(-2.85,2.5495,3.5000001));
#5399 = ORIENTED_EDGE('',*,*,#5400,.T.);
#5400 = EDGE_CURVE('',#5394,#5401,#5403,.T.);
#5401 = VERTEX_POINT('',#5402);
#5402 = CARTESIAN_POINT('',(-2.25,2.5495,9.999999939225E-08));
#5403 = B_SPLINE_CURVE_WITH_KNOTS('',1,(#5404,#5405),.UNSPECIFIED.,.F.,
  .F.,(2,2),(0.,0.6),.PIECEWISE_BEZIER_KNOTS.);
#5404 = CARTESIAN_POINT('',(-2.85,2.5495,9.999999939225E-08));
#5405 = CARTESIAN_POINT('',(-2.25,2.5495,9.999999939225E-08));
#5406 = ORIENTED_EDGE('',*,*,#5407,.T.);
#5407 = EDGE_CURVE('',#5401,#3915,#5408,.T.);
#5408 = B_SPLINE_CURVE_WITH_KNOTS('',1,(#5409,#5410),.UNSPECIFIED.,.F.,
  .F.,(2,2),(0.,3.5),.PIECEWISE_BEZIER_KNOTS.);
#5409 = CARTESIAN_POINT('',(-2.25,2.5495,9.999999939225E-08));
#5410 = CARTESIAN_POINT('',(-2.25,2.5495,3.5000001));
#5411 = B_SPLINE_SURFACE_WITH_KNOTS('',1,1,(
    (#5412,#5413)
    ,(#5414,#5415
    )),.UNSPECIFIED.,.F.,.F.,.F.,(2,2),(2,2),(-3.5,0.),(0.,0.6),
  .PIECEWISE_BEZIER_KNOTS.);
#5412 = CARTESIAN_POINT('',(-2.85,2.5495,3.5000001));
#5413 = CARTESIAN_POINT('',(-2.25,2.5495,3.5000001));
#5414 = CARTESIAN_POINT('',(-2.85,2.5495,9.999999939225E-08));
#5415 = CARTESIAN_POINT('',(-2.25,2.5495,9.999999939225E-08));
#5416 = ADVANCED_FACE('',(#5417),#5433,.T.);
#5417 = FACE_BOUND('',#5418,.T.);
#5418 = EDGE_LOOP('',(#5419,#5420,#5427,#5432));
#5419 = ORIENTED_EDGE('',*,*,#3935,.F.);
#5420 = ORIENTED_EDGE('',*,*,#5421,.F.);
#5421 = EDGE_CURVE('',#5422,#3929,#5424,.T.);
#5422 = VERTEX_POINT('',#5423);
#5423 = CARTESIAN_POINT('',(-2.85,2.9495,9.999999939225E-08));
#5424 = B_SPLINE_CURVE_WITH_KNOTS('',1,(#5425,#5426),.UNSPECIFIED.,.F.,
  .F.,(2,2),(0.,3.5),.PIECEWISE_BEZIER_KNOTS.);
#5425 = CARTESIAN_POINT('',(-2.85,2.9495,9.999999939225E-08));
#5426 = CARTESIAN_POINT('',(-2.85,2.9495,3.5000001));
#5427 = ORIENTED_EDGE('',*,*,#5428,.T.);
#5428 = EDGE_CURVE('',#5422,#5394,#5429,.T.);
#5429 = B_SPLINE_CURVE_WITH_KNOTS('',1,(#5430,#5431),.UNSPECIFIED.,.F.,
  .F.,(2,2),(0.,0.4),.PIECEWISE_BEZIER_KNOTS.);
#5430 = CARTESIAN_POINT('',(-2.85,2.9495,9.999999939225E-08));
#5431 = CARTESIAN_POINT('',(-2.85,2.5495,9.999999939225E-08));
#5432 = ORIENTED_EDGE('',*,*,#5393,.T.);
#5433 = B_SPLINE_SURFACE_WITH_KNOTS('',1,1,(
    (#5434,#5435)
    ,(#5436,#5437
    )),.UNSPECIFIED.,.F.,.F.,.F.,(2,2),(2,2),(-3.5,0.),(0.,0.4),
  .PIECEWISE_BEZIER_KNOTS.);
#5434 = CARTESIAN_POINT('',(-2.85,2.9495,3.5000001));
#5435 = CARTESIAN_POINT('',(-2.85,2.5495,3.5000001));
#5436 = CARTESIAN_POINT('',(-2.85,2.9495,9.999999939225E-08));
#5437 = CARTESIAN_POINT('',(-2.85,2.5495,9.999999939225E-08));
#5438 = ADVANCED_FACE('',(#5439),#5455,.T.);
#5439 = FACE_BOUND('',#5440,.T.);
#5440 = EDGE_LOOP('',(#5441,#5442,#5449,#5454));
#5441 = ORIENTED_EDGE('',*,*,#3928,.F.);
#5442 = ORIENTED_EDGE('',*,*,#5443,.F.);
#5443 = EDGE_CURVE('',#5444,#3922,#5446,.T.);
#5444 = VERTEX_POINT('',#5445);
#5445 = CARTESIAN_POINT('',(-2.25,2.9495,9.999999939225E-08));
#5446 = B_SPLINE_CURVE_WITH_KNOTS('',1,(#5447,#5448),.UNSPECIFIED.,.F.,
  .F.,(2,2),(0.,3.5),.PIECEWISE_BEZIER_KNOTS.);
#5447 = CARTESIAN_POINT('',(-2.25,2.9495,9.999999939225E-08));
#5448 = CARTESIAN_POINT('',(-2.25,2.9495,3.5000001));
#5449 = ORIENTED_EDGE('',*,*,#5450,.T.);
#5450 = EDGE_CURVE('',#5444,#5422,#5451,.T.);
#5451 = B_SPLINE_CURVE_WITH_KNOTS('',1,(#5452,#5453),.UNSPECIFIED.,.F.,
  .F.,(2,2),(-0.6,0.),.PIECEWISE_BEZIER_KNOTS.);
#5452 = CARTESIAN_POINT('',(-2.25,2.9495,9.999999939225E-08));
#5453 = CARTESIAN_POINT('',(-2.85,2.9495,9.999999939225E-08));
#5454 = ORIENTED_EDGE('',*,*,#5421,.T.);
#5455 = B_SPLINE_SURFACE_WITH_KNOTS('',1,1,(
    (#5456,#5457)
    ,(#5458,#5459
    )),.UNSPECIFIED.,.F.,.F.,.F.,(2,2),(2,2),(0.,3.5),(0.,0.6),
  .PIECEWISE_BEZIER_KNOTS.);
#5456 = CARTESIAN_POINT('',(-2.85,2.9495,9.999999939225E-08));
#5457 = CARTESIAN_POINT('',(-2.25,2.9495,9.999999939225E-08));
#5458 = CARTESIAN_POINT('',(-2.85,2.9495,3.5000001));
#5459 = CARTESIAN_POINT('',(-2.25,2.9495,3.5000001));
#5460 = ADVANCED_FACE('',(#5461),#5471,.T.);
#5461 = FACE_BOUND('',#5462,.T.);
#5462 = EDGE_LOOP('',(#5463,#5464,#5465,#5470));
#5463 = ORIENTED_EDGE('',*,*,#3921,.F.);
#5464 = ORIENTED_EDGE('',*,*,#5407,.F.);
#5465 = ORIENTED_EDGE('',*,*,#5466,.T.);
#5466 = EDGE_CURVE('',#5401,#5444,#5467,.T.);
#5467 = B_SPLINE_CURVE_WITH_KNOTS('',1,(#5468,#5469),.UNSPECIFIED.,.F.,
  .F.,(2,2),(-0.4,0.),.PIECEWISE_BEZIER_KNOTS.);
#5468 = CARTESIAN_POINT('',(-2.25,2.5495,9.999999939225E-08));
#5469 = CARTESIAN_POINT('',(-2.25,2.9495,9.999999939225E-08));
#5470 = ORIENTED_EDGE('',*,*,#5443,.T.);
#5471 = B_SPLINE_SURFACE_WITH_KNOTS('',1,1,(
    (#5472,#5473)
    ,(#5474,#5475
    )),.UNSPECIFIED.,.F.,.F.,.F.,(2,2),(2,2),(0.,3.5),(0.,0.4),
  .PIECEWISE_BEZIER_KNOTS.);
#5472 = CARTESIAN_POINT('',(-2.25,2.9495,9.999999939225E-08));
#5473 = CARTESIAN_POINT('',(-2.25,2.5495,9.999999939225E-08));
#5474 = CARTESIAN_POINT('',(-2.25,2.9495,3.5000001));
#5475 = CARTESIAN_POINT('',(-2.25,2.5495,3.5000001));
#5476 = ADVANCED_FACE('',(#5477),#5483,.F.);
#5477 = FACE_BOUND('',#5478,.T.);
#5478 = EDGE_LOOP('',(#5479,#5480,#5481,#5482));
#5479 = ORIENTED_EDGE('',*,*,#5400,.F.);
#5480 = ORIENTED_EDGE('',*,*,#5428,.F.);
#5481 = ORIENTED_EDGE('',*,*,#5450,.F.);
#5482 = ORIENTED_EDGE('',*,*,#5466,.F.);
#5483 = B_SPLINE_SURFACE_WITH_KNOTS('',1,1,(
    (#5484,#5485)
    ,(#5486,#5487
    )),.UNSPECIFIED.,.F.,.F.,.F.,(2,2),(2,2),(2.55,2.95),(-2.8,-2.2),
  .PIECEWISE_BEZIER_KNOTS.);
#5484 = CARTESIAN_POINT('',(-2.25,2.5495,9.999999939225E-08));
#5485 = CARTESIAN_POINT('',(-2.85,2.5495,9.999999939225E-08));
#5486 = CARTESIAN_POINT('',(-2.25,2.9495,9.999999939225E-08));
#5487 = CARTESIAN_POINT('',(-2.85,2.9495,9.999999939225E-08));
#5488 = ADVANCED_FACE('',(#5489),#5511,.F.);
#5489 = FACE_BOUND('',#5490,.T.);
#5490 = EDGE_LOOP('',(#5491,#5492,#5499,#5506));
#5491 = ORIENTED_EDGE('',*,*,#3045,.T.);
#5492 = ORIENTED_EDGE('',*,*,#5493,.F.);
#5493 = EDGE_CURVE('',#5494,#3037,#5496,.T.);
#5494 = VERTEX_POINT('',#5495);
#5495 = CARTESIAN_POINT('',(-9.849901321046E-02,4.2505,5.758339614081));
#5496 = B_SPLINE_CURVE_WITH_KNOTS('',1,(#5497,#5498),.UNSPECIFIED.,.F.,
  .F.,(2,2),(-0.,1.E-03),.PIECEWISE_BEZIER_KNOTS.);
#5497 = CARTESIAN_POINT('',(-9.849901321046E-02,4.2505,5.758339614081));
#5498 = CARTESIAN_POINT('',(-9.849901321046E-02,4.2495,5.758339614081));
#5499 = ORIENTED_EDGE('',*,*,#5500,.F.);
#5500 = EDGE_CURVE('',#5501,#5494,#5503,.T.);
#5501 = VERTEX_POINT('',#5502);
#5502 = CARTESIAN_POINT('',(-9.833456969335E-02,4.2505,5.735153595686));
#5503 = B_SPLINE_CURVE_WITH_KNOTS('',1,(#5504,#5505),.UNSPECIFIED.,.F.,
  .F.,(2,2),(-2.318660153378E-02,0.),.PIECEWISE_BEZIER_KNOTS.);
#5504 = CARTESIAN_POINT('',(-9.833456969335E-02,4.2505,5.735153595686));
#5505 = CARTESIAN_POINT('',(-9.849901321046E-02,4.2505,5.758339614081));
#5506 = ORIENTED_EDGE('',*,*,#5507,.T.);
#5507 = EDGE_CURVE('',#5501,#3046,#5508,.T.);
#5508 = B_SPLINE_CURVE_WITH_KNOTS('',1,(#5509,#5510),.UNSPECIFIED.,.F.,
  .F.,(2,2),(-0.,1.E-03),.PIECEWISE_BEZIER_KNOTS.);
#5509 = CARTESIAN_POINT('',(-9.833456969335E-02,4.2505,5.735153595686));
#5510 = CARTESIAN_POINT('',(-9.833456969335E-02,4.2495,5.735153595686));
#5511 = B_SPLINE_SURFACE_WITH_KNOTS('',1,1,(
    (#5512,#5513)
    ,(#5514,#5515
    )),.UNSPECIFIED.,.F.,.F.,.F.,(2,2),(2,2),(-4.921187422818E-20,
    2.318660153378E-02),(-1.E-03,0.),.PIECEWISE_BEZIER_KNOTS.);
#5512 = CARTESIAN_POINT('',(-9.849901321046E-02,4.2495,5.758339614081));
#5513 = CARTESIAN_POINT('',(-9.849901321046E-02,4.2505,5.758339614081));
#5514 = CARTESIAN_POINT('',(-9.833456969335E-02,4.2495,5.735153595686));
#5515 = CARTESIAN_POINT('',(-9.833456969335E-02,4.2505,5.735153595686));
#5516 = ADVANCED_FACE('',(#5517),#5533,.F.);
#5517 = FACE_BOUND('',#5518,.T.);
#5518 = EDGE_LOOP('',(#5519,#5520,#5527,#5532));
#5519 = ORIENTED_EDGE('',*,*,#3036,.T.);
#5520 = ORIENTED_EDGE('',*,*,#5521,.F.);
#5521 = EDGE_CURVE('',#5522,#3039,#5524,.T.);
#5522 = VERTEX_POINT('',#5523);
#5523 = CARTESIAN_POINT('',(-1.750390859187E-02,4.2505,5.758914060269));
#5524 = B_SPLINE_CURVE_WITH_KNOTS('',1,(#5525,#5526),.UNSPECIFIED.,.F.,
  .F.,(2,2),(-0.,1.E-03),.PIECEWISE_BEZIER_KNOTS.);
#5525 = CARTESIAN_POINT('',(-1.750390859187E-02,4.2505,5.758914060269));
#5526 = CARTESIAN_POINT('',(-1.750390859187E-02,4.2495,5.758914060269));
#5527 = ORIENTED_EDGE('',*,*,#5528,.F.);
#5528 = EDGE_CURVE('',#5494,#5522,#5529,.T.);
#5529 = B_SPLINE_CURVE_WITH_KNOTS('',1,(#5530,#5531),.UNSPECIFIED.,.F.,
  .F.,(2,2),(-8.099714168166E-02,0.),.PIECEWISE_BEZIER_KNOTS.);
#5530 = CARTESIAN_POINT('',(-9.849901321046E-02,4.2505,5.758339614081));
#5531 = CARTESIAN_POINT('',(-1.750390859187E-02,4.2505,5.758914060269));
#5532 = ORIENTED_EDGE('',*,*,#5493,.T.);
#5533 = B_SPLINE_SURFACE_WITH_KNOTS('',1,1,(
    (#5534,#5535)
    ,(#5536,#5537
    )),.UNSPECIFIED.,.F.,.F.,.F.,(2,2),(2,2),(0.,8.099714168166E-02),(
    -1.E-03,2.232875029274E-33),.PIECEWISE_BEZIER_KNOTS.);
#5534 = CARTESIAN_POINT('',(-1.750390859187E-02,4.2495,5.758914060269));
#5535 = CARTESIAN_POINT('',(-1.750390859187E-02,4.2505,5.758914060269));
#5536 = CARTESIAN_POINT('',(-9.849901321046E-02,4.2495,5.758339614081));
#5537 = CARTESIAN_POINT('',(-9.849901321046E-02,4.2505,5.758339614081));
#5538 = ADVANCED_FACE('',(#5539),#5555,.F.);
#5539 = FACE_BOUND('',#5540,.T.);
#5540 = EDGE_LOOP('',(#5541,#5542,#5549,#5554));
#5541 = ORIENTED_EDGE('',*,*,#3073,.T.);
#5542 = ORIENTED_EDGE('',*,*,#5543,.F.);
#5543 = EDGE_CURVE('',#5544,#3067,#5546,.T.);
#5544 = VERTEX_POINT('',#5545);
#5545 = CARTESIAN_POINT('',(-1.878184857019E-02,4.2505,5.93909957542));
#5546 = B_SPLINE_CURVE_WITH_KNOTS('',1,(#5547,#5548),.UNSPECIFIED.,.F.,
  .F.,(2,2),(-0.,1.E-03),.PIECEWISE_BEZIER_KNOTS.);
#5547 = CARTESIAN_POINT('',(-1.878184857019E-02,4.2505,5.93909957542));
#5548 = CARTESIAN_POINT('',(-1.878184857019E-02,4.2495,5.93909957542));
#5549 = ORIENTED_EDGE('',*,*,#5550,.F.);
#5550 = EDGE_CURVE('',#5522,#5544,#5551,.T.);
#5551 = B_SPLINE_CURVE_WITH_KNOTS('',1,(#5552,#5553),.UNSPECIFIED.,.F.,
  .F.,(2,2),(-0.180190046898,0.),.PIECEWISE_BEZIER_KNOTS.);
#5552 = CARTESIAN_POINT('',(-1.750390859187E-02,4.2505,5.758914060269));
#5553 = CARTESIAN_POINT('',(-1.878184857019E-02,4.2505,5.93909957542));
#5554 = ORIENTED_EDGE('',*,*,#5521,.T.);
#5555 = B_SPLINE_SURFACE_WITH_KNOTS('',1,1,(
    (#5556,#5557)
    ,(#5558,#5559
    )),.UNSPECIFIED.,.F.,.F.,.F.,(2,2),(2,2),(-2.476220891929E-20,
    0.180190046898),(-1.E-03,3.851859888774E-33),
  .PIECEWISE_BEZIER_KNOTS.);
#5556 = CARTESIAN_POINT('',(-1.878184857019E-02,4.2495,5.93909957542));
#5557 = CARTESIAN_POINT('',(-1.878184857019E-02,4.2505,5.93909957542));
#5558 = CARTESIAN_POINT('',(-1.750390859187E-02,4.2495,5.758914060269));
#5559 = CARTESIAN_POINT('',(-1.750390859187E-02,4.2505,5.758914060269));
#5560 = ADVANCED_FACE('',(#5561),#5577,.F.);
#5561 = FACE_BOUND('',#5562,.T.);
#5562 = EDGE_LOOP('',(#5563,#5564,#5571,#5576));
#5563 = ORIENTED_EDGE('',*,*,#3066,.T.);
#5564 = ORIENTED_EDGE('',*,*,#5565,.F.);
#5565 = EDGE_CURVE('',#5566,#3060,#5568,.T.);
#5566 = VERTEX_POINT('',#5567);
#5567 = CARTESIAN_POINT('',(7.471378536313E-03,4.2505,5.939285772676));
#5568 = B_SPLINE_CURVE_WITH_KNOTS('',1,(#5569,#5570),.UNSPECIFIED.,.F.,
  .F.,(2,2),(-0.,1.E-03),.PIECEWISE_BEZIER_KNOTS.);
#5569 = CARTESIAN_POINT('',(7.471378536313E-03,4.2505,5.939285772676));
#5570 = CARTESIAN_POINT('',(7.471378536313E-03,4.2495,5.939285772676));
#5571 = ORIENTED_EDGE('',*,*,#5572,.F.);
#5572 = EDGE_CURVE('',#5544,#5566,#5573,.T.);
#5573 = B_SPLINE_CURVE_WITH_KNOTS('',1,(#5574,#5575),.UNSPECIFIED.,.F.,
  .F.,(2,2),(-2.625388738689E-02,0.),.PIECEWISE_BEZIER_KNOTS.);
#5574 = CARTESIAN_POINT('',(-1.878184857019E-02,4.2505,5.93909957542));
#5575 = CARTESIAN_POINT('',(7.471378536313E-03,4.2505,5.939285772676));
#5576 = ORIENTED_EDGE('',*,*,#5543,.T.);
#5577 = B_SPLINE_SURFACE_WITH_KNOTS('',1,1,(
    (#5578,#5579)
    ,(#5580,#5581
    )),.UNSPECIFIED.,.F.,.F.,.F.,(2,2),(2,2),(0.,2.625388738689E-02),(
    -1.E-03,8.881784197001E-16),.PIECEWISE_BEZIER_KNOTS.);
#5578 = CARTESIAN_POINT('',(7.471378536313E-03,4.2495,5.939285772676));
#5579 = CARTESIAN_POINT('',(7.471378536313E-03,4.2505,5.939285772676));
#5580 = CARTESIAN_POINT('',(-1.878184857019E-02,4.2495,5.93909957542));
#5581 = CARTESIAN_POINT('',(-1.878184857019E-02,4.2505,5.93909957542));
#5582 = ADVANCED_FACE('',(#5583),#5599,.F.);
#5583 = FACE_BOUND('',#5584,.T.);
#5584 = EDGE_LOOP('',(#5585,#5586,#5593,#5598));
#5585 = ORIENTED_EDGE('',*,*,#3059,.T.);
#5586 = ORIENTED_EDGE('',*,*,#5587,.F.);
#5587 = EDGE_CURVE('',#5588,#3053,#5590,.T.);
#5588 = VERTEX_POINT('',#5589);
#5589 = CARTESIAN_POINT('',(8.913762031746E-03,4.2505,5.73591423913));
#5590 = B_SPLINE_CURVE_WITH_KNOTS('',1,(#5591,#5592),.UNSPECIFIED.,.F.,
  .F.,(2,2),(-0.,9.999999999994E-04),.PIECEWISE_BEZIER_KNOTS.);
#5591 = CARTESIAN_POINT('',(8.913762031746E-03,4.2505,5.73591423913));
#5592 = CARTESIAN_POINT('',(8.913762031746E-03,4.2495,5.73591423913));
#5593 = ORIENTED_EDGE('',*,*,#5594,.F.);
#5594 = EDGE_CURVE('',#5566,#5588,#5595,.T.);
#5595 = B_SPLINE_CURVE_WITH_KNOTS('',1,(#5596,#5597),.UNSPECIFIED.,.F.,
  .F.,(2,2),(-0.203376648431,0.),.PIECEWISE_BEZIER_KNOTS.);
#5596 = CARTESIAN_POINT('',(7.471378536313E-03,4.2505,5.939285772676));
#5597 = CARTESIAN_POINT('',(8.913762031746E-03,4.2505,5.73591423913));
#5598 = ORIENTED_EDGE('',*,*,#5565,.T.);
#5599 = B_SPLINE_SURFACE_WITH_KNOTS('',1,1,(
    (#5600,#5601)
    ,(#5602,#5603
    )),.UNSPECIFIED.,.F.,.F.,.F.,(2,2),(2,2),(0.,0.203376648431),(
    -1.E-03,0.),.PIECEWISE_BEZIER_KNOTS.);
#5600 = CARTESIAN_POINT('',(8.913762031746E-03,4.2495,5.73591423913));
#5601 = CARTESIAN_POINT('',(8.913762031746E-03,4.2505,5.73591423913));
#5602 = CARTESIAN_POINT('',(7.471378536313E-03,4.2495,5.939285772676));
#5603 = CARTESIAN_POINT('',(7.471378536313E-03,4.2505,5.939285772676));
#5604 = ADVANCED_FACE('',(#5605),#5615,.F.);
#5605 = FACE_BOUND('',#5606,.T.);
#5606 = EDGE_LOOP('',(#5607,#5608,#5609,#5614));
#5607 = ORIENTED_EDGE('',*,*,#3052,.T.);
#5608 = ORIENTED_EDGE('',*,*,#5507,.F.);
#5609 = ORIENTED_EDGE('',*,*,#5610,.F.);
#5610 = EDGE_CURVE('',#5588,#5501,#5611,.T.);
#5611 = B_SPLINE_CURVE_WITH_KNOTS('',1,(#5612,#5613),.UNSPECIFIED.,.F.,
  .F.,(2,2),(-0.107251029069,0.),.PIECEWISE_BEZIER_KNOTS.);
#5612 = CARTESIAN_POINT('',(8.913762031746E-03,4.2505,5.73591423913));
#5613 = CARTESIAN_POINT('',(-9.833456969335E-02,4.2505,5.735153595686));
#5614 = ORIENTED_EDGE('',*,*,#5587,.T.);
#5615 = B_SPLINE_SURFACE_WITH_KNOTS('',1,1,(
    (#5616,#5617)
    ,(#5618,#5619
    )),.UNSPECIFIED.,.F.,.F.,.F.,(2,2),(2,2),(-6.938719392014E-18,
    0.107251029069),(-1.000000000001E-03,0.),.PIECEWISE_BEZIER_KNOTS.);
#5616 = CARTESIAN_POINT('',(-9.833456969335E-02,4.2495,5.735153595686));
#5617 = CARTESIAN_POINT('',(-9.833456969335E-02,4.2505,5.735153595686));
#5618 = CARTESIAN_POINT('',(8.913762031746E-03,4.2495,5.73591423913));
#5619 = CARTESIAN_POINT('',(8.913762031746E-03,4.2505,5.73591423913));
#5620 = ADVANCED_FACE('',(#5621),#5629,.F.);
#5621 = FACE_BOUND('',#5622,.T.);
#5622 = EDGE_LOOP('',(#5623,#5624,#5625,#5626,#5627,#5628));
#5623 = ORIENTED_EDGE('',*,*,#5500,.T.);
#5624 = ORIENTED_EDGE('',*,*,#5528,.T.);
#5625 = ORIENTED_EDGE('',*,*,#5550,.T.);
#5626 = ORIENTED_EDGE('',*,*,#5572,.T.);
#5627 = ORIENTED_EDGE('',*,*,#5594,.T.);
#5628 = ORIENTED_EDGE('',*,*,#5610,.T.);
#5629 = B_SPLINE_SURFACE_WITH_KNOTS('',1,1,(
    (#5630,#5631)
    ,(#5632,#5633
    )),.UNSPECIFIED.,.F.,.F.,.F.,(2,2),(2,2),(-4.84990132105E-02,
    5.891376203171E-02),(-2.264846504314,-2.060714327324),
  .PIECEWISE_BEZIER_KNOTS.);
#5630 = CARTESIAN_POINT('',(-9.849901321046E-02,4.2505,5.735153595686));
#5631 = CARTESIAN_POINT('',(-9.849901321046E-02,4.2505,5.939285772676));
#5632 = CARTESIAN_POINT('',(8.913762031746E-03,4.2505,5.735153595686));
#5633 = CARTESIAN_POINT('',(8.913762031746E-03,4.2505,5.939285772676));
#5634 = ADVANCED_FACE('',(#5635),#5659,.F.);
#5635 = FACE_BOUND('',#5636,.F.);
#5636 = EDGE_LOOP('',(#5637,#5644,#5653,#5658));
#5637 = ORIENTED_EDGE('',*,*,#5638,.F.);
#5638 = EDGE_CURVE('',#5639,#3090,#5641,.T.);
#5639 = VERTEX_POINT('',#5640);
#5640 = CARTESIAN_POINT('',(-0.202595331192,4.2505,5.730982853737));
#5641 = B_SPLINE_CURVE_WITH_KNOTS('',1,(#5642,#5643),.UNSPECIFIED.,.F.,
  .F.,(2,2),(-0.,1.E-03),.PIECEWISE_BEZIER_KNOTS.);
#5642 = CARTESIAN_POINT('',(-0.202595331192,4.2505,5.730982853737));
#5643 = CARTESIAN_POINT('',(-0.202595331192,4.2495,5.730982853737));
#5644 = ORIENTED_EDGE('',*,*,#5645,.T.);
#5645 = EDGE_CURVE('',#5639,#5646,#5648,.T.);
#5646 = VERTEX_POINT('',#5647);
#5647 = CARTESIAN_POINT('',(-0.258980871649,4.2505,5.742436485721));
#5648 = B_SPLINE_CURVE_WITH_KNOTS('',3,(#5649,#5650,#5651,#5652),
  .UNSPECIFIED.,.F.,.F.,(4,4),(0.,1.),.PIECEWISE_BEZIER_KNOTS.);
#5649 = CARTESIAN_POINT('',(-0.202595331192,4.2505,5.730982853737));
#5650 = CARTESIAN_POINT('',(-0.225157510527,4.2505,5.730822834709));
#5651 = CARTESIAN_POINT('',(-0.24395269068,4.2505,5.734640712036));
#5652 = CARTESIAN_POINT('',(-0.258980871649,4.2505,5.742436485721));
#5653 = ORIENTED_EDGE('',*,*,#5654,.T.);
#5654 = EDGE_CURVE('',#5646,#3081,#5655,.T.);
#5655 = B_SPLINE_CURVE_WITH_KNOTS('',1,(#5656,#5657),.UNSPECIFIED.,.F.,
  .F.,(2,2),(-0.,1.E-03),.PIECEWISE_BEZIER_KNOTS.);
#5656 = CARTESIAN_POINT('',(-0.258980871649,4.2505,5.742436485721));
#5657 = CARTESIAN_POINT('',(-0.258980871649,4.2495,5.742436485721));
#5658 = ORIENTED_EDGE('',*,*,#3089,.F.);
#5659 = B_SPLINE_SURFACE_WITH_KNOTS('',3,1,(
    (#5660,#5661)
    ,(#5662,#5663)
    ,(#5664,#5665)
    ,(#5666,#5667
    )),.UNSPECIFIED.,.F.,.F.,.F.,(4,4),(2,2),(0.,1.),(0.,1.),
  .PIECEWISE_BEZIER_KNOTS.);
#5660 = CARTESIAN_POINT('',(-0.202595331192,4.2505,5.730982853737));
#5661 = CARTESIAN_POINT('',(-0.202595331192,4.2495,5.730982853737));
#5662 = CARTESIAN_POINT('',(-0.225157510527,4.2505,5.730822834709));
#5663 = CARTESIAN_POINT('',(-0.225157510527,4.2495,5.730822834709));
#5664 = CARTESIAN_POINT('',(-0.24395269068,4.2505,5.734640712036));
#5665 = CARTESIAN_POINT('',(-0.24395269068,4.2495,5.734640712036));
#5666 = CARTESIAN_POINT('',(-0.258980871649,4.2505,5.742436485721));
#5667 = CARTESIAN_POINT('',(-0.258980871649,4.2495,5.742436485721));
#5668 = ADVANCED_FACE('',(#5669),#5685,.F.);
#5669 = FACE_BOUND('',#5670,.T.);
#5670 = EDGE_LOOP('',(#5671,#5672,#5679,#5684));
#5671 = ORIENTED_EDGE('',*,*,#3080,.T.);
#5672 = ORIENTED_EDGE('',*,*,#5673,.F.);
#5673 = EDGE_CURVE('',#5674,#3083,#5676,.T.);
#5674 = VERTEX_POINT('',#5675);
#5675 = CARTESIAN_POINT('',(-0.259159326049,4.2505,5.767597994473));
#5676 = B_SPLINE_CURVE_WITH_KNOTS('',1,(#5677,#5678),.UNSPECIFIED.,.F.,
  .F.,(2,2),(-0.,1.E-03),.PIECEWISE_BEZIER_KNOTS.);
#5677 = CARTESIAN_POINT('',(-0.259159326049,4.2505,5.767597994473));
#5678 = CARTESIAN_POINT('',(-0.259159326049,4.2495,5.767597994473));
#5679 = ORIENTED_EDGE('',*,*,#5680,.F.);
#5680 = EDGE_CURVE('',#5646,#5674,#5681,.T.);
#5681 = B_SPLINE_CURVE_WITH_KNOTS('',1,(#5682,#5683),.UNSPECIFIED.,.F.,
  .F.,(2,2),(-2.516214157531E-02,0.),.PIECEWISE_BEZIER_KNOTS.);
#5682 = CARTESIAN_POINT('',(-0.258980871649,4.2505,5.742436485721));
#5683 = CARTESIAN_POINT('',(-0.259159326049,4.2505,5.767597994473));
#5684 = ORIENTED_EDGE('',*,*,#5654,.T.);
#5685 = B_SPLINE_SURFACE_WITH_KNOTS('',1,1,(
    (#5686,#5687)
    ,(#5688,#5689
    )),.UNSPECIFIED.,.F.,.F.,.F.,(2,2),(2,2),(-2.476220891929E-20,
    2.516214157531E-02),(-1.E-03,3.553340747394E-32),
  .PIECEWISE_BEZIER_KNOTS.);
#5686 = CARTESIAN_POINT('',(-0.259159326049,4.2495,5.767597994473));
#5687 = CARTESIAN_POINT('',(-0.259159326049,4.2505,5.767597994473));
#5688 = CARTESIAN_POINT('',(-0.258980871649,4.2495,5.742436485721));
#5689 = CARTESIAN_POINT('',(-0.258980871649,4.2505,5.742436485721));
#5690 = ADVANCED_FACE('',(#5691),#5709,.F.);
#5691 = FACE_BOUND('',#5692,.F.);
#5692 = EDGE_LOOP('',(#5693,#5694,#5703,#5708));
#5693 = ORIENTED_EDGE('',*,*,#5673,.F.);
#5694 = ORIENTED_EDGE('',*,*,#5695,.T.);
#5695 = EDGE_CURVE('',#5674,#5696,#5698,.T.);
#5696 = VERTEX_POINT('',#5697);
#5697 = CARTESIAN_POINT('',(-0.206556270487,4.2505,5.754349902842));
#5698 = B_SPLINE_CURVE_WITH_KNOTS('',3,(#5699,#5700,#5701,#5702),
  .UNSPECIFIED.,.F.,.F.,(4,4),(12.,13.),.PIECEWISE_BEZIER_KNOTS.);
#5699 = CARTESIAN_POINT('',(-0.259159326049,4.2505,5.767597994473));
#5700 = CARTESIAN_POINT('',(-0.244227006692,4.2505,5.75865777843));
#5701 = CARTESIAN_POINT('',(-0.22667508017,4.2505,5.754207213063));
#5702 = CARTESIAN_POINT('',(-0.206556270487,4.2505,5.754349902842));
#5703 = ORIENTED_EDGE('',*,*,#5704,.T.);
#5704 = EDGE_CURVE('',#5696,#3187,#5705,.T.);
#5705 = B_SPLINE_CURVE_WITH_KNOTS('',1,(#5706,#5707),.UNSPECIFIED.,.F.,
  .F.,(2,2),(-0.,1.E-03),.PIECEWISE_BEZIER_KNOTS.);
#5706 = CARTESIAN_POINT('',(-0.206556270487,4.2505,5.754349902842));
#5707 = CARTESIAN_POINT('',(-0.206556270487,4.2495,5.754349902842));
#5708 = ORIENTED_EDGE('',*,*,#3195,.F.);
#5709 = B_SPLINE_SURFACE_WITH_KNOTS('',3,1,(
    (#5710,#5711)
    ,(#5712,#5713)
    ,(#5714,#5715)
    ,(#5716,#5717
    )),.UNSPECIFIED.,.F.,.F.,.F.,(4,4),(2,2),(12.,13.),(0.,1.),
  .PIECEWISE_BEZIER_KNOTS.);
#5710 = CARTESIAN_POINT('',(-0.259159326049,4.2505,5.767597994473));
#5711 = CARTESIAN_POINT('',(-0.259159326049,4.2495,5.767597994473));
#5712 = CARTESIAN_POINT('',(-0.244227006692,4.2505,5.75865777843));
#5713 = CARTESIAN_POINT('',(-0.244227006692,4.2495,5.75865777843));
#5714 = CARTESIAN_POINT('',(-0.22667508017,4.2505,5.754207213063));
#5715 = CARTESIAN_POINT('',(-0.22667508017,4.2495,5.754207213063));
#5716 = CARTESIAN_POINT('',(-0.206556270487,4.2505,5.754349902842));
#5717 = CARTESIAN_POINT('',(-0.206556270487,4.2495,5.754349902842));
#5718 = ADVANCED_FACE('',(#5719),#5737,.F.);
#5719 = FACE_BOUND('',#5720,.F.);
#5720 = EDGE_LOOP('',(#5721,#5722,#5731,#5736));
#5721 = ORIENTED_EDGE('',*,*,#5704,.F.);
#5722 = ORIENTED_EDGE('',*,*,#5723,.T.);
#5723 = EDGE_CURVE('',#5696,#5724,#5726,.T.);
#5724 = VERTEX_POINT('',#5725);
#5725 = CARTESIAN_POINT('',(-0.154461656679,4.2505,5.776138928209));
#5726 = B_SPLINE_CURVE_WITH_KNOTS('',3,(#5727,#5728,#5729,#5730),
  .UNSPECIFIED.,.F.,.F.,(4,4),(11.,12.),.PIECEWISE_BEZIER_KNOTS.);
#5727 = CARTESIAN_POINT('',(-0.206556270487,4.2505,5.754349902842));
#5728 = CARTESIAN_POINT('',(-0.185033822918,4.2505,5.754502547721));
#5729 = CARTESIAN_POINT('',(-0.167669197454,4.2505,5.761800213902));
#5730 = CARTESIAN_POINT('',(-0.154461656679,4.2505,5.776138928209));
#5731 = ORIENTED_EDGE('',*,*,#5732,.T.);
#5732 = EDGE_CURVE('',#5724,#3178,#5733,.T.);
#5733 = B_SPLINE_CURVE_WITH_KNOTS('',1,(#5734,#5735),.UNSPECIFIED.,.F.,
  .F.,(2,2),(-0.,1.E-03),.PIECEWISE_BEZIER_KNOTS.);
#5734 = CARTESIAN_POINT('',(-0.154461656679,4.2505,5.776138928209));
#5735 = CARTESIAN_POINT('',(-0.154461656679,4.2495,5.776138928209));
#5736 = ORIENTED_EDGE('',*,*,#3186,.F.);
#5737 = B_SPLINE_SURFACE_WITH_KNOTS('',3,1,(
    (#5738,#5739)
    ,(#5740,#5741)
    ,(#5742,#5743)
    ,(#5744,#5745
    )),.UNSPECIFIED.,.F.,.F.,.F.,(4,4),(2,2),(11.,12.),(0.,1.),
  .PIECEWISE_BEZIER_KNOTS.);
#5738 = CARTESIAN_POINT('',(-0.206556270487,4.2505,5.754349902842));
#5739 = CARTESIAN_POINT('',(-0.206556270487,4.2495,5.754349902842));
#5740 = CARTESIAN_POINT('',(-0.185033822918,4.2505,5.754502547721));
#5741 = CARTESIAN_POINT('',(-0.185033822918,4.2495,5.754502547721));
#5742 = CARTESIAN_POINT('',(-0.167669197454,4.2505,5.761800213902));
#5743 = CARTESIAN_POINT('',(-0.167669197454,4.2495,5.761800213902));
#5744 = CARTESIAN_POINT('',(-0.154461656679,4.2505,5.776138928209));
#5745 = CARTESIAN_POINT('',(-0.154461656679,4.2495,5.776138928209));
#5746 = ADVANCED_FACE('',(#5747),#5765,.F.);
#5747 = FACE_BOUND('',#5748,.F.);
#5748 = EDGE_LOOP('',(#5749,#5750,#5759,#5764));
#5749 = ORIENTED_EDGE('',*,*,#5732,.F.);
#5750 = ORIENTED_EDGE('',*,*,#5751,.T.);
#5751 = EDGE_CURVE('',#5724,#5752,#5754,.T.);
#5752 = VERTEX_POINT('',#5753);
#5753 = CARTESIAN_POINT('',(-0.134910284261,4.2505,5.834297544441));
#5754 = B_SPLINE_CURVE_WITH_KNOTS('',3,(#5755,#5756,#5757,#5758),
  .UNSPECIFIED.,.F.,.F.,(4,4),(10.,11.),.PIECEWISE_BEZIER_KNOTS.);
#5755 = CARTESIAN_POINT('',(-0.154461656679,4.2505,5.776138928209));
#5756 = CARTESIAN_POINT('',(-0.14125485332,4.2505,5.790581615692));
#5757 = CARTESIAN_POINT('',(-0.134737729181,4.2505,5.809967821103));
#5758 = CARTESIAN_POINT('',(-0.134910284261,4.2505,5.834297544441));
#5759 = ORIENTED_EDGE('',*,*,#5760,.T.);
#5760 = EDGE_CURVE('',#5752,#3169,#5761,.T.);
#5761 = B_SPLINE_CURVE_WITH_KNOTS('',1,(#5762,#5763),.UNSPECIFIED.,.F.,
  .F.,(2,2),(-0.,1.E-03),.PIECEWISE_BEZIER_KNOTS.);
#5762 = CARTESIAN_POINT('',(-0.134910284261,4.2505,5.834297544441));
#5763 = CARTESIAN_POINT('',(-0.134910284261,4.2495,5.834297544441));
#5764 = ORIENTED_EDGE('',*,*,#3177,.F.);
#5765 = B_SPLINE_SURFACE_WITH_KNOTS('',3,1,(
    (#5766,#5767)
    ,(#5768,#5769)
    ,(#5770,#5771)
    ,(#5772,#5773
    )),.UNSPECIFIED.,.F.,.F.,.F.,(4,4),(2,2),(10.,11.),(0.,1.),
  .PIECEWISE_BEZIER_KNOTS.);
#5766 = CARTESIAN_POINT('',(-0.154461656679,4.2505,5.776138928209));
#5767 = CARTESIAN_POINT('',(-0.154461656679,4.2495,5.776138928209));
#5768 = CARTESIAN_POINT('',(-0.14125485332,4.2505,5.790581615692));
#5769 = CARTESIAN_POINT('',(-0.14125485332,4.2495,5.790581615692));
#5770 = CARTESIAN_POINT('',(-0.134737729181,4.2505,5.809967821103));
#5771 = CARTESIAN_POINT('',(-0.134737729181,4.2495,5.809967821103));
#5772 = CARTESIAN_POINT('',(-0.134910284261,4.2505,5.834297544441));
#5773 = CARTESIAN_POINT('',(-0.134910284261,4.2495,5.834297544441));
#5774 = ADVANCED_FACE('',(#5775),#5793,.F.);
#5775 = FACE_BOUND('',#5776,.F.);
#5776 = EDGE_LOOP('',(#5777,#5778,#5787,#5792));
#5777 = ORIENTED_EDGE('',*,*,#5760,.F.);
#5778 = ORIENTED_EDGE('',*,*,#5779,.T.);
#5779 = EDGE_CURVE('',#5752,#5780,#5782,.T.);
#5780 = VERTEX_POINT('',#5781);
#5781 = CARTESIAN_POINT('',(-0.156710372011,4.2505,5.89528223356));
#5782 = B_SPLINE_CURVE_WITH_KNOTS('',3,(#5783,#5784,#5785,#5786),
  .UNSPECIFIED.,.F.,.F.,(4,4),(9.,10.),.PIECEWISE_BEZIER_KNOTS.);
#5783 = CARTESIAN_POINT('',(-0.134910284261,4.2505,5.834297544441));
#5784 = CARTESIAN_POINT('',(-0.135091688321,4.2505,5.8598749459));
#5785 = CARTESIAN_POINT('',(-0.142358384237,4.2505,5.880203175605));
#5786 = CARTESIAN_POINT('',(-0.156710372011,4.2505,5.89528223356));
#5787 = ORIENTED_EDGE('',*,*,#5788,.T.);
#5788 = EDGE_CURVE('',#5780,#3160,#5789,.T.);
#5789 = B_SPLINE_CURVE_WITH_KNOTS('',1,(#5790,#5791),.UNSPECIFIED.,.F.,
  .F.,(2,2),(-0.,1.E-03),.PIECEWISE_BEZIER_KNOTS.);
#5790 = CARTESIAN_POINT('',(-0.156710372011,4.2505,5.89528223356));
#5791 = CARTESIAN_POINT('',(-0.156710372011,4.2495,5.89528223356));
#5792 = ORIENTED_EDGE('',*,*,#3168,.F.);
#5793 = B_SPLINE_SURFACE_WITH_KNOTS('',3,1,(
    (#5794,#5795)
    ,(#5796,#5797)
    ,(#5798,#5799)
    ,(#5800,#5801
    )),.UNSPECIFIED.,.F.,.F.,.F.,(4,4),(2,2),(9.,10.),(0.,1.),
  .PIECEWISE_BEZIER_KNOTS.);
#5794 = CARTESIAN_POINT('',(-0.134910284261,4.2505,5.834297544441));
#5795 = CARTESIAN_POINT('',(-0.134910284261,4.2495,5.834297544441));
#5796 = CARTESIAN_POINT('',(-0.135091688321,4.2505,5.8598749459));
#5797 = CARTESIAN_POINT('',(-0.135091688321,4.2495,5.8598749459));
#5798 = CARTESIAN_POINT('',(-0.142358384237,4.2505,5.880203175605));
#5799 = CARTESIAN_POINT('',(-0.142358384237,4.2495,5.880203175605));
#5800 = CARTESIAN_POINT('',(-0.156710372011,4.2505,5.89528223356));
#5801 = CARTESIAN_POINT('',(-0.156710372011,4.2495,5.89528223356));
#5802 = ADVANCED_FACE('',(#5803),#5821,.F.);
#5803 = FACE_BOUND('',#5804,.F.);
#5804 = EDGE_LOOP('',(#5805,#5806,#5815,#5820));
#5805 = ORIENTED_EDGE('',*,*,#5788,.F.);
#5806 = ORIENTED_EDGE('',*,*,#5807,.T.);
#5807 = EDGE_CURVE('',#5780,#5808,#5810,.T.);
#5808 = VERTEX_POINT('',#5809);
#5809 = CARTESIAN_POINT('',(-0.212288094199,4.2505,5.917451370766));
#5810 = B_SPLINE_CURVE_WITH_KNOTS('',3,(#5811,#5812,#5813,#5814),
  .UNSPECIFIED.,.F.,.F.,(4,4),(8.,9.),.PIECEWISE_BEZIER_KNOTS.);
#5811 = CARTESIAN_POINT('',(-0.156710372011,4.2505,5.89528223356));
#5812 = CARTESIAN_POINT('',(-0.171113608959,4.2505,5.91025694963));
#5813 = CARTESIAN_POINT('',(-0.189621941687,4.2505,5.917612127209));
#5814 = CARTESIAN_POINT('',(-0.212288094199,4.2505,5.917451370766));
#5815 = ORIENTED_EDGE('',*,*,#5816,.T.);
#5816 = EDGE_CURVE('',#5808,#3151,#5817,.T.);
#5817 = B_SPLINE_CURVE_WITH_KNOTS('',1,(#5818,#5819),.UNSPECIFIED.,.F.,
  .F.,(2,2),(-0.,1.E-03),.PIECEWISE_BEZIER_KNOTS.);
#5818 = CARTESIAN_POINT('',(-0.212288094199,4.2505,5.917451370766));
#5819 = CARTESIAN_POINT('',(-0.212288094199,4.2495,5.917451370766));
#5820 = ORIENTED_EDGE('',*,*,#3159,.F.);
#5821 = B_SPLINE_SURFACE_WITH_KNOTS('',3,1,(
    (#5822,#5823)
    ,(#5824,#5825)
    ,(#5826,#5827)
    ,(#5828,#5829
    )),.UNSPECIFIED.,.F.,.F.,.F.,(4,4),(2,2),(8.,9.),(0.,1.),
  .PIECEWISE_BEZIER_KNOTS.);
#5822 = CARTESIAN_POINT('',(-0.156710372011,4.2505,5.89528223356));
#5823 = CARTESIAN_POINT('',(-0.156710372011,4.2495,5.89528223356));
#5824 = CARTESIAN_POINT('',(-0.171113608959,4.2505,5.91025694963));
#5825 = CARTESIAN_POINT('',(-0.171113608959,4.2495,5.91025694963));
#5826 = CARTESIAN_POINT('',(-0.189621941687,4.2505,5.917612127209));
#5827 = CARTESIAN_POINT('',(-0.189621941687,4.2495,5.917612127209));
#5828 = CARTESIAN_POINT('',(-0.212288094199,4.2505,5.917451370766));
#5829 = CARTESIAN_POINT('',(-0.212288094199,4.2495,5.917451370766));
#5830 = ADVANCED_FACE('',(#5831),#5849,.F.);
#5831 = FACE_BOUND('',#5832,.F.);
#5832 = EDGE_LOOP('',(#5833,#5834,#5843,#5848));
#5833 = ORIENTED_EDGE('',*,*,#5816,.F.);
#5834 = ORIENTED_EDGE('',*,*,#5835,.T.);
#5835 = EDGE_CURVE('',#5808,#5836,#5838,.T.);
#5836 = VERTEX_POINT('',#5837);
#5837 = CARTESIAN_POINT('',(-0.260134188514,4.2505,5.905050534018));
#5838 = B_SPLINE_CURVE_WITH_KNOTS('',3,(#5839,#5840,#5841,#5842),
  .UNSPECIFIED.,.F.,.F.,(4,4),(7.,8.),.PIECEWISE_BEZIER_KNOTS.);
#5839 = CARTESIAN_POINT('',(-0.212288094199,4.2505,5.917451370766));
#5840 = CARTESIAN_POINT('',(-0.229703601289,4.2505,5.917327853775));
#5841 = CARTESIAN_POINT('',(-0.245635462142,4.2505,5.913263679879));
#5842 = CARTESIAN_POINT('',(-0.260134188514,4.2505,5.905050534018));
#5843 = ORIENTED_EDGE('',*,*,#5844,.T.);
#5844 = EDGE_CURVE('',#5836,#3144,#5845,.T.);
#5845 = B_SPLINE_CURVE_WITH_KNOTS('',1,(#5846,#5847),.UNSPECIFIED.,.F.,
  .F.,(2,2),(-0.,1.E-03),.PIECEWISE_BEZIER_KNOTS.);
#5846 = CARTESIAN_POINT('',(-0.260134188514,4.2505,5.905050534018));
#5847 = CARTESIAN_POINT('',(-0.260134188514,4.2495,5.905050534018));
#5848 = ORIENTED_EDGE('',*,*,#3150,.F.);
#5849 = B_SPLINE_SURFACE_WITH_KNOTS('',3,1,(
    (#5850,#5851)
    ,(#5852,#5853)
    ,(#5854,#5855)
    ,(#5856,#5857
    )),.UNSPECIFIED.,.F.,.F.,.F.,(4,4),(2,2),(7.,8.),(0.,1.),
  .PIECEWISE_BEZIER_KNOTS.);
#5850 = CARTESIAN_POINT('',(-0.212288094199,4.2505,5.917451370766));
#5851 = CARTESIAN_POINT('',(-0.212288094199,4.2495,5.917451370766));
#5852 = CARTESIAN_POINT('',(-0.229703601289,4.2505,5.917327853775));
#5853 = CARTESIAN_POINT('',(-0.229703601289,4.2495,5.917327853775));
#5854 = CARTESIAN_POINT('',(-0.245635462142,4.2505,5.913263679879));
#5855 = CARTESIAN_POINT('',(-0.245635462142,4.2495,5.913263679879));
#5856 = CARTESIAN_POINT('',(-0.260134188514,4.2505,5.905050534018));
#5857 = CARTESIAN_POINT('',(-0.260134188514,4.2495,5.905050534018));
#5858 = ADVANCED_FACE('',(#5859),#5875,.F.);
#5859 = FACE_BOUND('',#5860,.T.);
#5860 = EDGE_LOOP('',(#5861,#5862,#5869,#5874));
#5861 = ORIENTED_EDGE('',*,*,#3143,.T.);
#5862 = ORIENTED_EDGE('',*,*,#5863,.F.);
#5863 = EDGE_CURVE('',#5864,#3135,#5866,.T.);
#5864 = VERTEX_POINT('',#5865);
#5865 = CARTESIAN_POINT('',(-0.260328866041,4.2505,5.932499452655));
#5866 = B_SPLINE_CURVE_WITH_KNOTS('',1,(#5867,#5868),.UNSPECIFIED.,.F.,
  .F.,(2,2),(-0.,1.E-03),.PIECEWISE_BEZIER_KNOTS.);
#5867 = CARTESIAN_POINT('',(-0.260328866041,4.2505,5.932499452655));
#5868 = CARTESIAN_POINT('',(-0.260328866041,4.2495,5.932499452655));
#5869 = ORIENTED_EDGE('',*,*,#5870,.F.);
#5870 = EDGE_CURVE('',#5836,#5864,#5871,.T.);
#5871 = B_SPLINE_CURVE_WITH_KNOTS('',1,(#5872,#5873),.UNSPECIFIED.,.F.,
  .F.,(2,2),(-2.744960898998E-02,0.),.PIECEWISE_BEZIER_KNOTS.);
#5872 = CARTESIAN_POINT('',(-0.260134188514,4.2505,5.905050534018));
#5873 = CARTESIAN_POINT('',(-0.260328866041,4.2505,5.932499452655));
#5874 = ORIENTED_EDGE('',*,*,#5844,.T.);
#5875 = B_SPLINE_SURFACE_WITH_KNOTS('',1,1,(
    (#5876,#5877)
    ,(#5878,#5879
    )),.UNSPECIFIED.,.F.,.F.,.F.,(2,2),(2,2),(-2.47622089193E-20,
    2.744960898998E-02),(-1.E-03,8.881784197001E-16),
  .PIECEWISE_BEZIER_KNOTS.);
#5876 = CARTESIAN_POINT('',(-0.260328866041,4.2495,5.932499452655));
#5877 = CARTESIAN_POINT('',(-0.260328866041,4.2505,5.932499452655));
#5878 = CARTESIAN_POINT('',(-0.260134188514,4.2495,5.905050534018));
#5879 = CARTESIAN_POINT('',(-0.260134188514,4.2505,5.905050534018));
#5880 = ADVANCED_FACE('',(#5881),#5899,.F.);
#5881 = FACE_BOUND('',#5882,.F.);
#5882 = EDGE_LOOP('',(#5883,#5884,#5893,#5898));
#5883 = ORIENTED_EDGE('',*,*,#5863,.F.);
#5884 = ORIENTED_EDGE('',*,*,#5885,.T.);
#5885 = EDGE_CURVE('',#5864,#5886,#5888,.T.);
#5886 = VERTEX_POINT('',#5887);
#5887 = CARTESIAN_POINT('',(-0.212196291848,4.2505,5.941159098583));
#5888 = B_SPLINE_CURVE_WITH_KNOTS('',3,(#5889,#5890,#5891,#5892),
  .UNSPECIFIED.,.F.,.F.,(4,4),(5.,6.),.PIECEWISE_BEZIER_KNOTS.);
#5889 = CARTESIAN_POINT('',(-0.260328866041,4.2505,5.932499452655));
#5890 = CARTESIAN_POINT('',(-0.247683221477,4.2505,5.938099995634));
#5891 = CARTESIAN_POINT('',(-0.231639275884,4.2505,5.941021202001));
#5892 = CARTESIAN_POINT('',(-0.212196291848,4.2505,5.941159098583));
#5893 = ORIENTED_EDGE('',*,*,#5894,.T.);
#5894 = EDGE_CURVE('',#5886,#3126,#5895,.T.);
#5895 = B_SPLINE_CURVE_WITH_KNOTS('',1,(#5896,#5897),.UNSPECIFIED.,.F.,
  .F.,(2,2),(-0.,1.E-03),.PIECEWISE_BEZIER_KNOTS.);
#5896 = CARTESIAN_POINT('',(-0.212196291848,4.2505,5.941159098583));
#5897 = CARTESIAN_POINT('',(-0.212196291848,4.2495,5.941159098583));
#5898 = ORIENTED_EDGE('',*,*,#3134,.F.);
#5899 = B_SPLINE_SURFACE_WITH_KNOTS('',3,1,(
    (#5900,#5901)
    ,(#5902,#5903)
    ,(#5904,#5905)
    ,(#5906,#5907
    )),.UNSPECIFIED.,.F.,.F.,.F.,(4,4),(2,2),(5.,6.),(0.,1.),
  .PIECEWISE_BEZIER_KNOTS.);
#5900 = CARTESIAN_POINT('',(-0.260328866041,4.2505,5.932499452655));
#5901 = CARTESIAN_POINT('',(-0.260328866041,4.2495,5.932499452655));
#5902 = CARTESIAN_POINT('',(-0.247683221477,4.2505,5.938099995634));
#5903 = CARTESIAN_POINT('',(-0.247683221477,4.2495,5.938099995634));
#5904 = CARTESIAN_POINT('',(-0.231639275884,4.2505,5.941021202001));
#5905 = CARTESIAN_POINT('',(-0.231639275884,4.2495,5.941021202001));
#5906 = CARTESIAN_POINT('',(-0.212196291848,4.2505,5.941159098583));
#5907 = CARTESIAN_POINT('',(-0.212196291848,4.2495,5.941159098583));
#5908 = ADVANCED_FACE('',(#5909),#5927,.F.);
#5909 = FACE_BOUND('',#5910,.F.);
#5910 = EDGE_LOOP('',(#5911,#5912,#5921,#5926));
#5911 = ORIENTED_EDGE('',*,*,#5894,.F.);
#5912 = ORIENTED_EDGE('',*,*,#5913,.T.);
#5913 = EDGE_CURVE('',#5886,#5914,#5916,.T.);
#5914 = VERTEX_POINT('',#5915);
#5915 = CARTESIAN_POINT('',(-0.137279188934,4.2505,5.911744656292));
#5916 = B_SPLINE_CURVE_WITH_KNOTS('',3,(#5917,#5918,#5919,#5920),
  .UNSPECIFIED.,.F.,.F.,(4,4),(4.,5.),.PIECEWISE_BEZIER_KNOTS.);
#5917 = CARTESIAN_POINT('',(-0.212196291848,4.2505,5.941159098583));
#5918 = CARTESIAN_POINT('',(-0.181992084029,4.2505,5.941373317604));
#5919 = CARTESIAN_POINT('',(-0.157019716391,4.2505,5.931568503507));
#5920 = CARTESIAN_POINT('',(-0.137279188934,4.2505,5.911744656292));
#5921 = ORIENTED_EDGE('',*,*,#5922,.T.);
#5922 = EDGE_CURVE('',#5914,#3117,#5923,.T.);
#5923 = B_SPLINE_CURVE_WITH_KNOTS('',1,(#5924,#5925),.UNSPECIFIED.,.F.,
  .F.,(2,2),(-0.,1.E-03),.PIECEWISE_BEZIER_KNOTS.);
#5924 = CARTESIAN_POINT('',(-0.137279188934,4.2505,5.911744656292));
#5925 = CARTESIAN_POINT('',(-0.137279188934,4.2495,5.911744656292));
#5926 = ORIENTED_EDGE('',*,*,#3125,.F.);
#5927 = B_SPLINE_SURFACE_WITH_KNOTS('',3,1,(
    (#5928,#5929)
    ,(#5930,#5931)
    ,(#5932,#5933)
    ,(#5934,#5935
    )),.UNSPECIFIED.,.F.,.F.,.F.,(4,4),(2,2),(4.,5.),(0.,1.),
  .PIECEWISE_BEZIER_KNOTS.);
#5928 = CARTESIAN_POINT('',(-0.212196291848,4.2505,5.941159098583));
#5929 = CARTESIAN_POINT('',(-0.212196291848,4.2495,5.941159098583));
#5930 = CARTESIAN_POINT('',(-0.181992084029,4.2505,5.941373317604));
#5931 = CARTESIAN_POINT('',(-0.181992084029,4.2495,5.941373317604));
#5932 = CARTESIAN_POINT('',(-0.157019716391,4.2505,5.931568503507));
#5933 = CARTESIAN_POINT('',(-0.157019716391,4.2495,5.931568503507));
#5934 = CARTESIAN_POINT('',(-0.137279188934,4.2505,5.911744656292));
#5935 = CARTESIAN_POINT('',(-0.137279188934,4.2495,5.911744656292));
#5936 = ADVANCED_FACE('',(#5937),#5955,.F.);
#5937 = FACE_BOUND('',#5938,.F.);
#5938 = EDGE_LOOP('',(#5939,#5940,#5949,#5954));
#5939 = ORIENTED_EDGE('',*,*,#5922,.F.);
#5940 = ORIENTED_EDGE('',*,*,#5941,.T.);
#5941 = EDGE_CURVE('',#5914,#5942,#5944,.T.);
#5942 = VERTEX_POINT('',#5943);
#5943 = CARTESIAN_POINT('',(-0.107346331223,4.2505,5.832933361732));
#5944 = B_SPLINE_CURVE_WITH_KNOTS('',3,(#5945,#5946,#5947,#5948),
  .UNSPECIFIED.,.F.,.F.,(4,4),(3.,4.),.PIECEWISE_BEZIER_KNOTS.);
#5945 = CARTESIAN_POINT('',(-0.137279188934,4.2505,5.911744656292));
#5946 = CARTESIAN_POINT('',(-0.117538661478,4.2505,5.891920809078));
#5947 = CARTESIAN_POINT('',(-0.107578616909,4.2505,5.86568491238));
#5948 = CARTESIAN_POINT('',(-0.107346331223,4.2505,5.832933361732));
#5949 = ORIENTED_EDGE('',*,*,#5950,.T.);
#5950 = EDGE_CURVE('',#5942,#3108,#5951,.T.);
#5951 = B_SPLINE_CURVE_WITH_KNOTS('',1,(#5952,#5953),.UNSPECIFIED.,.F.,
  .F.,(2,2),(-0.,1.E-03),.PIECEWISE_BEZIER_KNOTS.);
#5952 = CARTESIAN_POINT('',(-0.107346331223,4.2505,5.832933361732));
#5953 = CARTESIAN_POINT('',(-0.107346331223,4.2495,5.832933361732));
#5954 = ORIENTED_EDGE('',*,*,#3116,.F.);
#5955 = B_SPLINE_SURFACE_WITH_KNOTS('',3,1,(
    (#5956,#5957)
    ,(#5958,#5959)
    ,(#5960,#5961)
    ,(#5962,#5963
    )),.UNSPECIFIED.,.F.,.F.,.F.,(4,4),(2,2),(3.,4.),(0.,1.),
  .PIECEWISE_BEZIER_KNOTS.);
#5956 = CARTESIAN_POINT('',(-0.137279188934,4.2505,5.911744656292));
#5957 = CARTESIAN_POINT('',(-0.137279188934,4.2495,5.911744656292));
#5958 = CARTESIAN_POINT('',(-0.117538661478,4.2505,5.891920809078));
#5959 = CARTESIAN_POINT('',(-0.117538661478,4.2495,5.891920809078));
#5960 = CARTESIAN_POINT('',(-0.107578616909,4.2505,5.86568491238));
#5961 = CARTESIAN_POINT('',(-0.107578616909,4.2495,5.86568491238));
#5962 = CARTESIAN_POINT('',(-0.107346331223,4.2505,5.832933361732));
#5963 = CARTESIAN_POINT('',(-0.107346331223,4.2495,5.832933361732));
#5964 = ADVANCED_FACE('',(#5965),#5983,.F.);
#5965 = FACE_BOUND('',#5966,.F.);
#5966 = EDGE_LOOP('',(#5967,#5968,#5977,#5982));
#5967 = ORIENTED_EDGE('',*,*,#5950,.F.);
#5968 = ORIENTED_EDGE('',*,*,#5969,.T.);
#5969 = EDGE_CURVE('',#5942,#5970,#5972,.T.);
#5970 = VERTEX_POINT('',#5971);
#5971 = CARTESIAN_POINT('',(-0.132922246248,4.2505,5.759239234701));
#5972 = B_SPLINE_CURVE_WITH_KNOTS('',3,(#5973,#5974,#5975,#5976),
  .UNSPECIFIED.,.F.,.F.,(4,4),(2.,3.),.PIECEWISE_BEZIER_KNOTS.);
#5973 = CARTESIAN_POINT('',(-0.107346331223,4.2505,5.832933361732));
#5974 = CARTESIAN_POINT('',(-0.107130268665,4.2505,5.802469220971));
#5975 = CARTESIAN_POINT('',(-0.115637999005,4.2505,5.777869977138));
#5976 = CARTESIAN_POINT('',(-0.132922246248,4.2505,5.759239234701));
#5977 = ORIENTED_EDGE('',*,*,#5978,.T.);
#5978 = EDGE_CURVE('',#5970,#3099,#5979,.T.);
#5979 = B_SPLINE_CURVE_WITH_KNOTS('',1,(#5980,#5981),.UNSPECIFIED.,.F.,
  .F.,(2,2),(-0.,1.E-03),.PIECEWISE_BEZIER_KNOTS.);
#5980 = CARTESIAN_POINT('',(-0.132922246248,4.2505,5.759239234701));
#5981 = CARTESIAN_POINT('',(-0.132922246248,4.2495,5.759239234701));
#5982 = ORIENTED_EDGE('',*,*,#3107,.F.);
#5983 = B_SPLINE_SURFACE_WITH_KNOTS('',3,1,(
    (#5984,#5985)
    ,(#5986,#5987)
    ,(#5988,#5989)
    ,(#5990,#5991
    )),.UNSPECIFIED.,.F.,.F.,.F.,(4,4),(2,2),(2.,3.),(0.,1.),
  .PIECEWISE_BEZIER_KNOTS.);
#5984 = CARTESIAN_POINT('',(-0.107346331223,4.2505,5.832933361732));
#5985 = CARTESIAN_POINT('',(-0.107346331223,4.2495,5.832933361732));
#5986 = CARTESIAN_POINT('',(-0.107130268665,4.2505,5.802469220971));
#5987 = CARTESIAN_POINT('',(-0.107130268665,4.2495,5.802469220971));
#5988 = CARTESIAN_POINT('',(-0.115637999005,4.2505,5.777869977138));
#5989 = CARTESIAN_POINT('',(-0.115637999005,4.2495,5.777869977138));
#5990 = CARTESIAN_POINT('',(-0.132922246248,4.2505,5.759239234701));
#5991 = CARTESIAN_POINT('',(-0.132922246248,4.2495,5.759239234701));
#5992 = ADVANCED_FACE('',(#5993),#6005,.F.);
#5993 = FACE_BOUND('',#5994,.F.);
#5994 = EDGE_LOOP('',(#5995,#5996,#6003,#6004));
#5995 = ORIENTED_EDGE('',*,*,#5978,.F.);
#5996 = ORIENTED_EDGE('',*,*,#5997,.T.);
#5997 = EDGE_CURVE('',#5970,#5639,#5998,.T.);
#5998 = B_SPLINE_CURVE_WITH_KNOTS('',3,(#5999,#6000,#6001,#6002),
  .UNSPECIFIED.,.F.,.F.,(4,4),(1.,2.),.PIECEWISE_BEZIER_KNOTS.);
#5999 = CARTESIAN_POINT('',(-0.132922246248,4.2505,5.759239234701));
#6000 = CARTESIAN_POINT('',(-0.150206493491,4.2505,5.740608492264));
#6001 = CARTESIAN_POINT('',(-0.173430855139,4.2505,5.731189698609));
#6002 = CARTESIAN_POINT('',(-0.202595331192,4.2505,5.730982853737));
#6003 = ORIENTED_EDGE('',*,*,#5638,.T.);
#6004 = ORIENTED_EDGE('',*,*,#3098,.F.);
#6005 = B_SPLINE_SURFACE_WITH_KNOTS('',3,1,(
    (#6006,#6007)
    ,(#6008,#6009)
    ,(#6010,#6011)
    ,(#6012,#6013
    )),.UNSPECIFIED.,.F.,.F.,.F.,(4,4),(2,2),(1.,2.),(0.,1.),
  .PIECEWISE_BEZIER_KNOTS.);
#6006 = CARTESIAN_POINT('',(-0.132922246248,4.2505,5.759239234701));
#6007 = CARTESIAN_POINT('',(-0.132922246248,4.2495,5.759239234701));
#6008 = CARTESIAN_POINT('',(-0.150206493491,4.2505,5.740608492264));
#6009 = CARTESIAN_POINT('',(-0.150206493491,4.2495,5.740608492264));
#6010 = CARTESIAN_POINT('',(-0.173430855139,4.2505,5.731189698609));
#6011 = CARTESIAN_POINT('',(-0.173430855139,4.2495,5.731189698609));
#6012 = CARTESIAN_POINT('',(-0.202595331192,4.2505,5.730982853737));
#6013 = CARTESIAN_POINT('',(-0.202595331192,4.2495,5.730982853737));
#6014 = ADVANCED_FACE('',(#6015),#6031,.T.);
#6015 = FACE_BOUND('',#6016,.T.);
#6016 = EDGE_LOOP('',(#6017,#6018,#6019,#6020,#6021,#6022,#6023,#6024,
    #6025,#6026,#6027,#6028,#6029,#6030));
#6017 = ORIENTED_EDGE('',*,*,#5645,.T.);
#6018 = ORIENTED_EDGE('',*,*,#5680,.T.);
#6019 = ORIENTED_EDGE('',*,*,#5695,.T.);
#6020 = ORIENTED_EDGE('',*,*,#5723,.T.);
#6021 = ORIENTED_EDGE('',*,*,#5751,.T.);
#6022 = ORIENTED_EDGE('',*,*,#5779,.T.);
#6023 = ORIENTED_EDGE('',*,*,#5807,.T.);
#6024 = ORIENTED_EDGE('',*,*,#5835,.T.);
#6025 = ORIENTED_EDGE('',*,*,#5870,.T.);
#6026 = ORIENTED_EDGE('',*,*,#5885,.T.);
#6027 = ORIENTED_EDGE('',*,*,#5913,.T.);
#6028 = ORIENTED_EDGE('',*,*,#5941,.T.);
#6029 = ORIENTED_EDGE('',*,*,#5969,.T.);
#6030 = ORIENTED_EDGE('',*,*,#5997,.T.);
#6031 = B_SPLINE_SURFACE_WITH_KNOTS('',1,1,(
    (#6032,#6033)
    ,(#6034,#6035
    )),.UNSPECIFIED.,.F.,.F.,.F.,(2,2),(2,2),(-2.903412752989E-03,
    0.207647070142),(-2.671551523311E-02,0.126483082143),
  .PIECEWISE_BEZIER_KNOTS.);
#6032 = CARTESIAN_POINT('',(-0.260328866041,4.2505,5.730822834709));
#6033 = CARTESIAN_POINT('',(-0.107130268665,4.2505,5.730822834709));
#6034 = CARTESIAN_POINT('',(-0.260328866041,4.2505,5.941373317604));
#6035 = CARTESIAN_POINT('',(-0.107130268665,4.2505,5.941373317604));
#6036 = ADVANCED_FACE('',(#6037),#6059,.F.);
#6037 = FACE_BOUND('',#6038,.T.);
#6038 = EDGE_LOOP('',(#6039,#6040,#6047,#6054));
#6039 = ORIENTED_EDGE('',*,*,#3213,.T.);
#6040 = ORIENTED_EDGE('',*,*,#6041,.F.);
#6041 = EDGE_CURVE('',#6042,#3205,#6044,.T.);
#6042 = VERTEX_POINT('',#6043);
#6043 = CARTESIAN_POINT('',(-0.40917086507,4.2505,5.756136218435));
#6044 = B_SPLINE_CURVE_WITH_KNOTS('',1,(#6045,#6046),.UNSPECIFIED.,.F.,
  .F.,(2,2),(-0.,1.E-03),.PIECEWISE_BEZIER_KNOTS.);
#6045 = CARTESIAN_POINT('',(-0.40917086507,4.2505,5.756136218435));
#6046 = CARTESIAN_POINT('',(-0.40917086507,4.2495,5.756136218435));
#6047 = ORIENTED_EDGE('',*,*,#6048,.F.);
#6048 = EDGE_CURVE('',#6049,#6042,#6051,.T.);
#6049 = VERTEX_POINT('',#6050);
#6050 = CARTESIAN_POINT('',(-0.409006421552,4.2505,5.73295020004));
#6051 = B_SPLINE_CURVE_WITH_KNOTS('',1,(#6052,#6053),.UNSPECIFIED.,.F.,
  .F.,(2,2),(-2.318660153378E-02,0.),.PIECEWISE_BEZIER_KNOTS.);
#6052 = CARTESIAN_POINT('',(-0.409006421552,4.2505,5.73295020004));
#6053 = CARTESIAN_POINT('',(-0.40917086507,4.2505,5.756136218435));
#6054 = ORIENTED_EDGE('',*,*,#6055,.T.);
#6055 = EDGE_CURVE('',#6049,#3214,#6056,.T.);
#6056 = B_SPLINE_CURVE_WITH_KNOTS('',1,(#6057,#6058),.UNSPECIFIED.,.F.,
  .F.,(2,2),(-0.,1.E-03),.PIECEWISE_BEZIER_KNOTS.);
#6057 = CARTESIAN_POINT('',(-0.409006421552,4.2505,5.73295020004));
#6058 = CARTESIAN_POINT('',(-0.409006421552,4.2495,5.73295020004));
#6059 = B_SPLINE_SURFACE_WITH_KNOTS('',1,1,(
    (#6060,#6061)
    ,(#6062,#6063
    )),.UNSPECIFIED.,.F.,.F.,.F.,(2,2),(2,2),(-2.476220891924E-20,
    2.318660153378E-02),(-1.E-03,6.760014104799E-32),
  .PIECEWISE_BEZIER_KNOTS.);
#6060 = CARTESIAN_POINT('',(-0.40917086507,4.2495,5.756136218435));
#6061 = CARTESIAN_POINT('',(-0.40917086507,4.2505,5.756136218435));
#6062 = CARTESIAN_POINT('',(-0.409006421552,4.2495,5.73295020004));
#6063 = CARTESIAN_POINT('',(-0.409006421552,4.2505,5.73295020004));
#6064 = ADVANCED_FACE('',(#6065),#6081,.F.);
#6065 = FACE_BOUND('',#6066,.T.);
#6066 = EDGE_LOOP('',(#6067,#6068,#6075,#6080));
#6067 = ORIENTED_EDGE('',*,*,#3204,.T.);
#6068 = ORIENTED_EDGE('',*,*,#6069,.F.);
#6069 = EDGE_CURVE('',#6070,#3207,#6072,.T.);
#6070 = VERTEX_POINT('',#6071);
#6071 = CARTESIAN_POINT('',(-0.32604431033,4.2505,5.756725781627));
#6072 = B_SPLINE_CURVE_WITH_KNOTS('',1,(#6073,#6074),.UNSPECIFIED.,.F.,
  .F.,(2,2),(-0.,1.E-03),.PIECEWISE_BEZIER_KNOTS.);
#6073 = CARTESIAN_POINT('',(-0.32604431033,4.2505,5.756725781627));
#6074 = CARTESIAN_POINT('',(-0.32604431033,4.2495,5.756725781627));
#6075 = ORIENTED_EDGE('',*,*,#6076,.F.);
#6076 = EDGE_CURVE('',#6042,#6070,#6077,.T.);
#6077 = B_SPLINE_CURVE_WITH_KNOTS('',1,(#6078,#6079),.UNSPECIFIED.,.F.,
  .F.,(2,2),(-8.312864540908E-02,0.),.PIECEWISE_BEZIER_KNOTS.);
#6078 = CARTESIAN_POINT('',(-0.40917086507,4.2505,5.756136218435));
#6079 = CARTESIAN_POINT('',(-0.32604431033,4.2505,5.756725781627));
#6080 = ORIENTED_EDGE('',*,*,#6041,.T.);
#6081 = B_SPLINE_SURFACE_WITH_KNOTS('',1,1,(
    (#6082,#6083)
    ,(#6084,#6085
    )),.UNSPECIFIED.,.F.,.F.,.F.,(2,2),(2,2),(-0.,8.312864540908E-02),(
    -1.E-03,4.547000228077E-33),.PIECEWISE_BEZIER_KNOTS.);
#6082 = CARTESIAN_POINT('',(-0.32604431033,4.2495,5.756725781627));
#6083 = CARTESIAN_POINT('',(-0.32604431033,4.2505,5.756725781627));
#6084 = CARTESIAN_POINT('',(-0.40917086507,4.2495,5.756136218435));
#6085 = CARTESIAN_POINT('',(-0.40917086507,4.2505,5.756136218435));
#6086 = ADVANCED_FACE('',(#6087),#6103,.F.);
#6087 = FACE_BOUND('',#6088,.T.);
#6088 = EDGE_LOOP('',(#6089,#6090,#6097,#6102));
#6089 = ORIENTED_EDGE('',*,*,#3283,.T.);
#6090 = ORIENTED_EDGE('',*,*,#6091,.F.);
#6091 = EDGE_CURVE('',#6092,#3277,#6094,.T.);
#6092 = VERTEX_POINT('',#6093);
#6093 = CARTESIAN_POINT('',(-0.326529529318,4.2505,5.825140131869));
#6094 = B_SPLINE_CURVE_WITH_KNOTS('',1,(#6095,#6096),.UNSPECIFIED.,.F.,
  .F.,(2,2),(-0.,1.E-03),.PIECEWISE_BEZIER_KNOTS.);
#6095 = CARTESIAN_POINT('',(-0.326529529318,4.2505,5.825140131869));
#6096 = CARTESIAN_POINT('',(-0.326529529318,4.2495,5.825140131869));
#6097 = ORIENTED_EDGE('',*,*,#6098,.F.);
#6098 = EDGE_CURVE('',#6070,#6092,#6099,.T.);
#6099 = B_SPLINE_CURVE_WITH_KNOTS('',1,(#6100,#6101),.UNSPECIFIED.,.F.,
  .F.,(2,2),(-6.841607089332E-02,0.),.PIECEWISE_BEZIER_KNOTS.);
#6100 = CARTESIAN_POINT('',(-0.32604431033,4.2505,5.756725781627));
#6101 = CARTESIAN_POINT('',(-0.326529529318,4.2505,5.825140131869));
#6102 = ORIENTED_EDGE('',*,*,#6069,.T.);
#6103 = B_SPLINE_SURFACE_WITH_KNOTS('',1,1,(
    (#6104,#6105)
    ,(#6106,#6107
    )),.UNSPECIFIED.,.F.,.F.,.F.,(2,2),(2,2),(-2.47622089193E-20,
    6.841607089332E-02),(-1.E-03,4.77630626208E-32),
  .PIECEWISE_BEZIER_KNOTS.);
#6104 = CARTESIAN_POINT('',(-0.326529529318,4.2495,5.825140131869));
#6105 = CARTESIAN_POINT('',(-0.326529529318,4.2505,5.825140131869));
#6106 = CARTESIAN_POINT('',(-0.32604431033,4.2495,5.756725781627));
#6107 = CARTESIAN_POINT('',(-0.32604431033,4.2505,5.756725781627));
#6108 = ADVANCED_FACE('',(#6109),#6125,.F.);
#6109 = FACE_BOUND('',#6110,.T.);
#6110 = EDGE_LOOP('',(#6111,#6112,#6119,#6124));
#6111 = ORIENTED_EDGE('',*,*,#3276,.T.);
#6112 = ORIENTED_EDGE('',*,*,#6113,.F.);
#6113 = EDGE_CURVE('',#6114,#3270,#6116,.T.);
#6114 = VERTEX_POINT('',#6115);
#6115 = CARTESIAN_POINT('',(-0.399258766391,4.2505,5.824624310164));
#6116 = B_SPLINE_CURVE_WITH_KNOTS('',1,(#6117,#6118),.UNSPECIFIED.,.F.,
  .F.,(2,2),(-0.,1.E-03),.PIECEWISE_BEZIER_KNOTS.);
#6117 = CARTESIAN_POINT('',(-0.399258766391,4.2505,5.824624310164));
#6118 = CARTESIAN_POINT('',(-0.399258766391,4.2495,5.824624310164));
#6119 = ORIENTED_EDGE('',*,*,#6120,.F.);
#6120 = EDGE_CURVE('',#6092,#6114,#6121,.T.);
#6121 = B_SPLINE_CURVE_WITH_KNOTS('',1,(#6122,#6123),.UNSPECIFIED.,.F.,
  .F.,(2,2),(-7.273106624597E-02,-0.),.PIECEWISE_BEZIER_KNOTS.);
#6122 = CARTESIAN_POINT('',(-0.326529529318,4.2505,5.825140131869));
#6123 = CARTESIAN_POINT('',(-0.399258766391,4.2505,5.824624310164));
#6124 = ORIENTED_EDGE('',*,*,#6091,.T.);
#6125 = B_SPLINE_SURFACE_WITH_KNOTS('',1,1,(
    (#6126,#6127)
    ,(#6128,#6129
    )),.UNSPECIFIED.,.F.,.F.,.F.,(2,2),(2,2),(-3.491393528737E-18,
    7.273106624597E-02),(-1.E-03,0.),.PIECEWISE_BEZIER_KNOTS.);
#6126 = CARTESIAN_POINT('',(-0.399258766391,4.2495,5.824624310164));
#6127 = CARTESIAN_POINT('',(-0.399258766391,4.2505,5.824624310164));
#6128 = CARTESIAN_POINT('',(-0.326529529318,4.2495,5.825140131869));
#6129 = CARTESIAN_POINT('',(-0.326529529318,4.2505,5.825140131869));
#6130 = ADVANCED_FACE('',(#6131),#6147,.F.);
#6131 = FACE_BOUND('',#6132,.T.);
#6132 = EDGE_LOOP('',(#6133,#6134,#6141,#6146));
#6133 = ORIENTED_EDGE('',*,*,#3269,.T.);
#6134 = ORIENTED_EDGE('',*,*,#6135,.F.);
#6135 = EDGE_CURVE('',#6136,#3263,#6138,.T.);
#6136 = VERTEX_POINT('',#6137);
#6137 = CARTESIAN_POINT('',(-0.399423947323,4.2505,5.847914301736));
#6138 = B_SPLINE_CURVE_WITH_KNOTS('',1,(#6139,#6140),.UNSPECIFIED.,.F.,
  .F.,(2,2),(-0.,1.E-03),.PIECEWISE_BEZIER_KNOTS.);
#6139 = CARTESIAN_POINT('',(-0.399423947323,4.2505,5.847914301736));
#6140 = CARTESIAN_POINT('',(-0.399423947323,4.2495,5.847914301736));
#6141 = ORIENTED_EDGE('',*,*,#6142,.F.);
#6142 = EDGE_CURVE('',#6114,#6136,#6143,.T.);
#6143 = B_SPLINE_CURVE_WITH_KNOTS('',1,(#6144,#6145),.UNSPECIFIED.,.F.,
  .F.,(2,2),(-2.32905773253E-02,0.),.PIECEWISE_BEZIER_KNOTS.);
#6144 = CARTESIAN_POINT('',(-0.399258766391,4.2505,5.824624310164));
#6145 = CARTESIAN_POINT('',(-0.399423947323,4.2505,5.847914301736));
#6146 = ORIENTED_EDGE('',*,*,#6113,.T.);
#6147 = B_SPLINE_SURFACE_WITH_KNOTS('',1,1,(
    (#6148,#6149)
    ,(#6150,#6151
    )),.UNSPECIFIED.,.F.,.F.,.F.,(2,2),(2,2),(-2.476220891931E-20,
    2.32905773253E-02),(-1.E-03,7.838534873656E-32),
  .PIECEWISE_BEZIER_KNOTS.);
#6148 = CARTESIAN_POINT('',(-0.399423947323,4.2495,5.847914301736));
#6149 = CARTESIAN_POINT('',(-0.399423947323,4.2505,5.847914301736));
#6150 = CARTESIAN_POINT('',(-0.399258766391,4.2495,5.824624310164));
#6151 = CARTESIAN_POINT('',(-0.399258766391,4.2505,5.824624310164));
#6152 = ADVANCED_FACE('',(#6153),#6169,.F.);
#6153 = FACE_BOUND('',#6154,.T.);
#6154 = EDGE_LOOP('',(#6155,#6156,#6163,#6168));
#6155 = ORIENTED_EDGE('',*,*,#3262,.T.);
#6156 = ORIENTED_EDGE('',*,*,#6157,.F.);
#6157 = EDGE_CURVE('',#6158,#3256,#6160,.T.);
#6158 = VERTEX_POINT('',#6159);
#6159 = CARTESIAN_POINT('',(-0.32669471025,4.2505,5.848430123441));
#6160 = B_SPLINE_CURVE_WITH_KNOTS('',1,(#6161,#6162),.UNSPECIFIED.,.F.,
  .F.,(2,2),(-0.,1.E-03),.PIECEWISE_BEZIER_KNOTS.);
#6161 = CARTESIAN_POINT('',(-0.32669471025,4.2505,5.848430123441));
#6162 = CARTESIAN_POINT('',(-0.32669471025,4.2495,5.848430123441));
#6163 = ORIENTED_EDGE('',*,*,#6164,.F.);
#6164 = EDGE_CURVE('',#6136,#6158,#6165,.T.);
#6165 = B_SPLINE_CURVE_WITH_KNOTS('',1,(#6166,#6167),.UNSPECIFIED.,.F.,
  .F.,(2,2),(-7.273106624597E-02,0.),.PIECEWISE_BEZIER_KNOTS.);
#6166 = CARTESIAN_POINT('',(-0.399423947323,4.2505,5.847914301736));
#6167 = CARTESIAN_POINT('',(-0.32669471025,4.2505,5.848430123441));
#6168 = ORIENTED_EDGE('',*,*,#6135,.T.);
#6169 = B_SPLINE_SURFACE_WITH_KNOTS('',1,1,(
    (#6170,#6171)
    ,(#6172,#6173
    )),.UNSPECIFIED.,.F.,.F.,.F.,(2,2),(2,2),(-4.81482486097E-38,
    7.273106624597E-02),(-1.E-03,8.621545766671E-34),
  .PIECEWISE_BEZIER_KNOTS.);
#6170 = CARTESIAN_POINT('',(-0.32669471025,4.2495,5.848430123441));
#6171 = CARTESIAN_POINT('',(-0.32669471025,4.2505,5.848430123441));
#6172 = CARTESIAN_POINT('',(-0.399423947323,4.2495,5.847914301736));
#6173 = CARTESIAN_POINT('',(-0.399423947323,4.2505,5.847914301736));
#6174 = ADVANCED_FACE('',(#6175),#6191,.F.);
#6175 = FACE_BOUND('',#6176,.T.);
#6176 = EDGE_LOOP('',(#6177,#6178,#6185,#6190));
#6177 = ORIENTED_EDGE('',*,*,#3255,.T.);
#6178 = ORIENTED_EDGE('',*,*,#6179,.F.);
#6179 = EDGE_CURVE('',#6180,#3249,#6182,.T.);
#6180 = VERTEX_POINT('',#6181);
#6181 = CARTESIAN_POINT('',(-0.327156331962,4.2505,5.913517332031));
#6182 = B_SPLINE_CURVE_WITH_KNOTS('',1,(#6183,#6184),.UNSPECIFIED.,.F.,
  .F.,(2,2),(-0.,1.E-03),.PIECEWISE_BEZIER_KNOTS.);
#6183 = CARTESIAN_POINT('',(-0.327156331962,4.2505,5.913517332031));
#6184 = CARTESIAN_POINT('',(-0.327156331962,4.2495,5.913517332031));
#6185 = ORIENTED_EDGE('',*,*,#6186,.F.);
#6186 = EDGE_CURVE('',#6158,#6180,#6187,.T.);
#6187 = B_SPLINE_CURVE_WITH_KNOTS('',1,(#6188,#6189),.UNSPECIFIED.,.F.,
  .F.,(2,2),(-6.508884556212E-02,0.),.PIECEWISE_BEZIER_KNOTS.);
#6188 = CARTESIAN_POINT('',(-0.32669471025,4.2505,5.848430123441));
#6189 = CARTESIAN_POINT('',(-0.327156331962,4.2505,5.913517332031));
#6190 = ORIENTED_EDGE('',*,*,#6157,.T.);
#6191 = B_SPLINE_SURFACE_WITH_KNOTS('',1,1,(
    (#6192,#6193)
    ,(#6194,#6195
    )),.UNSPECIFIED.,.F.,.F.,.F.,(2,2),(2,2),(-2.476220891929E-20,
    6.508884556212E-02),(-1.E-03,6.644458308136E-32),
  .PIECEWISE_BEZIER_KNOTS.);
#6192 = CARTESIAN_POINT('',(-0.327156331962,4.2495,5.913517332031));
#6193 = CARTESIAN_POINT('',(-0.327156331962,4.2505,5.913517332031));
#6194 = CARTESIAN_POINT('',(-0.32669471025,4.2495,5.848430123441));
#6195 = CARTESIAN_POINT('',(-0.32669471025,4.2505,5.848430123441));
#6196 = ADVANCED_FACE('',(#6197),#6213,.F.);
#6197 = FACE_BOUND('',#6198,.T.);
#6198 = EDGE_LOOP('',(#6199,#6200,#6207,#6212));
#6199 = ORIENTED_EDGE('',*,*,#3248,.T.);
#6200 = ORIENTED_EDGE('',*,*,#6201,.F.);
#6201 = EDGE_CURVE('',#6202,#3242,#6204,.T.);
#6202 = VERTEX_POINT('',#6203);
#6203 = CARTESIAN_POINT('',(-0.40565608034,4.2505,5.9129605838));
#6204 = B_SPLINE_CURVE_WITH_KNOTS('',1,(#6205,#6206),.UNSPECIFIED.,.F.,
  .F.,(2,2),(-0.,1.E-03),.PIECEWISE_BEZIER_KNOTS.);
#6205 = CARTESIAN_POINT('',(-0.40565608034,4.2505,5.9129605838));
#6206 = CARTESIAN_POINT('',(-0.40565608034,4.2495,5.9129605838));
#6207 = ORIENTED_EDGE('',*,*,#6208,.F.);
#6208 = EDGE_CURVE('',#6180,#6202,#6209,.T.);
#6209 = B_SPLINE_CURVE_WITH_KNOTS('',1,(#6210,#6211),.UNSPECIFIED.,.F.,
  .F.,(2,2),(-7.850172268189E-02,-0.),.PIECEWISE_BEZIER_KNOTS.);
#6210 = CARTESIAN_POINT('',(-0.327156331962,4.2505,5.913517332031));
#6211 = CARTESIAN_POINT('',(-0.40565608034,4.2505,5.9129605838));
#6212 = ORIENTED_EDGE('',*,*,#6179,.T.);
#6213 = B_SPLINE_SURFACE_WITH_KNOTS('',1,1,(
    (#6214,#6215)
    ,(#6216,#6217
    )),.UNSPECIFIED.,.F.,.F.,.F.,(2,2),(2,2),(-3.491393528737E-18,
    7.850172268189E-02),(-1.E-03,0.),.PIECEWISE_BEZIER_KNOTS.);
#6214 = CARTESIAN_POINT('',(-0.40565608034,4.2495,5.9129605838));
#6215 = CARTESIAN_POINT('',(-0.40565608034,4.2505,5.9129605838));
#6216 = CARTESIAN_POINT('',(-0.327156331962,4.2495,5.913517332031));
#6217 = CARTESIAN_POINT('',(-0.327156331962,4.2505,5.913517332031));
#6218 = ADVANCED_FACE('',(#6219),#6235,.F.);
#6219 = FACE_BOUND('',#6220,.T.);
#6220 = EDGE_LOOP('',(#6221,#6222,#6229,#6234));
#6221 = ORIENTED_EDGE('',*,*,#3241,.T.);
#6222 = ORIENTED_EDGE('',*,*,#6223,.F.);
#6223 = EDGE_CURVE('',#6224,#3235,#6226,.T.);
#6224 = VERTEX_POINT('',#6225);
#6225 = CARTESIAN_POINT('',(-0.405821998687,4.2505,5.936354548548));
#6226 = B_SPLINE_CURVE_WITH_KNOTS('',1,(#6227,#6228),.UNSPECIFIED.,.F.,
  .F.,(2,2),(-0.,1.E-03),.PIECEWISE_BEZIER_KNOTS.);
#6227 = CARTESIAN_POINT('',(-0.405821998687,4.2505,5.936354548548));
#6228 = CARTESIAN_POINT('',(-0.405821998687,4.2495,5.936354548548));
#6229 = ORIENTED_EDGE('',*,*,#6230,.F.);
#6230 = EDGE_CURVE('',#6202,#6224,#6231,.T.);
#6231 = B_SPLINE_CURVE_WITH_KNOTS('',1,(#6232,#6233),.UNSPECIFIED.,.F.,
  .F.,(2,2),(-2.339455311681E-02,0.),.PIECEWISE_BEZIER_KNOTS.);
#6232 = CARTESIAN_POINT('',(-0.40565608034,4.2505,5.9129605838));
#6233 = CARTESIAN_POINT('',(-0.405821998687,4.2505,5.936354548548));
#6234 = ORIENTED_EDGE('',*,*,#6201,.T.);
#6235 = B_SPLINE_SURFACE_WITH_KNOTS('',1,1,(
    (#6236,#6237)
    ,(#6238,#6239
    )),.UNSPECIFIED.,.F.,.F.,.F.,(2,2),(2,2),(-2.476220891929E-20,
    2.339455311681E-02),(-1.E-03,3.543711097673E-32),
  .PIECEWISE_BEZIER_KNOTS.);
#6236 = CARTESIAN_POINT('',(-0.405821998687,4.2495,5.936354548548));
#6237 = CARTESIAN_POINT('',(-0.405821998687,4.2505,5.936354548548));
#6238 = CARTESIAN_POINT('',(-0.40565608034,4.2495,5.9129605838));
#6239 = CARTESIAN_POINT('',(-0.40565608034,4.2505,5.9129605838));
#6240 = ADVANCED_FACE('',(#6241),#6257,.F.);
#6241 = FACE_BOUND('',#6242,.T.);
#6242 = EDGE_LOOP('',(#6243,#6244,#6251,#6256));
#6243 = ORIENTED_EDGE('',*,*,#3234,.T.);
#6244 = ORIENTED_EDGE('',*,*,#6245,.F.);
#6245 = EDGE_CURVE('',#6246,#3228,#6248,.T.);
#6246 = VERTEX_POINT('',#6247);
#6247 = CARTESIAN_POINT('',(-0.301069023202,4.2505,5.937097494035));
#6248 = B_SPLINE_CURVE_WITH_KNOTS('',1,(#6249,#6250),.UNSPECIFIED.,.F.,
  .F.,(2,2),(-0.,1.E-03),.PIECEWISE_BEZIER_KNOTS.);
#6249 = CARTESIAN_POINT('',(-0.301069023202,4.2505,5.937097494035));
#6250 = CARTESIAN_POINT('',(-0.301069023202,4.2495,5.937097494035));
#6251 = ORIENTED_EDGE('',*,*,#6252,.F.);
#6252 = EDGE_CURVE('',#6224,#6246,#6253,.T.);
#6253 = B_SPLINE_CURVE_WITH_KNOTS('',1,(#6254,#6255),.UNSPECIFIED.,.F.,
  .F.,(2,2),(-0.104755610069,0.),.PIECEWISE_BEZIER_KNOTS.);
#6254 = CARTESIAN_POINT('',(-0.405821998687,4.2505,5.936354548548));
#6255 = CARTESIAN_POINT('',(-0.301069023202,4.2505,5.937097494035));
#6256 = ORIENTED_EDGE('',*,*,#6223,.T.);
#6257 = B_SPLINE_SURFACE_WITH_KNOTS('',1,1,(
    (#6258,#6259)
    ,(#6260,#6261
    )),.UNSPECIFIED.,.F.,.F.,.F.,(2,2),(2,2),(-0.,0.104755610069),(
    -1.E-03,4.381490623481E-33),.PIECEWISE_BEZIER_KNOTS.);
#6258 = CARTESIAN_POINT('',(-0.301069023202,4.2495,5.937097494035));
#6259 = CARTESIAN_POINT('',(-0.301069023202,4.2505,5.937097494035));
#6260 = CARTESIAN_POINT('',(-0.405821998687,4.2495,5.936354548548));
#6261 = CARTESIAN_POINT('',(-0.405821998687,4.2505,5.936354548548));
#6262 = ADVANCED_FACE('',(#6263),#6279,.F.);
#6263 = FACE_BOUND('',#6264,.T.);
#6264 = EDGE_LOOP('',(#6265,#6266,#6273,#6278));
#6265 = ORIENTED_EDGE('',*,*,#3227,.T.);
#6266 = ORIENTED_EDGE('',*,*,#6267,.F.);
#6267 = EDGE_CURVE('',#6268,#3221,#6270,.T.);
#6268 = VERTEX_POINT('',#6269);
#6269 = CARTESIAN_POINT('',(-0.299626639707,4.2505,5.733725960488));
#6270 = B_SPLINE_CURVE_WITH_KNOTS('',1,(#6271,#6272),.UNSPECIFIED.,.F.,
  .F.,(2,2),(-0.,1.E-03),.PIECEWISE_BEZIER_KNOTS.);
#6271 = CARTESIAN_POINT('',(-0.299626639707,4.2505,5.733725960488));
#6272 = CARTESIAN_POINT('',(-0.299626639707,4.2495,5.733725960488));
#6273 = ORIENTED_EDGE('',*,*,#6274,.F.);
#6274 = EDGE_CURVE('',#6246,#6268,#6275,.T.);
#6275 = B_SPLINE_CURVE_WITH_KNOTS('',1,(#6276,#6277),.UNSPECIFIED.,.F.,
  .F.,(2,2),(-0.203376648431,0.),.PIECEWISE_BEZIER_KNOTS.);
#6276 = CARTESIAN_POINT('',(-0.301069023202,4.2505,5.937097494035));
#6277 = CARTESIAN_POINT('',(-0.299626639707,4.2505,5.733725960488));
#6278 = ORIENTED_EDGE('',*,*,#6245,.T.);
#6279 = B_SPLINE_SURFACE_WITH_KNOTS('',1,1,(
    (#6280,#6281)
    ,(#6282,#6283
    )),.UNSPECIFIED.,.F.,.F.,.F.,(2,2),(2,2),(0.,0.203376648431),(
    -1.E-03,7.241496590896E-32),.PIECEWISE_BEZIER_KNOTS.);
#6280 = CARTESIAN_POINT('',(-0.299626639707,4.2495,5.733725960488));
#6281 = CARTESIAN_POINT('',(-0.299626639707,4.2505,5.733725960488));
#6282 = CARTESIAN_POINT('',(-0.301069023202,4.2495,5.937097494035));
#6283 = CARTESIAN_POINT('',(-0.301069023202,4.2505,5.937097494035));
#6284 = ADVANCED_FACE('',(#6285),#6295,.F.);
#6285 = FACE_BOUND('',#6286,.T.);
#6286 = EDGE_LOOP('',(#6287,#6288,#6289,#6294));
#6287 = ORIENTED_EDGE('',*,*,#3220,.T.);
#6288 = ORIENTED_EDGE('',*,*,#6055,.F.);
#6289 = ORIENTED_EDGE('',*,*,#6290,.F.);
#6290 = EDGE_CURVE('',#6268,#6049,#6291,.T.);
#6291 = B_SPLINE_CURVE_WITH_KNOTS('',1,(#6292,#6293),.UNSPECIFIED.,.F.,
  .F.,(2,2),(-0.109382532796,-0.),.PIECEWISE_BEZIER_KNOTS.);
#6292 = CARTESIAN_POINT('',(-0.299626639707,4.2505,5.733725960488));
#6293 = CARTESIAN_POINT('',(-0.409006421552,4.2505,5.73295020004));
#6294 = ORIENTED_EDGE('',*,*,#6267,.T.);
#6295 = B_SPLINE_SURFACE_WITH_KNOTS('',1,1,(
    (#6296,#6297)
    ,(#6298,#6299
    )),.UNSPECIFIED.,.F.,.F.,.F.,(2,2),(2,2),(-3.491393528737E-18,
    0.109382532796),(-1.E-03,0.),.PIECEWISE_BEZIER_KNOTS.);
#6296 = CARTESIAN_POINT('',(-0.409006421552,4.2495,5.73295020004));
#6297 = CARTESIAN_POINT('',(-0.409006421552,4.2505,5.73295020004));
#6298 = CARTESIAN_POINT('',(-0.299626639707,4.2495,5.733725960488));
#6299 = CARTESIAN_POINT('',(-0.299626639707,4.2505,5.733725960488));
#6300 = ADVANCED_FACE('',(#6301),#6315,.F.);
#6301 = FACE_BOUND('',#6302,.T.);
#6302 = EDGE_LOOP('',(#6303,#6304,#6305,#6306,#6307,#6308,#6309,#6310,
    #6311,#6312,#6313,#6314));
#6303 = ORIENTED_EDGE('',*,*,#6048,.T.);
#6304 = ORIENTED_EDGE('',*,*,#6076,.T.);
#6305 = ORIENTED_EDGE('',*,*,#6098,.T.);
#6306 = ORIENTED_EDGE('',*,*,#6120,.T.);
#6307 = ORIENTED_EDGE('',*,*,#6142,.T.);
#6308 = ORIENTED_EDGE('',*,*,#6164,.T.);
#6309 = ORIENTED_EDGE('',*,*,#6186,.T.);
#6310 = ORIENTED_EDGE('',*,*,#6208,.T.);
#6311 = ORIENTED_EDGE('',*,*,#6230,.T.);
#6312 = ORIENTED_EDGE('',*,*,#6252,.T.);
#6313 = ORIENTED_EDGE('',*,*,#6274,.T.);
#6314 = ORIENTED_EDGE('',*,*,#6290,.T.);
#6315 = B_SPLINE_SURFACE_WITH_KNOTS('',1,1,(
    (#6316,#6317)
    ,(#6318,#6319
    )),.UNSPECIFIED.,.F.,.F.,.F.,(2,2),(2,2),(2.062902605965,
    2.26704989996),(-0.35917086507,-0.249626639707),
  .PIECEWISE_BEZIER_KNOTS.);
#6316 = CARTESIAN_POINT('',(-0.40917086507,4.2505,5.937097494035));
#6317 = CARTESIAN_POINT('',(-0.299626639707,4.2505,5.937097494035));
#6318 = CARTESIAN_POINT('',(-0.40917086507,4.2505,5.73295020004));
#6319 = CARTESIAN_POINT('',(-0.299626639707,4.2505,5.73295020004));
#6320 = ADVANCED_FACE('',(#6321,#6380),#6439,.T.);
#6321 = FACE_BOUND('',#6322,.T.);
#6322 = EDGE_LOOP('',(#6323,#6332,#6341,#6350,#6359,#6368,#6375));
#6323 = ORIENTED_EDGE('',*,*,#6324,.T.);
#6324 = EDGE_CURVE('',#6325,#6327,#6329,.T.);
#6325 = VERTEX_POINT('',#6326);
#6326 = CARTESIAN_POINT('',(-0.447424510329,4.2505,5.732677725243));
#6327 = VERTEX_POINT('',#6328);
#6328 = CARTESIAN_POINT('',(-0.503362079372,4.2505,5.732280996041));
#6329 = B_SPLINE_CURVE_WITH_KNOTS('',1,(#6330,#6331),.UNSPECIFIED.,.F.,
  .F.,(2,2),(-5.593897589787E-02,-0.),.PIECEWISE_BEZIER_KNOTS.);
#6330 = CARTESIAN_POINT('',(-0.447424510329,4.2505,5.732677725243));
#6331 = CARTESIAN_POINT('',(-0.503362079372,4.2505,5.732280996041));
#6332 = ORIENTED_EDGE('',*,*,#6333,.T.);
#6333 = EDGE_CURVE('',#6327,#6334,#6336,.T.);
#6334 = VERTEX_POINT('',#6335);
#6335 = CARTESIAN_POINT('',(-0.582531758721,4.2505,5.760209579847));
#6336 = B_SPLINE_CURVE_WITH_KNOTS('',3,(#6337,#6338,#6339,#6340),
  .UNSPECIFIED.,.F.,.F.,(4,4),(5.,6.),.PIECEWISE_BEZIER_KNOTS.);
#6337 = CARTESIAN_POINT('',(-0.503362079372,4.2505,5.732280996041));
#6338 = CARTESIAN_POINT('',(-0.535541777547,4.2505,5.732052766137));
#6339 = CARTESIAN_POINT('',(-0.561966082585,4.2505,5.741327390542));
#6340 = CARTESIAN_POINT('',(-0.582531758721,4.2505,5.760209579847));
#6341 = ORIENTED_EDGE('',*,*,#6342,.T.);
#6342 = EDGE_CURVE('',#6334,#6343,#6345,.T.);
#6343 = VERTEX_POINT('',#6344);
#6344 = CARTESIAN_POINT('',(-0.613741421279,4.2505,5.835788488245));
#6345 = B_SPLINE_CURVE_WITH_KNOTS('',3,(#6346,#6347,#6348,#6349),
  .UNSPECIFIED.,.F.,.F.,(4,4),(4.,5.),.PIECEWISE_BEZIER_KNOTS.);
#6346 = CARTESIAN_POINT('',(-0.582531758721,4.2505,5.760209579847));
#6347 = CARTESIAN_POINT('',(-0.603097434857,4.2505,5.779091769154));
#6348 = CARTESIAN_POINT('',(-0.613517984572,4.2505,5.804284615717));
#6349 = CARTESIAN_POINT('',(-0.613741421279,4.2505,5.835788488245));
#6350 = ORIENTED_EDGE('',*,*,#6351,.T.);
#6351 = EDGE_CURVE('',#6343,#6352,#6354,.T.);
#6352 = VERTEX_POINT('',#6353);
#6353 = CARTESIAN_POINT('',(-0.583581100088,4.2505,5.908163410235));
#6354 = B_SPLINE_CURVE_WITH_KNOTS('',3,(#6355,#6356,#6357,#6358),
  .UNSPECIFIED.,.F.,.F.,(4,4),(3.,4.),.PIECEWISE_BEZIER_KNOTS.);
#6355 = CARTESIAN_POINT('',(-0.613741421279,4.2505,5.835788488245));
#6356 = CARTESIAN_POINT('',(-0.613955271593,4.2505,5.865940709476));
#6357 = CARTESIAN_POINT('',(-0.603884256528,4.2505,5.890031148649));
#6358 = CARTESIAN_POINT('',(-0.583581100088,4.2505,5.908163410235));
#6359 = ORIENTED_EDGE('',*,*,#6360,.T.);
#6360 = EDGE_CURVE('',#6352,#6361,#6363,.T.);
#6361 = VERTEX_POINT('',#6362);
#6362 = CARTESIAN_POINT('',(-0.506883926401,4.2505,5.93563778129));
#6363 = B_SPLINE_CURVE_WITH_KNOTS('',3,(#6364,#6365,#6366,#6367),
  .UNSPECIFIED.,.F.,.F.,(4,4),(2.,3.),.PIECEWISE_BEZIER_KNOTS.);
#6364 = CARTESIAN_POINT('',(-0.583581100088,4.2505,5.908163410235));
#6365 = CARTESIAN_POINT('',(-0.563277943647,4.2505,5.92629567182));
#6366 = CARTESIAN_POINT('',(-0.53771197328,4.2505,5.935419137779));
#6367 = CARTESIAN_POINT('',(-0.506883926401,4.2505,5.93563778129));
#6368 = ORIENTED_EDGE('',*,*,#6369,.T.);
#6369 = EDGE_CURVE('',#6361,#6370,#6372,.T.);
#6370 = VERTEX_POINT('',#6371);
#6371 = CARTESIAN_POINT('',(-0.448866893824,4.2505,5.93604925879));
#6372 = B_SPLINE_CURVE_WITH_KNOTS('',1,(#6373,#6374),.UNSPECIFIED.,.F.,
  .F.,(2,2),(-5.801849173091E-02,0.),.PIECEWISE_BEZIER_KNOTS.);
#6373 = CARTESIAN_POINT('',(-0.506883926401,4.2505,5.93563778129));
#6374 = CARTESIAN_POINT('',(-0.448866893824,4.2505,5.93604925879));
#6375 = ORIENTED_EDGE('',*,*,#6376,.T.);
#6376 = EDGE_CURVE('',#6370,#6325,#6377,.T.);
#6377 = B_SPLINE_CURVE_WITH_KNOTS('',1,(#6378,#6379),.UNSPECIFIED.,.F.,
  .F.,(2,2),(-0.203376648431,0.),.PIECEWISE_BEZIER_KNOTS.);
#6378 = CARTESIAN_POINT('',(-0.448866893824,4.2505,5.93604925879));
#6379 = CARTESIAN_POINT('',(-0.447424510329,4.2505,5.732677725243));
#6380 = FACE_BOUND('',#6381,.T.);
#6381 = EDGE_LOOP('',(#6382,#6391,#6398,#6407,#6416,#6425,#6434));
#6382 = ORIENTED_EDGE('',*,*,#6383,.F.);
#6383 = EDGE_CURVE('',#6384,#6386,#6388,.T.);
#6384 = VERTEX_POINT('',#6385);
#6385 = CARTESIAN_POINT('',(-0.474954202585,4.2505,5.912469096786));
#6386 = VERTEX_POINT('',#6387);
#6387 = CARTESIAN_POINT('',(-0.473842180953,4.2505,5.755677546383));
#6388 = B_SPLINE_CURVE_WITH_KNOTS('',1,(#6389,#6390),.UNSPECIFIED.,.F.,
  .F.,(2,2),(0.,0.156795493781),.PIECEWISE_BEZIER_KNOTS.);
#6389 = CARTESIAN_POINT('',(-0.474954202585,4.2505,5.912469096786));
#6390 = CARTESIAN_POINT('',(-0.473842180953,4.2505,5.755677546383));
#6391 = ORIENTED_EDGE('',*,*,#6392,.F.);
#6392 = EDGE_CURVE('',#6393,#6384,#6395,.T.);
#6393 = VERTEX_POINT('',#6394);
#6394 = CARTESIAN_POINT('',(-0.505678276286,4.2505,5.91225119069));
#6395 = B_SPLINE_CURVE_WITH_KNOTS('',1,(#6396,#6397),.UNSPECIFIED.,.F.,
  .F.,(2,2),(-5.865931508672E-17,3.072484642542E-02),
  .PIECEWISE_BEZIER_KNOTS.);
#6396 = CARTESIAN_POINT('',(-0.505678276286,4.2505,5.91225119069));
#6397 = CARTESIAN_POINT('',(-0.474954202585,4.2505,5.912469096786));
#6398 = ORIENTED_EDGE('',*,*,#6399,.F.);
#6399 = EDGE_CURVE('',#6400,#6393,#6402,.T.);
#6400 = VERTEX_POINT('',#6401);
#6401 = CARTESIAN_POINT('',(-0.564235450174,4.2505,5.892703855488));
#6402 = B_SPLINE_CURVE_WITH_KNOTS('',3,(#6403,#6404,#6405,#6406),
  .UNSPECIFIED.,.F.,.F.,(4,4),(5.,6.),.PIECEWISE_BEZIER_KNOTS.);
#6403 = CARTESIAN_POINT('',(-0.564235450174,4.2505,5.892703855488));
#6404 = CARTESIAN_POINT('',(-0.549457987941,4.2505,5.905598006544));
#6405 = CARTESIAN_POINT('',(-0.529904026448,4.2505,5.912079373024));
#6406 = CARTESIAN_POINT('',(-0.505678276286,4.2505,5.91225119069));
#6407 = ORIENTED_EDGE('',*,*,#6408,.F.);
#6408 = EDGE_CURVE('',#6409,#6400,#6411,.T.);
#6409 = VERTEX_POINT('',#6410);
#6410 = CARTESIAN_POINT('',(-0.586131380973,4.2505,5.835256459657));
#6411 = B_SPLINE_CURVE_WITH_KNOTS('',3,(#6412,#6413,#6414,#6415),
  .UNSPECIFIED.,.F.,.F.,(4,4),(4.,5.),.PIECEWISE_BEZIER_KNOTS.);
#6412 = CARTESIAN_POINT('',(-0.586131380973,4.2505,5.835256459657));
#6413 = CARTESIAN_POINT('',(-0.586311310202,4.2505,5.860625914763));
#6414 = CARTESIAN_POINT('',(-0.579012912407,4.2505,5.879809704432));
#6415 = CARTESIAN_POINT('',(-0.564235450174,4.2505,5.892703855488));
#6416 = ORIENTED_EDGE('',*,*,#6417,.F.);
#6417 = EDGE_CURVE('',#6418,#6409,#6420,.T.);
#6418 = VERTEX_POINT('',#6419);
#6419 = CARTESIAN_POINT('',(-0.563981397987,4.2505,5.776249841846));
#6420 = B_SPLINE_CURVE_WITH_KNOTS('',3,(#6421,#6422,#6423,#6424),
  .UNSPECIFIED.,.F.,.F.,(4,4),(3.,4.),.PIECEWISE_BEZIER_KNOTS.);
#6421 = CARTESIAN_POINT('',(-0.563981397987,4.2505,5.776249841846));
#6422 = CARTESIAN_POINT('',(-0.578585207139,4.2505,5.790183351321));
#6423 = CARTESIAN_POINT('',(-0.585951451743,4.2505,5.809887004552));
#6424 = CARTESIAN_POINT('',(-0.586131380973,4.2505,5.835256459657));
#6425 = ORIENTED_EDGE('',*,*,#6426,.F.);
#6426 = EDGE_CURVE('',#6427,#6418,#6429,.T.);
#6427 = VERTEX_POINT('',#6428);
#6428 = CARTESIAN_POINT('',(-0.503370563124,4.2505,5.755468120558));
#6429 = B_SPLINE_CURVE_WITH_KNOTS('',3,(#6430,#6431,#6432,#6433),
  .UNSPECIFIED.,.F.,.F.,(4,4),(2.,3.),.PIECEWISE_BEZIER_KNOTS.);
#6430 = CARTESIAN_POINT('',(-0.503370563124,4.2505,5.755468120558));
#6431 = CARTESIAN_POINT('',(-0.529207897524,4.2505,5.755284872962));
#6432 = CARTESIAN_POINT('',(-0.549428838008,4.2505,5.762211990489));
#6433 = CARTESIAN_POINT('',(-0.563981397987,4.2505,5.776249841846));
#6434 = ORIENTED_EDGE('',*,*,#6435,.F.);
#6435 = EDGE_CURVE('',#6386,#6427,#6436,.T.);
#6436 = B_SPLINE_CURVE_WITH_KNOTS('',1,(#6437,#6438),.UNSPECIFIED.,.F.,
  .F.,(2,2),(0.,2.952912482302E-02),.PIECEWISE_BEZIER_KNOTS.);
#6437 = CARTESIAN_POINT('',(-0.473842180953,4.2505,5.755677546383));
#6438 = CARTESIAN_POINT('',(-0.503370563124,4.2505,5.755468120558));
#6439 = B_SPLINE_SURFACE_WITH_KNOTS('',1,1,(
    (#6440,#6441)
    ,(#6442,#6443
    )),.UNSPECIFIED.,.F.,.F.,.F.,(2,2),(2,2),(-0.196565436403,
    7.431056249498E-03),(-6.477592443392E-02,0.10175483683),
  .PIECEWISE_BEZIER_KNOTS.);
#6440 = CARTESIAN_POINT('',(-0.613955271593,4.2505,5.732052766137));
#6441 = CARTESIAN_POINT('',(-0.447424510329,4.2505,5.732052766137));
#6442 = CARTESIAN_POINT('',(-0.613955271593,4.2505,5.93604925879));
#6443 = CARTESIAN_POINT('',(-0.447424510329,4.2505,5.93604925879));
#6444 = ADVANCED_FACE('',(#6445),#6459,.F.);
#6445 = FACE_BOUND('',#6446,.T.);
#6446 = EDGE_LOOP('',(#6447,#6448,#6453,#6454));
#6447 = ORIENTED_EDGE('',*,*,#2958,.T.);
#6448 = ORIENTED_EDGE('',*,*,#6449,.F.);
#6449 = EDGE_CURVE('',#6327,#2948,#6450,.T.);
#6450 = B_SPLINE_CURVE_WITH_KNOTS('',1,(#6451,#6452),.UNSPECIFIED.,.F.,
  .F.,(2,2),(-0.,1.E-03),.PIECEWISE_BEZIER_KNOTS.);
#6451 = CARTESIAN_POINT('',(-0.503362079372,4.2505,5.732280996041));
#6452 = CARTESIAN_POINT('',(-0.503362079372,4.2495,5.732280996041));
#6453 = ORIENTED_EDGE('',*,*,#6324,.F.);
#6454 = ORIENTED_EDGE('',*,*,#6455,.T.);
#6455 = EDGE_CURVE('',#6325,#2959,#6456,.T.);
#6456 = B_SPLINE_CURVE_WITH_KNOTS('',1,(#6457,#6458),.UNSPECIFIED.,.F.,
  .F.,(2,2),(-0.,1.E-03),.PIECEWISE_BEZIER_KNOTS.);
#6457 = CARTESIAN_POINT('',(-0.447424510329,4.2505,5.732677725243));
#6458 = CARTESIAN_POINT('',(-0.447424510329,4.2495,5.732677725243));
#6459 = B_SPLINE_SURFACE_WITH_KNOTS('',1,1,(
    (#6460,#6461)
    ,(#6462,#6463
    )),.UNSPECIFIED.,.F.,.F.,.F.,(2,2),(2,2),(-3.491393528737E-18,
    5.593897589787E-02),(-1.E-03,8.881784197001E-16),
  .PIECEWISE_BEZIER_KNOTS.);
#6460 = CARTESIAN_POINT('',(-0.503362079372,4.2495,5.732280996041));
#6461 = CARTESIAN_POINT('',(-0.503362079372,4.2505,5.732280996041));
#6462 = CARTESIAN_POINT('',(-0.447424510329,4.2495,5.732677725243));
#6463 = CARTESIAN_POINT('',(-0.447424510329,4.2505,5.732677725243));
#6464 = ADVANCED_FACE('',(#6465),#6475,.F.);
#6465 = FACE_BOUND('',#6466,.F.);
#6466 = EDGE_LOOP('',(#6467,#6468,#6469,#6474));
#6467 = ORIENTED_EDGE('',*,*,#6449,.F.);
#6468 = ORIENTED_EDGE('',*,*,#6333,.T.);
#6469 = ORIENTED_EDGE('',*,*,#6470,.T.);
#6470 = EDGE_CURVE('',#6334,#2950,#6471,.T.);
#6471 = B_SPLINE_CURVE_WITH_KNOTS('',1,(#6472,#6473),.UNSPECIFIED.,.F.,
  .F.,(2,2),(-0.,1.E-03),.PIECEWISE_BEZIER_KNOTS.);
#6472 = CARTESIAN_POINT('',(-0.582531758721,4.2505,5.760209579847));
#6473 = CARTESIAN_POINT('',(-0.582531758721,4.2495,5.760209579847));
#6474 = ORIENTED_EDGE('',*,*,#2947,.F.);
#6475 = B_SPLINE_SURFACE_WITH_KNOTS('',3,1,(
    (#6476,#6477)
    ,(#6478,#6479)
    ,(#6480,#6481)
    ,(#6482,#6483
    )),.UNSPECIFIED.,.F.,.F.,.F.,(4,4),(2,2),(5.,6.),(0.,1.),
  .PIECEWISE_BEZIER_KNOTS.);
#6476 = CARTESIAN_POINT('',(-0.503362079372,4.2505,5.732280996041));
#6477 = CARTESIAN_POINT('',(-0.503362079372,4.2495,5.732280996041));
#6478 = CARTESIAN_POINT('',(-0.535541777547,4.2505,5.732052766137));
#6479 = CARTESIAN_POINT('',(-0.535541777547,4.2495,5.732052766137));
#6480 = CARTESIAN_POINT('',(-0.561966082585,4.2505,5.741327390542));
#6481 = CARTESIAN_POINT('',(-0.561966082585,4.2495,5.741327390542));
#6482 = CARTESIAN_POINT('',(-0.582531758721,4.2505,5.760209579847));
#6483 = CARTESIAN_POINT('',(-0.582531758721,4.2495,5.760209579847));
#6484 = ADVANCED_FACE('',(#6485),#6495,.F.);
#6485 = FACE_BOUND('',#6486,.F.);
#6486 = EDGE_LOOP('',(#6487,#6488,#6489,#6494));
#6487 = ORIENTED_EDGE('',*,*,#6470,.F.);
#6488 = ORIENTED_EDGE('',*,*,#6342,.T.);
#6489 = ORIENTED_EDGE('',*,*,#6490,.T.);
#6490 = EDGE_CURVE('',#6343,#2989,#6491,.T.);
#6491 = B_SPLINE_CURVE_WITH_KNOTS('',1,(#6492,#6493),.UNSPECIFIED.,.F.,
  .F.,(2,2),(-0.,1.E-03),.PIECEWISE_BEZIER_KNOTS.);
#6492 = CARTESIAN_POINT('',(-0.613741421279,4.2505,5.835788488245));
#6493 = CARTESIAN_POINT('',(-0.613741421279,4.2495,5.835788488245));
#6494 = ORIENTED_EDGE('',*,*,#2997,.F.);
#6495 = B_SPLINE_SURFACE_WITH_KNOTS('',3,1,(
    (#6496,#6497)
    ,(#6498,#6499)
    ,(#6500,#6501)
    ,(#6502,#6503
    )),.UNSPECIFIED.,.F.,.F.,.F.,(4,4),(2,2),(4.,5.),(0.,1.),
  .PIECEWISE_BEZIER_KNOTS.);
#6496 = CARTESIAN_POINT('',(-0.582531758721,4.2505,5.760209579847));
#6497 = CARTESIAN_POINT('',(-0.582531758721,4.2495,5.760209579847));
#6498 = CARTESIAN_POINT('',(-0.603097434857,4.2505,5.779091769154));
#6499 = CARTESIAN_POINT('',(-0.603097434857,4.2495,5.779091769154));
#6500 = CARTESIAN_POINT('',(-0.613517984572,4.2505,5.804284615717));
#6501 = CARTESIAN_POINT('',(-0.613517984572,4.2495,5.804284615717));
#6502 = CARTESIAN_POINT('',(-0.613741421279,4.2505,5.835788488245));
#6503 = CARTESIAN_POINT('',(-0.613741421279,4.2495,5.835788488245));
#6504 = ADVANCED_FACE('',(#6505),#6515,.F.);
#6505 = FACE_BOUND('',#6506,.F.);
#6506 = EDGE_LOOP('',(#6507,#6508,#6509,#6514));
#6507 = ORIENTED_EDGE('',*,*,#6490,.F.);
#6508 = ORIENTED_EDGE('',*,*,#6351,.T.);
#6509 = ORIENTED_EDGE('',*,*,#6510,.T.);
#6510 = EDGE_CURVE('',#6352,#2980,#6511,.T.);
#6511 = B_SPLINE_CURVE_WITH_KNOTS('',1,(#6512,#6513),.UNSPECIFIED.,.F.,
  .F.,(2,2),(-0.,1.E-03),.PIECEWISE_BEZIER_KNOTS.);
#6512 = CARTESIAN_POINT('',(-0.583581100088,4.2505,5.908163410235));
#6513 = CARTESIAN_POINT('',(-0.583581100088,4.2495,5.908163410235));
#6514 = ORIENTED_EDGE('',*,*,#2988,.F.);
#6515 = B_SPLINE_SURFACE_WITH_KNOTS('',3,1,(
    (#6516,#6517)
    ,(#6518,#6519)
    ,(#6520,#6521)
    ,(#6522,#6523
    )),.UNSPECIFIED.,.F.,.F.,.F.,(4,4),(2,2),(3.,4.),(0.,1.),
  .PIECEWISE_BEZIER_KNOTS.);
#6516 = CARTESIAN_POINT('',(-0.613741421279,4.2505,5.835788488245));
#6517 = CARTESIAN_POINT('',(-0.613741421279,4.2495,5.835788488245));
#6518 = CARTESIAN_POINT('',(-0.613955271593,4.2505,5.865940709476));
#6519 = CARTESIAN_POINT('',(-0.613955271593,4.2495,5.865940709476));
#6520 = CARTESIAN_POINT('',(-0.603884256528,4.2505,5.890031148649));
#6521 = CARTESIAN_POINT('',(-0.603884256528,4.2495,5.890031148649));
#6522 = CARTESIAN_POINT('',(-0.583581100088,4.2505,5.908163410235));
#6523 = CARTESIAN_POINT('',(-0.583581100088,4.2495,5.908163410235));
#6524 = ADVANCED_FACE('',(#6525),#6535,.F.);
#6525 = FACE_BOUND('',#6526,.F.);
#6526 = EDGE_LOOP('',(#6527,#6528,#6529,#6534));
#6527 = ORIENTED_EDGE('',*,*,#6510,.F.);
#6528 = ORIENTED_EDGE('',*,*,#6360,.T.);
#6529 = ORIENTED_EDGE('',*,*,#6530,.T.);
#6530 = EDGE_CURVE('',#6361,#2973,#6531,.T.);
#6531 = B_SPLINE_CURVE_WITH_KNOTS('',1,(#6532,#6533),.UNSPECIFIED.,.F.,
  .F.,(2,2),(-0.,1.E-03),.PIECEWISE_BEZIER_KNOTS.);
#6532 = CARTESIAN_POINT('',(-0.506883926401,4.2505,5.93563778129));
#6533 = CARTESIAN_POINT('',(-0.506883926401,4.2495,5.93563778129));
#6534 = ORIENTED_EDGE('',*,*,#2979,.F.);
#6535 = B_SPLINE_SURFACE_WITH_KNOTS('',3,1,(
    (#6536,#6537)
    ,(#6538,#6539)
    ,(#6540,#6541)
    ,(#6542,#6543
    )),.UNSPECIFIED.,.F.,.F.,.F.,(4,4),(2,2),(2.,3.),(0.,1.),
  .PIECEWISE_BEZIER_KNOTS.);
#6536 = CARTESIAN_POINT('',(-0.583581100088,4.2505,5.908163410235));
#6537 = CARTESIAN_POINT('',(-0.583581100088,4.2495,5.908163410235));
#6538 = CARTESIAN_POINT('',(-0.563277943647,4.2505,5.92629567182));
#6539 = CARTESIAN_POINT('',(-0.563277943647,4.2495,5.92629567182));
#6540 = CARTESIAN_POINT('',(-0.53771197328,4.2505,5.935419137779));
#6541 = CARTESIAN_POINT('',(-0.53771197328,4.2495,5.935419137779));
#6542 = CARTESIAN_POINT('',(-0.506883926401,4.2505,5.93563778129));
#6543 = CARTESIAN_POINT('',(-0.506883926401,4.2495,5.93563778129));
#6544 = ADVANCED_FACE('',(#6545),#6555,.F.);
#6545 = FACE_BOUND('',#6546,.T.);
#6546 = EDGE_LOOP('',(#6547,#6548,#6553,#6554));
#6547 = ORIENTED_EDGE('',*,*,#2972,.T.);
#6548 = ORIENTED_EDGE('',*,*,#6549,.F.);
#6549 = EDGE_CURVE('',#6370,#2966,#6550,.T.);
#6550 = B_SPLINE_CURVE_WITH_KNOTS('',1,(#6551,#6552),.UNSPECIFIED.,.F.,
  .F.,(2,2),(-0.,1.E-03),.PIECEWISE_BEZIER_KNOTS.);
#6551 = CARTESIAN_POINT('',(-0.448866893824,4.2505,5.93604925879));
#6552 = CARTESIAN_POINT('',(-0.448866893824,4.2495,5.93604925879));
#6553 = ORIENTED_EDGE('',*,*,#6369,.F.);
#6554 = ORIENTED_EDGE('',*,*,#6530,.T.);
#6555 = B_SPLINE_SURFACE_WITH_KNOTS('',1,1,(
    (#6556,#6557)
    ,(#6558,#6559
    )),.UNSPECIFIED.,.F.,.F.,.F.,(2,2),(2,2),(0.,5.801849173091E-02),(
    -1.E-03,0.),.PIECEWISE_BEZIER_KNOTS.);
#6556 = CARTESIAN_POINT('',(-0.448866893824,4.2495,5.93604925879));
#6557 = CARTESIAN_POINT('',(-0.448866893824,4.2505,5.93604925879));
#6558 = CARTESIAN_POINT('',(-0.506883926401,4.2495,5.93563778129));
#6559 = CARTESIAN_POINT('',(-0.506883926401,4.2505,5.93563778129));
#6560 = ADVANCED_FACE('',(#6561),#6567,.F.);
#6561 = FACE_BOUND('',#6562,.T.);
#6562 = EDGE_LOOP('',(#6563,#6564,#6565,#6566));
#6563 = ORIENTED_EDGE('',*,*,#2965,.T.);
#6564 = ORIENTED_EDGE('',*,*,#6455,.F.);
#6565 = ORIENTED_EDGE('',*,*,#6376,.F.);
#6566 = ORIENTED_EDGE('',*,*,#6549,.T.);
#6567 = B_SPLINE_SURFACE_WITH_KNOTS('',1,1,(
    (#6568,#6569)
    ,(#6570,#6571
    )),.UNSPECIFIED.,.F.,.F.,.F.,(2,2),(2,2),(0.,0.203376648431),(
    -1.E-03,9.244463733059E-32),.PIECEWISE_BEZIER_KNOTS.);
#6568 = CARTESIAN_POINT('',(-0.447424510329,4.2495,5.732677725243));
#6569 = CARTESIAN_POINT('',(-0.447424510329,4.2505,5.732677725243));
#6570 = CARTESIAN_POINT('',(-0.448866893824,4.2495,5.93604925879));
#6571 = CARTESIAN_POINT('',(-0.448866893824,4.2505,5.93604925879));
#6572 = ADVANCED_FACE('',(#6573),#6595,.T.);
#6573 = FACE_BOUND('',#6574,.T.);
#6574 = EDGE_LOOP('',(#6575,#6584,#6589,#6590));
#6575 = ORIENTED_EDGE('',*,*,#6576,.F.);
#6576 = EDGE_CURVE('',#6577,#6579,#6581,.T.);
#6577 = VERTEX_POINT('',#6578);
#6578 = CARTESIAN_POINT('',(-0.505678276286,4.2495,5.91225119069));
#6579 = VERTEX_POINT('',#6580);
#6580 = CARTESIAN_POINT('',(-0.474954202585,4.2495,5.912469096786));
#6581 = B_SPLINE_CURVE_WITH_KNOTS('',1,(#6582,#6583),.UNSPECIFIED.,.F.,
  .F.,(2,2),(-5.865931508672E-17,3.072484642542E-02),
  .PIECEWISE_BEZIER_KNOTS.);
#6582 = CARTESIAN_POINT('',(-0.505678276286,4.2495,5.91225119069));
#6583 = CARTESIAN_POINT('',(-0.474954202585,4.2495,5.912469096786));
#6584 = ORIENTED_EDGE('',*,*,#6585,.F.);
#6585 = EDGE_CURVE('',#6393,#6577,#6586,.T.);
#6586 = B_SPLINE_CURVE_WITH_KNOTS('',1,(#6587,#6588),.UNSPECIFIED.,.F.,
  .F.,(2,2),(-0.,1.E-03),.PIECEWISE_BEZIER_KNOTS.);
#6587 = CARTESIAN_POINT('',(-0.505678276286,4.2505,5.91225119069));
#6588 = CARTESIAN_POINT('',(-0.505678276286,4.2495,5.91225119069));
#6589 = ORIENTED_EDGE('',*,*,#6392,.T.);
#6590 = ORIENTED_EDGE('',*,*,#6591,.T.);
#6591 = EDGE_CURVE('',#6384,#6579,#6592,.T.);
#6592 = B_SPLINE_CURVE_WITH_KNOTS('',1,(#6593,#6594),.UNSPECIFIED.,.F.,
  .F.,(2,2),(-0.,9.999999999994E-04),.PIECEWISE_BEZIER_KNOTS.);
#6593 = CARTESIAN_POINT('',(-0.474954202585,4.2505,5.912469096786));
#6594 = CARTESIAN_POINT('',(-0.474954202585,4.2495,5.912469096786));
#6595 = B_SPLINE_SURFACE_WITH_KNOTS('',1,1,(
    (#6596,#6597)
    ,(#6598,#6599
    )),.UNSPECIFIED.,.F.,.F.,.F.,(2,2),(2,2),(-3.072484642542E-02,
    5.900114866485E-17),(-1.E-03,8.881784197001E-16),
  .PIECEWISE_BEZIER_KNOTS.);
#6596 = CARTESIAN_POINT('',(-0.474954202585,4.2495,5.912469096786));
#6597 = CARTESIAN_POINT('',(-0.474954202585,4.2505,5.912469096786));
#6598 = CARTESIAN_POINT('',(-0.505678276286,4.2495,5.91225119069));
#6599 = CARTESIAN_POINT('',(-0.505678276286,4.2505,5.91225119069));
#6600 = ADVANCED_FACE('',(#6601),#6617,.T.);
#6601 = FACE_BOUND('',#6602,.T.);
#6602 = EDGE_LOOP('',(#6603,#6610,#6611,#6612));
#6603 = ORIENTED_EDGE('',*,*,#6604,.F.);
#6604 = EDGE_CURVE('',#6579,#6605,#6607,.T.);
#6605 = VERTEX_POINT('',#6606);
#6606 = CARTESIAN_POINT('',(-0.473842180953,4.2495,5.755677546383));
#6607 = B_SPLINE_CURVE_WITH_KNOTS('',1,(#6608,#6609),.UNSPECIFIED.,.F.,
  .F.,(2,2),(0.,0.156795493781),.PIECEWISE_BEZIER_KNOTS.);
#6608 = CARTESIAN_POINT('',(-0.474954202585,4.2495,5.912469096786));
#6609 = CARTESIAN_POINT('',(-0.473842180953,4.2495,5.755677546383));
#6610 = ORIENTED_EDGE('',*,*,#6591,.F.);
#6611 = ORIENTED_EDGE('',*,*,#6383,.T.);
#6612 = ORIENTED_EDGE('',*,*,#6613,.T.);
#6613 = EDGE_CURVE('',#6386,#6605,#6614,.T.);
#6614 = B_SPLINE_CURVE_WITH_KNOTS('',1,(#6615,#6616),.UNSPECIFIED.,.F.,
  .F.,(2,2),(-0.,9.999999999994E-04),.PIECEWISE_BEZIER_KNOTS.);
#6615 = CARTESIAN_POINT('',(-0.473842180953,4.2505,5.755677546383));
#6616 = CARTESIAN_POINT('',(-0.473842180953,4.2495,5.755677546383));
#6617 = B_SPLINE_SURFACE_WITH_KNOTS('',1,1,(
    (#6618,#6619)
    ,(#6620,#6621
    )),.UNSPECIFIED.,.F.,.F.,.F.,(2,2),(2,2),(-0.156795493781,
    2.476220891927E-20),(-1.E-03,0.),.PIECEWISE_BEZIER_KNOTS.);
#6618 = CARTESIAN_POINT('',(-0.473842180953,4.2495,5.755677546383));
#6619 = CARTESIAN_POINT('',(-0.473842180953,4.2505,5.755677546383));
#6620 = CARTESIAN_POINT('',(-0.474954202585,4.2495,5.912469096786));
#6621 = CARTESIAN_POINT('',(-0.474954202585,4.2505,5.912469096786));
#6622 = ADVANCED_FACE('',(#6623),#6639,.T.);
#6623 = FACE_BOUND('',#6624,.T.);
#6624 = EDGE_LOOP('',(#6625,#6632,#6633,#6634));
#6625 = ORIENTED_EDGE('',*,*,#6626,.F.);
#6626 = EDGE_CURVE('',#6605,#6627,#6629,.T.);
#6627 = VERTEX_POINT('',#6628);
#6628 = CARTESIAN_POINT('',(-0.503370563124,4.2495,5.755468120558));
#6629 = B_SPLINE_CURVE_WITH_KNOTS('',1,(#6630,#6631),.UNSPECIFIED.,.F.,
  .F.,(2,2),(2.220390205445E-16,2.952912482302E-02),
  .PIECEWISE_BEZIER_KNOTS.);
#6630 = CARTESIAN_POINT('',(-0.473842180953,4.2495,5.755677546383));
#6631 = CARTESIAN_POINT('',(-0.503370563124,4.2495,5.755468120558));
#6632 = ORIENTED_EDGE('',*,*,#6613,.F.);
#6633 = ORIENTED_EDGE('',*,*,#6435,.T.);
#6634 = ORIENTED_EDGE('',*,*,#6635,.T.);
#6635 = EDGE_CURVE('',#6427,#6627,#6636,.T.);
#6636 = B_SPLINE_CURVE_WITH_KNOTS('',1,(#6637,#6638),.UNSPECIFIED.,.F.,
  .F.,(2,2),(-0.,9.999999999994E-04),.PIECEWISE_BEZIER_KNOTS.);
#6637 = CARTESIAN_POINT('',(-0.503370563124,4.2505,5.755468120558));
#6638 = CARTESIAN_POINT('',(-0.503370563124,4.2495,5.755468120558));
#6639 = B_SPLINE_SURFACE_WITH_KNOTS('',1,1,(
    (#6640,#6641)
    ,(#6642,#6643
    )),.UNSPECIFIED.,.F.,.F.,.F.,(2,2),(2,2),(-2.952912482302E-02,0.),(
    -1.E-03,5.496423505349E-33),.PIECEWISE_BEZIER_KNOTS.);
#6640 = CARTESIAN_POINT('',(-0.503370563124,4.2495,5.755468120558));
#6641 = CARTESIAN_POINT('',(-0.503370563124,4.2505,5.755468120558));
#6642 = CARTESIAN_POINT('',(-0.473842180953,4.2495,5.755677546383));
#6643 = CARTESIAN_POINT('',(-0.473842180953,4.2505,5.755677546383));
#6644 = ADVANCED_FACE('',(#6645),#6663,.T.);
#6645 = FACE_BOUND('',#6646,.T.);
#6646 = EDGE_LOOP('',(#6647,#6656,#6657,#6658));
#6647 = ORIENTED_EDGE('',*,*,#6648,.F.);
#6648 = EDGE_CURVE('',#6627,#6649,#6651,.T.);
#6649 = VERTEX_POINT('',#6650);
#6650 = CARTESIAN_POINT('',(-0.563981397987,4.2495,5.776249841846));
#6651 = B_SPLINE_CURVE_WITH_KNOTS('',3,(#6652,#6653,#6654,#6655),
  .UNSPECIFIED.,.F.,.F.,(4,4),(2.,3.),.PIECEWISE_BEZIER_KNOTS.);
#6652 = CARTESIAN_POINT('',(-0.503370563124,4.2495,5.755468120558));
#6653 = CARTESIAN_POINT('',(-0.529207897524,4.2495,5.755284872962));
#6654 = CARTESIAN_POINT('',(-0.549428838008,4.2495,5.762211990489));
#6655 = CARTESIAN_POINT('',(-0.563981397987,4.2495,5.776249841846));
#6656 = ORIENTED_EDGE('',*,*,#6635,.F.);
#6657 = ORIENTED_EDGE('',*,*,#6426,.T.);
#6658 = ORIENTED_EDGE('',*,*,#6659,.T.);
#6659 = EDGE_CURVE('',#6418,#6649,#6660,.T.);
#6660 = B_SPLINE_CURVE_WITH_KNOTS('',1,(#6661,#6662),.UNSPECIFIED.,.F.,
  .F.,(2,2),(-0.,1.E-03),.PIECEWISE_BEZIER_KNOTS.);
#6661 = CARTESIAN_POINT('',(-0.563981397987,4.2505,5.776249841846));
#6662 = CARTESIAN_POINT('',(-0.563981397987,4.2495,5.776249841846));
#6663 = B_SPLINE_SURFACE_WITH_KNOTS('',3,1,(
    (#6664,#6665)
    ,(#6666,#6667)
    ,(#6668,#6669)
    ,(#6670,#6671
    )),.UNSPECIFIED.,.F.,.F.,.F.,(4,4),(2,2),(2.,3.),(0.,1.),
  .PIECEWISE_BEZIER_KNOTS.);
#6664 = CARTESIAN_POINT('',(-0.503370563124,4.2505,5.755468120558));
#6665 = CARTESIAN_POINT('',(-0.503370563124,4.2495,5.755468120558));
#6666 = CARTESIAN_POINT('',(-0.529207897524,4.2505,5.755284872962));
#6667 = CARTESIAN_POINT('',(-0.529207897524,4.2495,5.755284872962));
#6668 = CARTESIAN_POINT('',(-0.549428838008,4.2505,5.762211990489));
#6669 = CARTESIAN_POINT('',(-0.549428838008,4.2495,5.762211990489));
#6670 = CARTESIAN_POINT('',(-0.563981397987,4.2505,5.776249841846));
#6671 = CARTESIAN_POINT('',(-0.563981397987,4.2495,5.776249841846));
#6672 = ADVANCED_FACE('',(#6673),#6691,.T.);
#6673 = FACE_BOUND('',#6674,.T.);
#6674 = EDGE_LOOP('',(#6675,#6684,#6685,#6686));
#6675 = ORIENTED_EDGE('',*,*,#6676,.F.);
#6676 = EDGE_CURVE('',#6649,#6677,#6679,.T.);
#6677 = VERTEX_POINT('',#6678);
#6678 = CARTESIAN_POINT('',(-0.586131380973,4.2495,5.835256459657));
#6679 = B_SPLINE_CURVE_WITH_KNOTS('',3,(#6680,#6681,#6682,#6683),
  .UNSPECIFIED.,.F.,.F.,(4,4),(3.,4.),.PIECEWISE_BEZIER_KNOTS.);
#6680 = CARTESIAN_POINT('',(-0.563981397987,4.2495,5.776249841846));
#6681 = CARTESIAN_POINT('',(-0.578585207139,4.2495,5.790183351321));
#6682 = CARTESIAN_POINT('',(-0.585951451743,4.2495,5.809887004552));
#6683 = CARTESIAN_POINT('',(-0.586131380973,4.2495,5.835256459657));
#6684 = ORIENTED_EDGE('',*,*,#6659,.F.);
#6685 = ORIENTED_EDGE('',*,*,#6417,.T.);
#6686 = ORIENTED_EDGE('',*,*,#6687,.T.);
#6687 = EDGE_CURVE('',#6409,#6677,#6688,.T.);
#6688 = B_SPLINE_CURVE_WITH_KNOTS('',1,(#6689,#6690),.UNSPECIFIED.,.F.,
  .F.,(2,2),(-0.,1.E-03),.PIECEWISE_BEZIER_KNOTS.);
#6689 = CARTESIAN_POINT('',(-0.586131380973,4.2505,5.835256459657));
#6690 = CARTESIAN_POINT('',(-0.586131380973,4.2495,5.835256459657));
#6691 = B_SPLINE_SURFACE_WITH_KNOTS('',3,1,(
    (#6692,#6693)
    ,(#6694,#6695)
    ,(#6696,#6697)
    ,(#6698,#6699
    )),.UNSPECIFIED.,.F.,.F.,.F.,(4,4),(2,2),(3.,4.),(0.,1.),
  .PIECEWISE_BEZIER_KNOTS.);
#6692 = CARTESIAN_POINT('',(-0.563981397987,4.2505,5.776249841846));
#6693 = CARTESIAN_POINT('',(-0.563981397987,4.2495,5.776249841846));
#6694 = CARTESIAN_POINT('',(-0.578585207139,4.2505,5.790183351321));
#6695 = CARTESIAN_POINT('',(-0.578585207139,4.2495,5.790183351321));
#6696 = CARTESIAN_POINT('',(-0.585951451743,4.2505,5.809887004552));
#6697 = CARTESIAN_POINT('',(-0.585951451743,4.2495,5.809887004552));
#6698 = CARTESIAN_POINT('',(-0.586131380973,4.2505,5.835256459657));
#6699 = CARTESIAN_POINT('',(-0.586131380973,4.2495,5.835256459657));
#6700 = ADVANCED_FACE('',(#6701),#6719,.T.);
#6701 = FACE_BOUND('',#6702,.T.);
#6702 = EDGE_LOOP('',(#6703,#6712,#6713,#6714));
#6703 = ORIENTED_EDGE('',*,*,#6704,.F.);
#6704 = EDGE_CURVE('',#6677,#6705,#6707,.T.);
#6705 = VERTEX_POINT('',#6706);
#6706 = CARTESIAN_POINT('',(-0.564235450174,4.2495,5.892703855488));
#6707 = B_SPLINE_CURVE_WITH_KNOTS('',3,(#6708,#6709,#6710,#6711),
  .UNSPECIFIED.,.F.,.F.,(4,4),(4.,5.),.PIECEWISE_BEZIER_KNOTS.);
#6708 = CARTESIAN_POINT('',(-0.586131380973,4.2495,5.835256459657));
#6709 = CARTESIAN_POINT('',(-0.586311310202,4.2495,5.860625914763));
#6710 = CARTESIAN_POINT('',(-0.579012912407,4.2495,5.879809704432));
#6711 = CARTESIAN_POINT('',(-0.564235450174,4.2495,5.892703855488));
#6712 = ORIENTED_EDGE('',*,*,#6687,.F.);
#6713 = ORIENTED_EDGE('',*,*,#6408,.T.);
#6714 = ORIENTED_EDGE('',*,*,#6715,.T.);
#6715 = EDGE_CURVE('',#6400,#6705,#6716,.T.);
#6716 = B_SPLINE_CURVE_WITH_KNOTS('',1,(#6717,#6718),.UNSPECIFIED.,.F.,
  .F.,(2,2),(-0.,1.E-03),.PIECEWISE_BEZIER_KNOTS.);
#6717 = CARTESIAN_POINT('',(-0.564235450174,4.2505,5.892703855488));
#6718 = CARTESIAN_POINT('',(-0.564235450174,4.2495,5.892703855488));
#6719 = B_SPLINE_SURFACE_WITH_KNOTS('',3,1,(
    (#6720,#6721)
    ,(#6722,#6723)
    ,(#6724,#6725)
    ,(#6726,#6727
    )),.UNSPECIFIED.,.F.,.F.,.F.,(4,4),(2,2),(4.,5.),(0.,1.),
  .PIECEWISE_BEZIER_KNOTS.);
#6720 = CARTESIAN_POINT('',(-0.586131380973,4.2505,5.835256459657));
#6721 = CARTESIAN_POINT('',(-0.586131380973,4.2495,5.835256459657));
#6722 = CARTESIAN_POINT('',(-0.586311310202,4.2505,5.860625914763));
#6723 = CARTESIAN_POINT('',(-0.586311310202,4.2495,5.860625914763));
#6724 = CARTESIAN_POINT('',(-0.579012912407,4.2505,5.879809704432));
#6725 = CARTESIAN_POINT('',(-0.579012912407,4.2495,5.879809704432));
#6726 = CARTESIAN_POINT('',(-0.564235450174,4.2505,5.892703855488));
#6727 = CARTESIAN_POINT('',(-0.564235450174,4.2495,5.892703855488));
#6728 = ADVANCED_FACE('',(#6729),#6741,.T.);
#6729 = FACE_BOUND('',#6730,.T.);
#6730 = EDGE_LOOP('',(#6731,#6738,#6739,#6740));
#6731 = ORIENTED_EDGE('',*,*,#6732,.F.);
#6732 = EDGE_CURVE('',#6705,#6577,#6733,.T.);
#6733 = B_SPLINE_CURVE_WITH_KNOTS('',3,(#6734,#6735,#6736,#6737),
  .UNSPECIFIED.,.F.,.F.,(4,4),(5.,6.),.PIECEWISE_BEZIER_KNOTS.);
#6734 = CARTESIAN_POINT('',(-0.564235450174,4.2495,5.892703855488));
#6735 = CARTESIAN_POINT('',(-0.549457987941,4.2495,5.905598006544));
#6736 = CARTESIAN_POINT('',(-0.529904026448,4.2495,5.912079373024));
#6737 = CARTESIAN_POINT('',(-0.505678276286,4.2495,5.91225119069));
#6738 = ORIENTED_EDGE('',*,*,#6715,.F.);
#6739 = ORIENTED_EDGE('',*,*,#6399,.T.);
#6740 = ORIENTED_EDGE('',*,*,#6585,.T.);
#6741 = B_SPLINE_SURFACE_WITH_KNOTS('',3,1,(
    (#6742,#6743)
    ,(#6744,#6745)
    ,(#6746,#6747)
    ,(#6748,#6749
    )),.UNSPECIFIED.,.F.,.F.,.F.,(4,4),(2,2),(5.,6.),(0.,1.),
  .PIECEWISE_BEZIER_KNOTS.);
#6742 = CARTESIAN_POINT('',(-0.564235450174,4.2505,5.892703855488));
#6743 = CARTESIAN_POINT('',(-0.564235450174,4.2495,5.892703855488));
#6744 = CARTESIAN_POINT('',(-0.549457987941,4.2505,5.905598006544));
#6745 = CARTESIAN_POINT('',(-0.549457987941,4.2495,5.905598006544));
#6746 = CARTESIAN_POINT('',(-0.529904026448,4.2505,5.912079373024));
#6747 = CARTESIAN_POINT('',(-0.529904026448,4.2495,5.912079373024));
#6748 = CARTESIAN_POINT('',(-0.505678276286,4.2505,5.91225119069));
#6749 = CARTESIAN_POINT('',(-0.505678276286,4.2495,5.91225119069));
#6750 = ADVANCED_FACE('',(#6751),#6760,.T.);
#6751 = FACE_BOUND('',#6752,.T.);
#6752 = EDGE_LOOP('',(#6753,#6754,#6755,#6756,#6757,#6758,#6759));
#6753 = ORIENTED_EDGE('',*,*,#6576,.T.);
#6754 = ORIENTED_EDGE('',*,*,#6604,.T.);
#6755 = ORIENTED_EDGE('',*,*,#6626,.T.);
#6756 = ORIENTED_EDGE('',*,*,#6648,.T.);
#6757 = ORIENTED_EDGE('',*,*,#6676,.T.);
#6758 = ORIENTED_EDGE('',*,*,#6704,.T.);
#6759 = ORIENTED_EDGE('',*,*,#6732,.T.);
#6760 = B_SPLINE_SURFACE_WITH_KNOTS('',1,1,(
    (#6761,#6762)
    ,(#6763,#6764
    )),.UNSPECIFIED.,.F.,.F.,.F.,(2,2),(2,2),(2.255284772962,
    2.412468996786),(3.213688689798,3.326157819047),
  .PIECEWISE_BEZIER_KNOTS.);
#6761 = CARTESIAN_POINT('',(-0.586311310202,4.2495,5.755284872962));
#6762 = CARTESIAN_POINT('',(-0.473842180953,4.2495,5.755284872962));
#6763 = CARTESIAN_POINT('',(-0.586311310202,4.2495,5.912469096786));
#6764 = CARTESIAN_POINT('',(-0.473842180953,4.2495,5.912469096786));
#6765 = ADVANCED_FACE('',(#6766,#6824),#6872,.F.);
#6766 = FACE_BOUND('',#6767,.T.);
#6767 = EDGE_LOOP('',(#6768,#6777,#6784,#6791,#6798,#6805,#6812,#6819));
#6768 = ORIENTED_EDGE('',*,*,#6769,.T.);
#6769 = EDGE_CURVE('',#6770,#6772,#6774,.T.);
#6770 = VERTEX_POINT('',#6771);
#6771 = CARTESIAN_POINT('',(-0.807275674749,4.2505,5.730125532361));
#6772 = VERTEX_POINT('',#6773);
#6773 = CARTESIAN_POINT('',(-0.731258041632,4.2505,5.934046439989));
#6774 = B_SPLINE_CURVE_WITH_KNOTS('',1,(#6775,#6776),.UNSPECIFIED.,.F.,
  .F.,(2,2),(-0.217629081496,0.),.PIECEWISE_BEZIER_KNOTS.);
#6775 = CARTESIAN_POINT('',(-0.807275674749,4.2505,5.730125532361));
#6776 = CARTESIAN_POINT('',(-0.731258041632,4.2505,5.934046439989));
#6777 = ORIENTED_EDGE('',*,*,#6778,.T.);
#6778 = EDGE_CURVE('',#6772,#6779,#6781,.T.);
#6779 = VERTEX_POINT('',#6780);
#6780 = CARTESIAN_POINT('',(-0.703185283934,4.2505,5.934245542006));
#6781 = B_SPLINE_CURVE_WITH_KNOTS('',1,(#6782,#6783),.UNSPECIFIED.,.F.,
  .F.,(2,2),(-2.807346374045E-02,0.),.PIECEWISE_BEZIER_KNOTS.);
#6782 = CARTESIAN_POINT('',(-0.731258041632,4.2505,5.934046439989));
#6783 = CARTESIAN_POINT('',(-0.703185283934,4.2505,5.934245542006));
#6784 = ORIENTED_EDGE('',*,*,#6785,.T.);
#6785 = EDGE_CURVE('',#6779,#6786,#6788,.T.);
#6786 = VERTEX_POINT('',#6787);
#6787 = CARTESIAN_POINT('',(-0.624282883828,4.2505,5.731423382541));
#6788 = B_SPLINE_CURVE_WITH_KNOTS('',1,(#6789,#6790),.UNSPECIFIED.,.F.,
  .F.,(2,2),(-0.217629081495,0.),.PIECEWISE_BEZIER_KNOTS.);
#6789 = CARTESIAN_POINT('',(-0.703185283934,4.2505,5.934245542006));
#6790 = CARTESIAN_POINT('',(-0.624282883828,4.2505,5.731423382541));
#6791 = ORIENTED_EDGE('',*,*,#6792,.T.);
#6792 = EDGE_CURVE('',#6786,#6793,#6795,.T.);
#6793 = VERTEX_POINT('',#6794);
#6794 = CARTESIAN_POINT('',(-0.653291400115,4.2505,5.731217643791));
#6795 = B_SPLINE_CURVE_WITH_KNOTS('',1,(#6796,#6797),.UNSPECIFIED.,.F.,
  .F.,(2,2),(-2.900924586407E-02,-0.),.PIECEWISE_BEZIER_KNOTS.);
#6796 = CARTESIAN_POINT('',(-0.624282883828,4.2505,5.731423382541));
#6797 = CARTESIAN_POINT('',(-0.653291400115,4.2505,5.731217643791));
#6798 = ORIENTED_EDGE('',*,*,#6799,.T.);
#6799 = EDGE_CURVE('',#6793,#6800,#6802,.T.);
#6800 = VERTEX_POINT('',#6801);
#6801 = CARTESIAN_POINT('',(-0.673232874285,4.2505,5.786704659308));
#6802 = B_SPLINE_CURVE_WITH_KNOTS('',1,(#6803,#6804),.UNSPECIFIED.,.F.,
  .F.,(2,2),(-5.896160855208E-02,0.),.PIECEWISE_BEZIER_KNOTS.);
#6803 = CARTESIAN_POINT('',(-0.653291400115,4.2505,5.731217643791));
#6804 = CARTESIAN_POINT('',(-0.673232874285,4.2505,5.786704659308));
#6805 = ORIENTED_EDGE('',*,*,#6806,.T.);
#6806 = EDGE_CURVE('',#6800,#6807,#6809,.T.);
#6807 = VERTEX_POINT('',#6808);
#6808 = CARTESIAN_POINT('',(-0.757919026675,4.2505,5.786104034892));
#6809 = B_SPLINE_CURVE_WITH_KNOTS('',1,(#6810,#6811),.UNSPECIFIED.,.F.,
  .F.,(2,2),(-8.468828228454E-02,-0.),.PIECEWISE_BEZIER_KNOTS.);
#6810 = CARTESIAN_POINT('',(-0.673232874285,4.2505,5.786704659308));
#6811 = CARTESIAN_POINT('',(-0.757919026675,4.2505,5.786104034892));
#6812 = ORIENTED_EDGE('',*,*,#6813,.T.);
#6813 = EDGE_CURVE('',#6807,#6814,#6816,.T.);
#6814 = VERTEX_POINT('',#6815);
#6815 = CARTESIAN_POINT('',(-0.77826715846,4.2505,5.730331271111));
#6816 = B_SPLINE_CURVE_WITH_KNOTS('',1,(#6817,#6818),.UNSPECIFIED.,.F.,
  .F.,(2,2),(-5.936874301283E-02,0.),.PIECEWISE_BEZIER_KNOTS.);
#6817 = CARTESIAN_POINT('',(-0.757919026675,4.2505,5.786104034892));
#6818 = CARTESIAN_POINT('',(-0.77826715846,4.2505,5.730331271111));
#6819 = ORIENTED_EDGE('',*,*,#6820,.T.);
#6820 = EDGE_CURVE('',#6814,#6770,#6821,.T.);
#6821 = B_SPLINE_CURVE_WITH_KNOTS('',1,(#6822,#6823),.UNSPECIFIED.,.F.,
  .F.,(2,2),(-2.900924586545E-02,-0.),.PIECEWISE_BEZIER_KNOTS.);
#6822 = CARTESIAN_POINT('',(-0.77826715846,4.2505,5.730331271111));
#6823 = CARTESIAN_POINT('',(-0.807275674749,4.2505,5.730125532361));
#6824 = FACE_BOUND('',#6825,.T.);
#6825 = EDGE_LOOP('',(#6826,#6835,#6842,#6851,#6858,#6867));
#6826 = ORIENTED_EDGE('',*,*,#6827,.F.);
#6827 = EDGE_CURVE('',#6828,#6830,#6832,.T.);
#6828 = VERTEX_POINT('',#6829);
#6829 = CARTESIAN_POINT('',(-0.681713697105,4.2505,5.80962373816));
#6830 = VERTEX_POINT('',#6831);
#6831 = CARTESIAN_POINT('',(-0.749972087582,4.2505,5.809139625294));
#6832 = B_SPLINE_CURVE_WITH_KNOTS('',1,(#6833,#6834),.UNSPECIFIED.,.F.,
  .F.,(2,2),(0.,6.826010720605E-02),.PIECEWISE_BEZIER_KNOTS.);
#6833 = CARTESIAN_POINT('',(-0.681713697105,4.2505,5.80962373816));
#6834 = CARTESIAN_POINT('',(-0.749972087582,4.2505,5.809139625294));
#6835 = ORIENTED_EDGE('',*,*,#6836,.F.);
#6836 = EDGE_CURVE('',#6837,#6828,#6839,.T.);
#6837 = VERTEX_POINT('',#6838);
#6838 = CARTESIAN_POINT('',(-0.712725369572,4.2505,5.893938236933));
#6839 = B_SPLINE_CURVE_WITH_KNOTS('',1,(#6840,#6841),.UNSPECIFIED.,.F.,
  .F.,(2,2),(-7.664978262162E-17,8.983684395879E-02),
  .PIECEWISE_BEZIER_KNOTS.);
#6840 = CARTESIAN_POINT('',(-0.712725369572,4.2505,5.893938236933));
#6841 = CARTESIAN_POINT('',(-0.681713697105,4.2505,5.80962373816));
#6842 = ORIENTED_EDGE('',*,*,#6843,.F.);
#6843 = EDGE_CURVE('',#6844,#6837,#6846,.T.);
#6844 = VERTEX_POINT('',#6845);
#6845 = CARTESIAN_POINT('',(-0.716153537063,4.2505,5.90815896486));
#6846 = B_SPLINE_CURVE_WITH_KNOTS('',3,(#6847,#6848,#6849,#6850),
  .UNSPECIFIED.,.F.,.F.,(4,4),(3.,4.),.PIECEWISE_BEZIER_KNOTS.);
#6847 = CARTESIAN_POINT('',(-0.716153537063,4.2505,5.90815896486));
#6848 = CARTESIAN_POINT('',(-0.715122284407,4.2505,5.902031552878));
#6849 = CARTESIAN_POINT('',(-0.713996644968,4.2505,5.897256529608));
#6850 = CARTESIAN_POINT('',(-0.712725369572,4.2505,5.893938236933));
#6851 = ORIENTED_EDGE('',*,*,#6852,.F.);
#6852 = EDGE_CURVE('',#6853,#6844,#6855,.T.);
#6853 = VERTEX_POINT('',#6854);
#6854 = CARTESIAN_POINT('',(-0.716777376122,4.2505,5.90815454037));
#6855 = B_SPLINE_CURVE_WITH_KNOTS('',1,(#6856,#6857),.UNSPECIFIED.,.F.,
  .F.,(2,2),(0.,6.238547490793E-04),.PIECEWISE_BEZIER_KNOTS.);
#6856 = CARTESIAN_POINT('',(-0.716777376122,4.2505,5.90815454037));
#6857 = CARTESIAN_POINT('',(-0.716153537063,4.2505,5.90815896486));
#6858 = ORIENTED_EDGE('',*,*,#6859,.F.);
#6859 = EDGE_CURVE('',#6860,#6853,#6862,.T.);
#6860 = VERTEX_POINT('',#6861);
#6861 = CARTESIAN_POINT('',(-0.719847532173,4.2505,5.893887724014));
#6862 = B_SPLINE_CURVE_WITH_KNOTS('',3,(#6863,#6864,#6865,#6866),
  .UNSPECIFIED.,.F.,.F.,(4,4),(1.,2.),.PIECEWISE_BEZIER_KNOTS.);
#6863 = CARTESIAN_POINT('',(-0.719847532173,4.2505,5.893887724014));
#6864 = CARTESIAN_POINT('',(-0.718879697196,4.2505,5.896702005225));
#6865 = CARTESIAN_POINT('',(-0.717873149099,4.2505,5.901388172323));
#6866 = CARTESIAN_POINT('',(-0.716777376122,4.2505,5.90815454037));
#6867 = ORIENTED_EDGE('',*,*,#6868,.F.);
#6868 = EDGE_CURVE('',#6830,#6860,#6869,.T.);
#6869 = B_SPLINE_CURVE_WITH_KNOTS('',1,(#6870,#6871),.UNSPECIFIED.,.F.,
  .F.,(2,2),(0.,8.994292120644E-02),.PIECEWISE_BEZIER_KNOTS.);
#6870 = CARTESIAN_POINT('',(-0.749972087582,4.2505,5.809139625294));
#6871 = CARTESIAN_POINT('',(-0.719847532173,4.2505,5.893887724014));
#6872 = B_SPLINE_SURFACE_WITH_KNOTS('',1,1,(
    (#6873,#6874)
    ,(#6875,#6876
    )),.UNSPECIFIED.,.F.,.F.,.F.,(2,2),(2,2),(2.065754557994,
    2.269874567639),(-0.757275674749,-0.574282883828),
  .PIECEWISE_BEZIER_KNOTS.);
#6873 = CARTESIAN_POINT('',(-0.807275674749,4.2505,5.934245542006));
#6874 = CARTESIAN_POINT('',(-0.624282883828,4.2505,5.934245542006));
#6875 = CARTESIAN_POINT('',(-0.807275674749,4.2505,5.730125532361));
#6876 = CARTESIAN_POINT('',(-0.624282883828,4.2505,5.730125532361));
#6877 = ADVANCED_FACE('',(#6878),#6892,.F.);
#6878 = FACE_BOUND('',#6879,.T.);
#6879 = EDGE_LOOP('',(#6880,#6881,#6886,#6887));
#6880 = ORIENTED_EDGE('',*,*,#3299,.T.);
#6881 = ORIENTED_EDGE('',*,*,#6882,.F.);
#6882 = EDGE_CURVE('',#6772,#3291,#6883,.T.);
#6883 = B_SPLINE_CURVE_WITH_KNOTS('',1,(#6884,#6885),.UNSPECIFIED.,.F.,
  .F.,(2,2),(-0.,1.E-03),.PIECEWISE_BEZIER_KNOTS.);
#6884 = CARTESIAN_POINT('',(-0.731258041632,4.2505,5.934046439989));
#6885 = CARTESIAN_POINT('',(-0.731258041632,4.2495,5.934046439989));
#6886 = ORIENTED_EDGE('',*,*,#6769,.F.);
#6887 = ORIENTED_EDGE('',*,*,#6888,.T.);
#6888 = EDGE_CURVE('',#6770,#3300,#6889,.T.);
#6889 = B_SPLINE_CURVE_WITH_KNOTS('',1,(#6890,#6891),.UNSPECIFIED.,.F.,
  .F.,(2,2),(-0.,1.E-03),.PIECEWISE_BEZIER_KNOTS.);
#6890 = CARTESIAN_POINT('',(-0.807275674749,4.2505,5.730125532361));
#6891 = CARTESIAN_POINT('',(-0.807275674749,4.2495,5.730125532361));
#6892 = B_SPLINE_SURFACE_WITH_KNOTS('',1,1,(
    (#6893,#6894)
    ,(#6895,#6896
    )),.UNSPECIFIED.,.F.,.F.,.F.,(2,2),(2,2),(-0.,0.217629081496),(
    -1.E-03,8.881784197001E-16),.PIECEWISE_BEZIER_KNOTS.);
#6893 = CARTESIAN_POINT('',(-0.731258041632,4.2495,5.934046439989));
#6894 = CARTESIAN_POINT('',(-0.731258041632,4.2505,5.934046439989));
#6895 = CARTESIAN_POINT('',(-0.807275674749,4.2495,5.730125532361));
#6896 = CARTESIAN_POINT('',(-0.807275674749,4.2505,5.730125532361));
#6897 = ADVANCED_FACE('',(#6898),#6908,.F.);
#6898 = FACE_BOUND('',#6899,.T.);
#6899 = EDGE_LOOP('',(#6900,#6901,#6906,#6907));
#6900 = ORIENTED_EDGE('',*,*,#3290,.T.);
#6901 = ORIENTED_EDGE('',*,*,#6902,.F.);
#6902 = EDGE_CURVE('',#6779,#3293,#6903,.T.);
#6903 = B_SPLINE_CURVE_WITH_KNOTS('',1,(#6904,#6905),.UNSPECIFIED.,.F.,
  .F.,(2,2),(-0.,1.E-03),.PIECEWISE_BEZIER_KNOTS.);
#6904 = CARTESIAN_POINT('',(-0.703185283934,4.2505,5.934245542006));
#6905 = CARTESIAN_POINT('',(-0.703185283934,4.2495,5.934245542006));
#6906 = ORIENTED_EDGE('',*,*,#6778,.F.);
#6907 = ORIENTED_EDGE('',*,*,#6882,.T.);
#6908 = B_SPLINE_SURFACE_WITH_KNOTS('',1,1,(
    (#6909,#6910)
    ,(#6911,#6912
    )),.UNSPECIFIED.,.F.,.F.,.F.,(2,2),(2,2),(-0.,2.807346374045E-02),(
    -1.E-03,6.75844055755E-37),.PIECEWISE_BEZIER_KNOTS.);
#6909 = CARTESIAN_POINT('',(-0.703185283934,4.2495,5.934245542006));
#6910 = CARTESIAN_POINT('',(-0.703185283934,4.2505,5.934245542006));
#6911 = CARTESIAN_POINT('',(-0.731258041632,4.2495,5.934046439989));
#6912 = CARTESIAN_POINT('',(-0.731258041632,4.2505,5.934046439989));
#6913 = ADVANCED_FACE('',(#6914),#6924,.F.);
#6914 = FACE_BOUND('',#6915,.T.);
#6915 = EDGE_LOOP('',(#6916,#6917,#6922,#6923));
#6916 = ORIENTED_EDGE('',*,*,#3341,.T.);
#6917 = ORIENTED_EDGE('',*,*,#6918,.F.);
#6918 = EDGE_CURVE('',#6786,#3335,#6919,.T.);
#6919 = B_SPLINE_CURVE_WITH_KNOTS('',1,(#6920,#6921),.UNSPECIFIED.,.F.,
  .F.,(2,2),(-0.,1.E-03),.PIECEWISE_BEZIER_KNOTS.);
#6920 = CARTESIAN_POINT('',(-0.624282883828,4.2505,5.731423382541));
#6921 = CARTESIAN_POINT('',(-0.624282883828,4.2495,5.731423382541));
#6922 = ORIENTED_EDGE('',*,*,#6785,.F.);
#6923 = ORIENTED_EDGE('',*,*,#6902,.T.);
#6924 = B_SPLINE_SURFACE_WITH_KNOTS('',1,1,(
    (#6925,#6926)
    ,(#6927,#6928
    )),.UNSPECIFIED.,.F.,.F.,.F.,(2,2),(2,2),(0.,0.217629081495),(
    -1.E-03,0.),.PIECEWISE_BEZIER_KNOTS.);
#6925 = CARTESIAN_POINT('',(-0.624282883828,4.2495,5.731423382541));
#6926 = CARTESIAN_POINT('',(-0.624282883828,4.2505,5.731423382541));
#6927 = CARTESIAN_POINT('',(-0.703185283934,4.2495,5.934245542006));
#6928 = CARTESIAN_POINT('',(-0.703185283934,4.2505,5.934245542006));
#6929 = ADVANCED_FACE('',(#6930),#6940,.F.);
#6930 = FACE_BOUND('',#6931,.T.);
#6931 = EDGE_LOOP('',(#6932,#6933,#6938,#6939));
#6932 = ORIENTED_EDGE('',*,*,#3334,.T.);
#6933 = ORIENTED_EDGE('',*,*,#6934,.F.);
#6934 = EDGE_CURVE('',#6793,#3328,#6935,.T.);
#6935 = B_SPLINE_CURVE_WITH_KNOTS('',1,(#6936,#6937),.UNSPECIFIED.,.F.,
  .F.,(2,2),(-0.,1.E-03),.PIECEWISE_BEZIER_KNOTS.);
#6936 = CARTESIAN_POINT('',(-0.653291400115,4.2505,5.731217643791));
#6937 = CARTESIAN_POINT('',(-0.653291400115,4.2495,5.731217643791));
#6938 = ORIENTED_EDGE('',*,*,#6792,.F.);
#6939 = ORIENTED_EDGE('',*,*,#6918,.T.);
#6940 = B_SPLINE_SURFACE_WITH_KNOTS('',1,1,(
    (#6941,#6942)
    ,(#6943,#6944
    )),.UNSPECIFIED.,.F.,.F.,.F.,(2,2),(2,2),(-3.491393528737E-18,
    2.900924586407E-02),(-1.E-03,1.971821243843E-33),
  .PIECEWISE_BEZIER_KNOTS.);
#6941 = CARTESIAN_POINT('',(-0.653291400115,4.2495,5.731217643791));
#6942 = CARTESIAN_POINT('',(-0.653291400115,4.2505,5.731217643791));
#6943 = CARTESIAN_POINT('',(-0.624282883828,4.2495,5.731423382541));
#6944 = CARTESIAN_POINT('',(-0.624282883828,4.2505,5.731423382541));
#6945 = ADVANCED_FACE('',(#6946),#6956,.F.);
#6946 = FACE_BOUND('',#6947,.T.);
#6947 = EDGE_LOOP('',(#6948,#6949,#6954,#6955));
#6948 = ORIENTED_EDGE('',*,*,#3327,.T.);
#6949 = ORIENTED_EDGE('',*,*,#6950,.F.);
#6950 = EDGE_CURVE('',#6800,#3321,#6951,.T.);
#6951 = B_SPLINE_CURVE_WITH_KNOTS('',1,(#6952,#6953),.UNSPECIFIED.,.F.,
  .F.,(2,2),(-0.,1.E-03),.PIECEWISE_BEZIER_KNOTS.);
#6952 = CARTESIAN_POINT('',(-0.673232874285,4.2505,5.786704659308));
#6953 = CARTESIAN_POINT('',(-0.673232874285,4.2495,5.786704659308));
#6954 = ORIENTED_EDGE('',*,*,#6799,.F.);
#6955 = ORIENTED_EDGE('',*,*,#6934,.T.);
#6956 = B_SPLINE_SURFACE_WITH_KNOTS('',1,1,(
    (#6957,#6958)
    ,(#6959,#6960
    )),.UNSPECIFIED.,.F.,.F.,.F.,(2,2),(2,2),(-1.180857962387E-18,
    5.896160855208E-02),(-1.E-03,0.),.PIECEWISE_BEZIER_KNOTS.);
#6957 = CARTESIAN_POINT('',(-0.673232874285,4.2495,5.786704659308));
#6958 = CARTESIAN_POINT('',(-0.673232874285,4.2505,5.786704659308));
#6959 = CARTESIAN_POINT('',(-0.653291400115,4.2495,5.731217643791));
#6960 = CARTESIAN_POINT('',(-0.653291400115,4.2505,5.731217643791));
#6961 = ADVANCED_FACE('',(#6962),#6972,.F.);
#6962 = FACE_BOUND('',#6963,.T.);
#6963 = EDGE_LOOP('',(#6964,#6965,#6970,#6971));
#6964 = ORIENTED_EDGE('',*,*,#3320,.T.);
#6965 = ORIENTED_EDGE('',*,*,#6966,.F.);
#6966 = EDGE_CURVE('',#6807,#3314,#6967,.T.);
#6967 = B_SPLINE_CURVE_WITH_KNOTS('',1,(#6968,#6969),.UNSPECIFIED.,.F.,
  .F.,(2,2),(-0.,1.E-03),.PIECEWISE_BEZIER_KNOTS.);
#6968 = CARTESIAN_POINT('',(-0.757919026675,4.2505,5.786104034892));
#6969 = CARTESIAN_POINT('',(-0.757919026675,4.2495,5.786104034892));
#6970 = ORIENTED_EDGE('',*,*,#6806,.F.);
#6971 = ORIENTED_EDGE('',*,*,#6950,.T.);
#6972 = B_SPLINE_SURFACE_WITH_KNOTS('',1,1,(
    (#6973,#6974)
    ,(#6975,#6976
    )),.UNSPECIFIED.,.F.,.F.,.F.,(2,2),(2,2),(-3.491393528737E-18,
    8.468828228454E-02),(-1.E-03,9.388908478888E-34),
  .PIECEWISE_BEZIER_KNOTS.);
#6973 = CARTESIAN_POINT('',(-0.757919026675,4.2495,5.786104034892));
#6974 = CARTESIAN_POINT('',(-0.757919026675,4.2505,5.786104034892));
#6975 = CARTESIAN_POINT('',(-0.673232874285,4.2495,5.786704659308));
#6976 = CARTESIAN_POINT('',(-0.673232874285,4.2505,5.786704659308));
#6977 = ADVANCED_FACE('',(#6978),#6988,.F.);
#6978 = FACE_BOUND('',#6979,.T.);
#6979 = EDGE_LOOP('',(#6980,#6981,#6986,#6987));
#6980 = ORIENTED_EDGE('',*,*,#3313,.T.);
#6981 = ORIENTED_EDGE('',*,*,#6982,.F.);
#6982 = EDGE_CURVE('',#6814,#3307,#6983,.T.);
#6983 = B_SPLINE_CURVE_WITH_KNOTS('',1,(#6984,#6985),.UNSPECIFIED.,.F.,
  .F.,(2,2),(-0.,1.E-03),.PIECEWISE_BEZIER_KNOTS.);
#6984 = CARTESIAN_POINT('',(-0.77826715846,4.2505,5.730331271111));
#6985 = CARTESIAN_POINT('',(-0.77826715846,4.2495,5.730331271111));
#6986 = ORIENTED_EDGE('',*,*,#6813,.F.);
#6987 = ORIENTED_EDGE('',*,*,#6966,.T.);
#6988 = B_SPLINE_SURFACE_WITH_KNOTS('',1,1,(
    (#6989,#6990)
    ,(#6991,#6992
    )),.UNSPECIFIED.,.F.,.F.,.F.,(2,2),(2,2),(-1.19667553672E-18,
    5.936874301283E-02),(-1.000000000001E-03,0.),
  .PIECEWISE_BEZIER_KNOTS.);
#6989 = CARTESIAN_POINT('',(-0.77826715846,4.2495,5.730331271111));
#6990 = CARTESIAN_POINT('',(-0.77826715846,4.2505,5.730331271111));
#6991 = CARTESIAN_POINT('',(-0.757919026675,4.2495,5.786104034892));
#6992 = CARTESIAN_POINT('',(-0.757919026675,4.2505,5.786104034892));
#6993 = ADVANCED_FACE('',(#6994),#7000,.F.);
#6994 = FACE_BOUND('',#6995,.T.);
#6995 = EDGE_LOOP('',(#6996,#6997,#6998,#6999));
#6996 = ORIENTED_EDGE('',*,*,#3306,.T.);
#6997 = ORIENTED_EDGE('',*,*,#6888,.F.);
#6998 = ORIENTED_EDGE('',*,*,#6820,.F.);
#6999 = ORIENTED_EDGE('',*,*,#6982,.T.);
#7000 = B_SPLINE_SURFACE_WITH_KNOTS('',1,1,(
    (#7001,#7002)
    ,(#7003,#7004
    )),.UNSPECIFIED.,.F.,.F.,.F.,(2,2),(2,2),(-3.491393528737E-18,
    2.900924586545E-02),(-1.E-03,6.983721909546E-37),
  .PIECEWISE_BEZIER_KNOTS.);
#7001 = CARTESIAN_POINT('',(-0.807275674749,4.2495,5.730125532361));
#7002 = CARTESIAN_POINT('',(-0.807275674749,4.2505,5.730125532361));
#7003 = CARTESIAN_POINT('',(-0.77826715846,4.2495,5.730331271111));
#7004 = CARTESIAN_POINT('',(-0.77826715846,4.2505,5.730331271111));
#7005 = ADVANCED_FACE('',(#7006),#7028,.T.);
#7006 = FACE_BOUND('',#7007,.T.);
#7007 = EDGE_LOOP('',(#7008,#7017,#7022,#7023));
#7008 = ORIENTED_EDGE('',*,*,#7009,.F.);
#7009 = EDGE_CURVE('',#7010,#7012,#7014,.T.);
#7010 = VERTEX_POINT('',#7011);
#7011 = CARTESIAN_POINT('',(-0.681713697105,4.2495,5.80962373816));
#7012 = VERTEX_POINT('',#7013);
#7013 = CARTESIAN_POINT('',(-0.749972087582,4.2495,5.809139625294));
#7014 = B_SPLINE_CURVE_WITH_KNOTS('',1,(#7015,#7016),.UNSPECIFIED.,.F.,
  .F.,(2,2),(-2.220390205445E-16,6.826010720605E-02),
  .PIECEWISE_BEZIER_KNOTS.);
#7015 = CARTESIAN_POINT('',(-0.681713697105,4.2495,5.80962373816));
#7016 = CARTESIAN_POINT('',(-0.749972087582,4.2495,5.809139625294));
#7017 = ORIENTED_EDGE('',*,*,#7018,.F.);
#7018 = EDGE_CURVE('',#6828,#7010,#7019,.T.);
#7019 = B_SPLINE_CURVE_WITH_KNOTS('',1,(#7020,#7021),.UNSPECIFIED.,.F.,
  .F.,(2,2),(-0.,9.999999999994E-04),.PIECEWISE_BEZIER_KNOTS.);
#7020 = CARTESIAN_POINT('',(-0.681713697105,4.2505,5.80962373816));
#7021 = CARTESIAN_POINT('',(-0.681713697105,4.2495,5.80962373816));
#7022 = ORIENTED_EDGE('',*,*,#6827,.T.);
#7023 = ORIENTED_EDGE('',*,*,#7024,.T.);
#7024 = EDGE_CURVE('',#6830,#7012,#7025,.T.);
#7025 = B_SPLINE_CURVE_WITH_KNOTS('',1,(#7026,#7027),.UNSPECIFIED.,.F.,
  .F.,(2,2),(-0.,9.999999999994E-04),.PIECEWISE_BEZIER_KNOTS.);
#7026 = CARTESIAN_POINT('',(-0.749972087582,4.2505,5.809139625294));
#7027 = CARTESIAN_POINT('',(-0.749972087582,4.2495,5.809139625294));
#7028 = B_SPLINE_SURFACE_WITH_KNOTS('',1,1,(
    (#7029,#7030)
    ,(#7031,#7032
    )),.UNSPECIFIED.,.F.,.F.,.F.,(2,2),(2,2),(-6.826010720605E-02,
    2.220390205445E-16),(-1.E-03,4.623736499298E-33),
  .PIECEWISE_BEZIER_KNOTS.);
#7029 = CARTESIAN_POINT('',(-0.749972087582,4.2495,5.809139625294));
#7030 = CARTESIAN_POINT('',(-0.749972087582,4.2505,5.809139625294));
#7031 = CARTESIAN_POINT('',(-0.681713697105,4.2495,5.80962373816));
#7032 = CARTESIAN_POINT('',(-0.681713697105,4.2505,5.80962373816));
#7033 = ADVANCED_FACE('',(#7034),#7050,.T.);
#7034 = FACE_BOUND('',#7035,.T.);
#7035 = EDGE_LOOP('',(#7036,#7043,#7044,#7045));
#7036 = ORIENTED_EDGE('',*,*,#7037,.F.);
#7037 = EDGE_CURVE('',#7012,#7038,#7040,.T.);
#7038 = VERTEX_POINT('',#7039);
#7039 = CARTESIAN_POINT('',(-0.719847532173,4.2495,5.893887724014));
#7040 = B_SPLINE_CURVE_WITH_KNOTS('',1,(#7041,#7042),.UNSPECIFIED.,.F.,
  .F.,(2,2),(1.487386648037E-16,8.994292120644E-02),
  .PIECEWISE_BEZIER_KNOTS.);
#7041 = CARTESIAN_POINT('',(-0.749972087582,4.2495,5.809139625294));
#7042 = CARTESIAN_POINT('',(-0.719847532173,4.2495,5.893887724014));
#7043 = ORIENTED_EDGE('',*,*,#7024,.F.);
#7044 = ORIENTED_EDGE('',*,*,#6868,.T.);
#7045 = ORIENTED_EDGE('',*,*,#7046,.T.);
#7046 = EDGE_CURVE('',#6860,#7038,#7047,.T.);
#7047 = B_SPLINE_CURVE_WITH_KNOTS('',1,(#7048,#7049),.UNSPECIFIED.,.F.,
  .F.,(2,2),(-0.,9.999999999994E-04),.PIECEWISE_BEZIER_KNOTS.);
#7048 = CARTESIAN_POINT('',(-0.719847532173,4.2505,5.893887724014));
#7049 = CARTESIAN_POINT('',(-0.719847532173,4.2495,5.893887724014));
#7050 = B_SPLINE_SURFACE_WITH_KNOTS('',1,1,(
    (#7051,#7052)
    ,(#7053,#7054
    )),.UNSPECIFIED.,.F.,.F.,.F.,(2,2),(2,2),(-8.994292120644E-02,
    1.169400789318E-18),(-1.E-03,1.479114197289E-31),
  .PIECEWISE_BEZIER_KNOTS.);
#7051 = CARTESIAN_POINT('',(-0.719847532173,4.2495,5.893887724014));
#7052 = CARTESIAN_POINT('',(-0.719847532173,4.2505,5.893887724014));
#7053 = CARTESIAN_POINT('',(-0.749972087582,4.2495,5.809139625294));
#7054 = CARTESIAN_POINT('',(-0.749972087582,4.2505,5.809139625294));
#7055 = ADVANCED_FACE('',(#7056),#7074,.T.);
#7056 = FACE_BOUND('',#7057,.T.);
#7057 = EDGE_LOOP('',(#7058,#7067,#7068,#7069));
#7058 = ORIENTED_EDGE('',*,*,#7059,.F.);
#7059 = EDGE_CURVE('',#7038,#7060,#7062,.T.);
#7060 = VERTEX_POINT('',#7061);
#7061 = CARTESIAN_POINT('',(-0.716777376122,4.2495,5.90815454037));
#7062 = B_SPLINE_CURVE_WITH_KNOTS('',3,(#7063,#7064,#7065,#7066),
  .UNSPECIFIED.,.F.,.F.,(4,4),(1.,2.),.PIECEWISE_BEZIER_KNOTS.);
#7063 = CARTESIAN_POINT('',(-0.719847532173,4.2495,5.893887724014));
#7064 = CARTESIAN_POINT('',(-0.718879697196,4.2495,5.896702005225));
#7065 = CARTESIAN_POINT('',(-0.717873149099,4.2495,5.901388172323));
#7066 = CARTESIAN_POINT('',(-0.716777376122,4.2495,5.90815454037));
#7067 = ORIENTED_EDGE('',*,*,#7046,.F.);
#7068 = ORIENTED_EDGE('',*,*,#6859,.T.);
#7069 = ORIENTED_EDGE('',*,*,#7070,.T.);
#7070 = EDGE_CURVE('',#6853,#7060,#7071,.T.);
#7071 = B_SPLINE_CURVE_WITH_KNOTS('',1,(#7072,#7073),.UNSPECIFIED.,.F.,
  .F.,(2,2),(-0.,1.E-03),.PIECEWISE_BEZIER_KNOTS.);
#7072 = CARTESIAN_POINT('',(-0.716777376122,4.2505,5.90815454037));
#7073 = CARTESIAN_POINT('',(-0.716777376122,4.2495,5.90815454037));
#7074 = B_SPLINE_SURFACE_WITH_KNOTS('',3,1,(
    (#7075,#7076)
    ,(#7077,#7078)
    ,(#7079,#7080)
    ,(#7081,#7082
    )),.UNSPECIFIED.,.F.,.F.,.F.,(4,4),(2,2),(1.,2.),(0.,1.),
  .PIECEWISE_BEZIER_KNOTS.);
#7075 = CARTESIAN_POINT('',(-0.719847532173,4.2505,5.893887724014));
#7076 = CARTESIAN_POINT('',(-0.719847532173,4.2495,5.893887724014));
#7077 = CARTESIAN_POINT('',(-0.718879697196,4.2505,5.896702005225));
#7078 = CARTESIAN_POINT('',(-0.718879697196,4.2495,5.896702005225));
#7079 = CARTESIAN_POINT('',(-0.717873149099,4.2505,5.901388172323));
#7080 = CARTESIAN_POINT('',(-0.717873149099,4.2495,5.901388172323));
#7081 = CARTESIAN_POINT('',(-0.716777376122,4.2505,5.90815454037));
#7082 = CARTESIAN_POINT('',(-0.716777376122,4.2495,5.90815454037));
#7083 = ADVANCED_FACE('',(#7084),#7100,.T.);
#7084 = FACE_BOUND('',#7085,.T.);
#7085 = EDGE_LOOP('',(#7086,#7093,#7094,#7095));
#7086 = ORIENTED_EDGE('',*,*,#7087,.F.);
#7087 = EDGE_CURVE('',#7060,#7088,#7090,.T.);
#7088 = VERTEX_POINT('',#7089);
#7089 = CARTESIAN_POINT('',(-0.716153537063,4.2495,5.90815896486));
#7090 = B_SPLINE_CURVE_WITH_KNOTS('',1,(#7091,#7092),.UNSPECIFIED.,.F.,
  .F.,(2,2),(0.,6.238547490793E-04),.PIECEWISE_BEZIER_KNOTS.);
#7091 = CARTESIAN_POINT('',(-0.716777376122,4.2495,5.90815454037));
#7092 = CARTESIAN_POINT('',(-0.716153537063,4.2495,5.90815896486));
#7093 = ORIENTED_EDGE('',*,*,#7070,.F.);
#7094 = ORIENTED_EDGE('',*,*,#6852,.T.);
#7095 = ORIENTED_EDGE('',*,*,#7096,.T.);
#7096 = EDGE_CURVE('',#6844,#7088,#7097,.T.);
#7097 = B_SPLINE_CURVE_WITH_KNOTS('',1,(#7098,#7099),.UNSPECIFIED.,.F.,
  .F.,(2,2),(-0.,9.999999999994E-04),.PIECEWISE_BEZIER_KNOTS.);
#7098 = CARTESIAN_POINT('',(-0.716153537063,4.2505,5.90815896486));
#7099 = CARTESIAN_POINT('',(-0.716153537063,4.2495,5.90815896486));
#7100 = B_SPLINE_SURFACE_WITH_KNOTS('',1,1,(
    (#7101,#7102)
    ,(#7103,#7104
    )),.UNSPECIFIED.,.F.,.F.,.F.,(2,2),(2,2),(-6.238547490793E-04,
    3.491393528737E-18),(-1.E-03,8.881784197001E-16),
  .PIECEWISE_BEZIER_KNOTS.);
#7101 = CARTESIAN_POINT('',(-0.716153537063,4.2495,5.90815896486));
#7102 = CARTESIAN_POINT('',(-0.716153537063,4.2505,5.90815896486));
#7103 = CARTESIAN_POINT('',(-0.716777376122,4.2495,5.90815454037));
#7104 = CARTESIAN_POINT('',(-0.716777376122,4.2505,5.90815454037));
#7105 = ADVANCED_FACE('',(#7106),#7124,.T.);
#7106 = FACE_BOUND('',#7107,.T.);
#7107 = EDGE_LOOP('',(#7108,#7117,#7118,#7119));
#7108 = ORIENTED_EDGE('',*,*,#7109,.F.);
#7109 = EDGE_CURVE('',#7088,#7110,#7112,.T.);
#7110 = VERTEX_POINT('',#7111);
#7111 = CARTESIAN_POINT('',(-0.712725369572,4.2495,5.893938236933));
#7112 = B_SPLINE_CURVE_WITH_KNOTS('',3,(#7113,#7114,#7115,#7116),
  .UNSPECIFIED.,.F.,.F.,(4,4),(3.,4.),.PIECEWISE_BEZIER_KNOTS.);
#7113 = CARTESIAN_POINT('',(-0.716153537063,4.2495,5.90815896486));
#7114 = CARTESIAN_POINT('',(-0.715122284407,4.2495,5.902031552878));
#7115 = CARTESIAN_POINT('',(-0.713996644968,4.2495,5.897256529608));
#7116 = CARTESIAN_POINT('',(-0.712725369572,4.2495,5.893938236933));
#7117 = ORIENTED_EDGE('',*,*,#7096,.F.);
#7118 = ORIENTED_EDGE('',*,*,#6843,.T.);
#7119 = ORIENTED_EDGE('',*,*,#7120,.T.);
#7120 = EDGE_CURVE('',#6837,#7110,#7121,.T.);
#7121 = B_SPLINE_CURVE_WITH_KNOTS('',1,(#7122,#7123),.UNSPECIFIED.,.F.,
  .F.,(2,2),(8.881784197001E-16,1.E-03),.PIECEWISE_BEZIER_KNOTS.);
#7122 = CARTESIAN_POINT('',(-0.712725369572,4.2505,5.893938236933));
#7123 = CARTESIAN_POINT('',(-0.712725369572,4.2495,5.893938236933));
#7124 = B_SPLINE_SURFACE_WITH_KNOTS('',3,1,(
    (#7125,#7126)
    ,(#7127,#7128)
    ,(#7129,#7130)
    ,(#7131,#7132
    )),.UNSPECIFIED.,.F.,.F.,.F.,(4,4),(2,2),(3.,4.),(0.,1.),
  .PIECEWISE_BEZIER_KNOTS.);
#7125 = CARTESIAN_POINT('',(-0.716153537063,4.2505,5.90815896486));
#7126 = CARTESIAN_POINT('',(-0.716153537063,4.2495,5.90815896486));
#7127 = CARTESIAN_POINT('',(-0.715122284407,4.2505,5.902031552878));
#7128 = CARTESIAN_POINT('',(-0.715122284407,4.2495,5.902031552878));
#7129 = CARTESIAN_POINT('',(-0.713996644968,4.2505,5.897256529608));
#7130 = CARTESIAN_POINT('',(-0.713996644968,4.2495,5.897256529608));
#7131 = CARTESIAN_POINT('',(-0.712725369572,4.2505,5.893938236933));
#7132 = CARTESIAN_POINT('',(-0.712725369572,4.2495,5.893938236933));
#7133 = ADVANCED_FACE('',(#7134),#7144,.T.);
#7134 = FACE_BOUND('',#7135,.T.);
#7135 = EDGE_LOOP('',(#7136,#7141,#7142,#7143));
#7136 = ORIENTED_EDGE('',*,*,#7137,.F.);
#7137 = EDGE_CURVE('',#7110,#7010,#7138,.T.);
#7138 = B_SPLINE_CURVE_WITH_KNOTS('',1,(#7139,#7140),.UNSPECIFIED.,.F.,
  .F.,(2,2),(4.551155697112E-16,8.983684395879E-02),
  .PIECEWISE_BEZIER_KNOTS.);
#7139 = CARTESIAN_POINT('',(-0.712725369572,4.2495,5.893938236933));
#7140 = CARTESIAN_POINT('',(-0.681713697105,4.2495,5.80962373816));
#7141 = ORIENTED_EDGE('',*,*,#7120,.F.);
#7142 = ORIENTED_EDGE('',*,*,#6836,.T.);
#7143 = ORIENTED_EDGE('',*,*,#7018,.T.);
#7144 = B_SPLINE_SURFACE_WITH_KNOTS('',1,1,(
    (#7145,#7146)
    ,(#7147,#7148
    )),.UNSPECIFIED.,.F.,.F.,.F.,(2,2),(2,2),(-8.983684395879E-02,
    7.664978262162E-17),(-1.E-03,0.),.PIECEWISE_BEZIER_KNOTS.);
#7145 = CARTESIAN_POINT('',(-0.681713697105,4.2495,5.80962373816));
#7146 = CARTESIAN_POINT('',(-0.681713697105,4.2505,5.80962373816));
#7147 = CARTESIAN_POINT('',(-0.712725369572,4.2495,5.893938236933));
#7148 = CARTESIAN_POINT('',(-0.712725369572,4.2505,5.893938236933));
#7149 = ADVANCED_FACE('',(#7150),#7158,.T.);
#7150 = FACE_BOUND('',#7151,.T.);
#7151 = EDGE_LOOP('',(#7152,#7153,#7154,#7155,#7156,#7157));
#7152 = ORIENTED_EDGE('',*,*,#7009,.T.);
#7153 = ORIENTED_EDGE('',*,*,#7037,.T.);
#7154 = ORIENTED_EDGE('',*,*,#7059,.T.);
#7155 = ORIENTED_EDGE('',*,*,#7087,.T.);
#7156 = ORIENTED_EDGE('',*,*,#7109,.T.);
#7157 = ORIENTED_EDGE('',*,*,#7137,.T.);
#7158 = B_SPLINE_SURFACE_WITH_KNOTS('',1,1,(
    (#7159,#7160)
    ,(#7161,#7162
    )),.UNSPECIFIED.,.F.,.F.,.F.,(2,2),(2,2),(2.309139525294,
    2.40815886486),(3.050027912418,3.118286302895),
  .PIECEWISE_BEZIER_KNOTS.);
#7159 = CARTESIAN_POINT('',(-0.749972087582,4.2495,5.809139625294));
#7160 = CARTESIAN_POINT('',(-0.681713697105,4.2495,5.809139625294));
#7161 = CARTESIAN_POINT('',(-0.749972087582,4.2495,5.90815896486));
#7162 = CARTESIAN_POINT('',(-0.681713697105,4.2495,5.90815896486));
#7163 = ADVANCED_FACE('',(#7164),#7186,.F.);
#7164 = FACE_BOUND('',#7165,.T.);
#7165 = EDGE_LOOP('',(#7166,#7167,#7174,#7181));
#7166 = ORIENTED_EDGE('',*,*,#3357,.T.);
#7167 = ORIENTED_EDGE('',*,*,#7168,.F.);
#7168 = EDGE_CURVE('',#7169,#3349,#7171,.T.);
#7169 = VERTEX_POINT('',#7170);
#7170 = CARTESIAN_POINT('',(-9.834226497462E-02,4.2505,5.435695729901));
#7171 = B_SPLINE_CURVE_WITH_KNOTS('',1,(#7172,#7173),.UNSPECIFIED.,.F.,
  .F.,(2,2),(-0.,1.E-03),.PIECEWISE_BEZIER_KNOTS.);
#7172 = CARTESIAN_POINT('',(-9.834226497462E-02,4.2505,5.435695729901));
#7173 = CARTESIAN_POINT('',(-9.834226497462E-02,4.2495,5.435695729901));
#7174 = ORIENTED_EDGE('',*,*,#7175,.F.);
#7175 = EDGE_CURVE('',#7176,#7169,#7178,.T.);
#7176 = VERTEX_POINT('',#7177);
#7177 = CARTESIAN_POINT('',(-9.817782145751E-02,4.2505,5.412509711506));
#7178 = B_SPLINE_CURVE_WITH_KNOTS('',1,(#7179,#7180),.UNSPECIFIED.,.F.,
  .F.,(2,2),(-2.318660153379E-02,0.),.PIECEWISE_BEZIER_KNOTS.);
#7179 = CARTESIAN_POINT('',(-9.817782145751E-02,4.2505,5.412509711506));
#7180 = CARTESIAN_POINT('',(-9.834226497462E-02,4.2505,5.435695729901));
#7181 = ORIENTED_EDGE('',*,*,#7182,.T.);
#7182 = EDGE_CURVE('',#7176,#3358,#7183,.T.);
#7183 = B_SPLINE_CURVE_WITH_KNOTS('',1,(#7184,#7185),.UNSPECIFIED.,.F.,
  .F.,(2,2),(-0.,1.E-03),.PIECEWISE_BEZIER_KNOTS.);
#7184 = CARTESIAN_POINT('',(-9.817782145751E-02,4.2505,5.412509711506));
#7185 = CARTESIAN_POINT('',(-9.817782145751E-02,4.2495,5.412509711506));
#7186 = B_SPLINE_SURFACE_WITH_KNOTS('',1,1,(
    (#7187,#7188)
    ,(#7189,#7190
    )),.UNSPECIFIED.,.F.,.F.,.F.,(2,2),(2,2),(-4.921187422824E-20,
    2.318660153379E-02),(-1.E-03,0.),.PIECEWISE_BEZIER_KNOTS.);
#7187 = CARTESIAN_POINT('',(-9.834226497462E-02,4.2495,5.435695729901));
#7188 = CARTESIAN_POINT('',(-9.834226497462E-02,4.2505,5.435695729901));
#7189 = CARTESIAN_POINT('',(-9.817782145751E-02,4.2495,5.412509711506));
#7190 = CARTESIAN_POINT('',(-9.817782145751E-02,4.2505,5.412509711506));
#7191 = ADVANCED_FACE('',(#7192),#7208,.F.);
#7192 = FACE_BOUND('',#7193,.T.);
#7193 = EDGE_LOOP('',(#7194,#7195,#7202,#7207));
#7194 = ORIENTED_EDGE('',*,*,#3348,.T.);
#7195 = ORIENTED_EDGE('',*,*,#7196,.F.);
#7196 = EDGE_CURVE('',#7197,#3351,#7199,.T.);
#7197 = VERTEX_POINT('',#7198);
#7198 = CARTESIAN_POINT('',(-1.521571023485E-02,4.2505,5.436285293094));
#7199 = B_SPLINE_CURVE_WITH_KNOTS('',1,(#7200,#7201),.UNSPECIFIED.,.F.,
  .F.,(2,2),(-0.,1.E-03),.PIECEWISE_BEZIER_KNOTS.);
#7200 = CARTESIAN_POINT('',(-1.521571023485E-02,4.2505,5.436285293094));
#7201 = CARTESIAN_POINT('',(-1.521571023485E-02,4.2495,5.436285293094));
#7202 = ORIENTED_EDGE('',*,*,#7203,.F.);
#7203 = EDGE_CURVE('',#7169,#7197,#7204,.T.);
#7204 = B_SPLINE_CURVE_WITH_KNOTS('',1,(#7205,#7206),.UNSPECIFIED.,.F.,
  .F.,(2,2),(-8.312864540976E-02,0.),.PIECEWISE_BEZIER_KNOTS.);
#7205 = CARTESIAN_POINT('',(-9.834226497462E-02,4.2505,5.435695729901));
#7206 = CARTESIAN_POINT('',(-1.521571023485E-02,4.2505,5.436285293094));
#7207 = ORIENTED_EDGE('',*,*,#7168,.T.);
#7208 = B_SPLINE_SURFACE_WITH_KNOTS('',1,1,(
    (#7209,#7210)
    ,(#7211,#7212
    )),.UNSPECIFIED.,.F.,.F.,.F.,(2,2),(2,2),(0.,8.312864540976E-02),(
    -1.E-03,8.881784197001E-16),.PIECEWISE_BEZIER_KNOTS.);
#7209 = CARTESIAN_POINT('',(-1.521571023485E-02,4.2495,5.436285293094));
#7210 = CARTESIAN_POINT('',(-1.521571023485E-02,4.2505,5.436285293094));
#7211 = CARTESIAN_POINT('',(-9.834226497462E-02,4.2495,5.435695729901));
#7212 = CARTESIAN_POINT('',(-9.834226497462E-02,4.2505,5.435695729901));
#7213 = ADVANCED_FACE('',(#7214),#7230,.F.);
#7214 = FACE_BOUND('',#7215,.T.);
#7215 = EDGE_LOOP('',(#7216,#7217,#7224,#7229));
#7216 = ORIENTED_EDGE('',*,*,#3427,.T.);
#7217 = ORIENTED_EDGE('',*,*,#7218,.F.);
#7218 = EDGE_CURVE('',#7219,#3421,#7221,.T.);
#7219 = VERTEX_POINT('',#7220);
#7220 = CARTESIAN_POINT('',(-1.570092922258E-02,4.2505,5.504699643335));
#7221 = B_SPLINE_CURVE_WITH_KNOTS('',1,(#7222,#7223),.UNSPECIFIED.,.F.,
  .F.,(2,2),(-0.,1.E-03),.PIECEWISE_BEZIER_KNOTS.);
#7222 = CARTESIAN_POINT('',(-1.570092922258E-02,4.2505,5.504699643335));
#7223 = CARTESIAN_POINT('',(-1.570092922258E-02,4.2495,5.504699643335));
#7224 = ORIENTED_EDGE('',*,*,#7225,.F.);
#7225 = EDGE_CURVE('',#7197,#7219,#7226,.T.);
#7226 = B_SPLINE_CURVE_WITH_KNOTS('',1,(#7227,#7228),.UNSPECIFIED.,.F.,
  .F.,(2,2),(-6.841607089331E-02,0.),.PIECEWISE_BEZIER_KNOTS.);
#7227 = CARTESIAN_POINT('',(-1.521571023485E-02,4.2505,5.436285293094));
#7228 = CARTESIAN_POINT('',(-1.570092922258E-02,4.2505,5.504699643335));
#7229 = ORIENTED_EDGE('',*,*,#7196,.T.);
#7230 = B_SPLINE_SURFACE_WITH_KNOTS('',1,1,(
    (#7231,#7232)
    ,(#7233,#7234
    )),.UNSPECIFIED.,.F.,.F.,.F.,(2,2),(2,2),(-4.921187422818E-20,
    6.841607089331E-02),(-1.E-03,2.888894916581E-33),
  .PIECEWISE_BEZIER_KNOTS.);
#7231 = CARTESIAN_POINT('',(-1.570092922258E-02,4.2495,5.504699643335));
#7232 = CARTESIAN_POINT('',(-1.570092922258E-02,4.2505,5.504699643335));
#7233 = CARTESIAN_POINT('',(-1.521571023485E-02,4.2495,5.436285293094));
#7234 = CARTESIAN_POINT('',(-1.521571023485E-02,4.2505,5.436285293094));
#7235 = ADVANCED_FACE('',(#7236),#7252,.F.);
#7236 = FACE_BOUND('',#7237,.T.);
#7237 = EDGE_LOOP('',(#7238,#7239,#7246,#7251));
#7238 = ORIENTED_EDGE('',*,*,#3420,.T.);
#7239 = ORIENTED_EDGE('',*,*,#7240,.F.);
#7240 = EDGE_CURVE('',#7241,#3414,#7243,.T.);
#7241 = VERTEX_POINT('',#7242);
#7242 = CARTESIAN_POINT('',(-8.843016629643E-02,4.2505,5.50418382163));
#7243 = B_SPLINE_CURVE_WITH_KNOTS('',1,(#7244,#7245),.UNSPECIFIED.,.F.,
  .F.,(2,2),(-0.,1.E-03),.PIECEWISE_BEZIER_KNOTS.);
#7244 = CARTESIAN_POINT('',(-8.843016629643E-02,4.2505,5.50418382163));
#7245 = CARTESIAN_POINT('',(-8.843016629643E-02,4.2495,5.50418382163));
#7246 = ORIENTED_EDGE('',*,*,#7247,.F.);
#7247 = EDGE_CURVE('',#7219,#7241,#7248,.T.);
#7248 = B_SPLINE_CURVE_WITH_KNOTS('',1,(#7249,#7250),.UNSPECIFIED.,.F.,
  .F.,(2,2),(-7.273106624666E-02,0.),.PIECEWISE_BEZIER_KNOTS.);
#7249 = CARTESIAN_POINT('',(-1.570092922258E-02,4.2505,5.504699643335));
#7250 = CARTESIAN_POINT('',(-8.843016629643E-02,4.2505,5.50418382163));
#7251 = ORIENTED_EDGE('',*,*,#7218,.T.);
#7252 = B_SPLINE_SURFACE_WITH_KNOTS('',1,1,(
    (#7253,#7254)
    ,(#7255,#7256
    )),.UNSPECIFIED.,.F.,.F.,.F.,(2,2),(2,2),(-6.938719392014E-18,
    7.273106624666E-02),(-1.000000000001E-03,0.),
  .PIECEWISE_BEZIER_KNOTS.);
#7253 = CARTESIAN_POINT('',(-8.843016629643E-02,4.2495,5.50418382163));
#7254 = CARTESIAN_POINT('',(-8.843016629643E-02,4.2505,5.50418382163));
#7255 = CARTESIAN_POINT('',(-1.570092922258E-02,4.2495,5.504699643335));
#7256 = CARTESIAN_POINT('',(-1.570092922258E-02,4.2505,5.504699643335));
#7257 = ADVANCED_FACE('',(#7258),#7274,.F.);
#7258 = FACE_BOUND('',#7259,.T.);
#7259 = EDGE_LOOP('',(#7260,#7261,#7268,#7273));
#7260 = ORIENTED_EDGE('',*,*,#3413,.T.);
#7261 = ORIENTED_EDGE('',*,*,#7262,.F.);
#7262 = EDGE_CURVE('',#7263,#3407,#7265,.T.);
#7263 = VERTEX_POINT('',#7264);
#7264 = CARTESIAN_POINT('',(-8.859534722842E-02,4.2505,5.527473813202));
#7265 = B_SPLINE_CURVE_WITH_KNOTS('',1,(#7266,#7267),.UNSPECIFIED.,.F.,
  .F.,(2,2),(-0.,1.E-03),.PIECEWISE_BEZIER_KNOTS.);
#7266 = CARTESIAN_POINT('',(-8.859534722842E-02,4.2505,5.527473813202));
#7267 = CARTESIAN_POINT('',(-8.859534722842E-02,4.2495,5.527473813202));
#7268 = ORIENTED_EDGE('',*,*,#7269,.F.);
#7269 = EDGE_CURVE('',#7241,#7263,#7270,.T.);
#7270 = B_SPLINE_CURVE_WITH_KNOTS('',1,(#7271,#7272),.UNSPECIFIED.,.F.,
  .F.,(2,2),(-2.32905773253E-02,0.),.PIECEWISE_BEZIER_KNOTS.);
#7271 = CARTESIAN_POINT('',(-8.843016629643E-02,4.2505,5.50418382163));
#7272 = CARTESIAN_POINT('',(-8.859534722842E-02,4.2505,5.527473813202));
#7273 = ORIENTED_EDGE('',*,*,#7240,.T.);
#7274 = B_SPLINE_SURFACE_WITH_KNOTS('',1,1,(
    (#7275,#7276)
    ,(#7277,#7278
    )),.UNSPECIFIED.,.F.,.F.,.F.,(2,2),(2,2),(-4.921187422826E-20,
    2.32905773253E-02),(-1.E-03,5.777789833162E-33),
  .PIECEWISE_BEZIER_KNOTS.);
#7275 = CARTESIAN_POINT('',(-8.859534722842E-02,4.2495,5.527473813202));
#7276 = CARTESIAN_POINT('',(-8.859534722842E-02,4.2505,5.527473813202));
#7277 = CARTESIAN_POINT('',(-8.843016629643E-02,4.2495,5.50418382163));
#7278 = CARTESIAN_POINT('',(-8.843016629643E-02,4.2505,5.50418382163));
#7279 = ADVANCED_FACE('',(#7280),#7296,.F.);
#7280 = FACE_BOUND('',#7281,.T.);
#7281 = EDGE_LOOP('',(#7282,#7283,#7290,#7295));
#7282 = ORIENTED_EDGE('',*,*,#3406,.T.);
#7283 = ORIENTED_EDGE('',*,*,#7284,.F.);
#7284 = EDGE_CURVE('',#7285,#3400,#7287,.T.);
#7285 = VERTEX_POINT('',#7286);
#7286 = CARTESIAN_POINT('',(-1.586611015457E-02,4.2505,5.527989634907));
#7287 = B_SPLINE_CURVE_WITH_KNOTS('',1,(#7288,#7289),.UNSPECIFIED.,.F.,
  .F.,(2,2),(-0.,1.E-03),.PIECEWISE_BEZIER_KNOTS.);
#7288 = CARTESIAN_POINT('',(-1.586611015457E-02,4.2505,5.527989634907));
#7289 = CARTESIAN_POINT('',(-1.586611015457E-02,4.2495,5.527989634907));
#7290 = ORIENTED_EDGE('',*,*,#7291,.F.);
#7291 = EDGE_CURVE('',#7263,#7285,#7292,.T.);
#7292 = B_SPLINE_CURVE_WITH_KNOTS('',1,(#7293,#7294),.UNSPECIFIED.,.F.,
  .F.,(2,2),(-7.273106624666E-02,0.),.PIECEWISE_BEZIER_KNOTS.);
#7293 = CARTESIAN_POINT('',(-8.859534722842E-02,4.2505,5.527473813202));
#7294 = CARTESIAN_POINT('',(-1.586611015457E-02,4.2505,5.527989634907));
#7295 = ORIENTED_EDGE('',*,*,#7262,.T.);
#7296 = B_SPLINE_SURFACE_WITH_KNOTS('',1,1,(
    (#7297,#7298)
    ,(#7299,#7300
    )),.UNSPECIFIED.,.F.,.F.,.F.,(2,2),(2,2),(0.,7.273106624666E-02),(
    -1.E-03,8.881784197001E-16),.PIECEWISE_BEZIER_KNOTS.);
#7297 = CARTESIAN_POINT('',(-1.586611015457E-02,4.2495,5.527989634907));
#7298 = CARTESIAN_POINT('',(-1.586611015457E-02,4.2505,5.527989634907));
#7299 = CARTESIAN_POINT('',(-8.859534722842E-02,4.2495,5.527473813202));
#7300 = CARTESIAN_POINT('',(-8.859534722842E-02,4.2505,5.527473813202));
#7301 = ADVANCED_FACE('',(#7302),#7318,.F.);
#7302 = FACE_BOUND('',#7303,.T.);
#7303 = EDGE_LOOP('',(#7304,#7305,#7312,#7317));
#7304 = ORIENTED_EDGE('',*,*,#3399,.T.);
#7305 = ORIENTED_EDGE('',*,*,#7306,.F.);
#7306 = EDGE_CURVE('',#7307,#3393,#7309,.T.);
#7307 = VERTEX_POINT('',#7308);
#7308 = CARTESIAN_POINT('',(-1.63277318663E-02,4.2505,5.593076843497));
#7309 = B_SPLINE_CURVE_WITH_KNOTS('',1,(#7310,#7311),.UNSPECIFIED.,.F.,
  .F.,(2,2),(-0.,1.E-03),.PIECEWISE_BEZIER_KNOTS.);
#7310 = CARTESIAN_POINT('',(-1.63277318663E-02,4.2505,5.593076843497));
#7311 = CARTESIAN_POINT('',(-1.63277318663E-02,4.2495,5.593076843497));
#7312 = ORIENTED_EDGE('',*,*,#7313,.F.);
#7313 = EDGE_CURVE('',#7285,#7307,#7314,.T.);
#7314 = B_SPLINE_CURVE_WITH_KNOTS('',1,(#7315,#7316),.UNSPECIFIED.,.F.,
  .F.,(2,2),(-6.508884556213E-02,0.),.PIECEWISE_BEZIER_KNOTS.);
#7315 = CARTESIAN_POINT('',(-1.586611015457E-02,4.2505,5.527989634907));
#7316 = CARTESIAN_POINT('',(-1.63277318663E-02,4.2505,5.593076843497));
#7317 = ORIENTED_EDGE('',*,*,#7284,.T.);
#7318 = B_SPLINE_SURFACE_WITH_KNOTS('',1,1,(
    (#7319,#7320)
    ,(#7321,#7322
    )),.UNSPECIFIED.,.F.,.F.,.F.,(2,2),(2,2),(-4.92118742282E-20,
    6.508884556213E-02),(-1.E-03,5.200010849846E-33),
  .PIECEWISE_BEZIER_KNOTS.);
#7319 = CARTESIAN_POINT('',(-1.63277318663E-02,4.2495,5.593076843497));
#7320 = CARTESIAN_POINT('',(-1.63277318663E-02,4.2505,5.593076843497));
#7321 = CARTESIAN_POINT('',(-1.586611015457E-02,4.2495,5.527989634907));
#7322 = CARTESIAN_POINT('',(-1.586611015457E-02,4.2505,5.527989634907));
#7323 = ADVANCED_FACE('',(#7324),#7340,.F.);
#7324 = FACE_BOUND('',#7325,.T.);
#7325 = EDGE_LOOP('',(#7326,#7327,#7334,#7339));
#7326 = ORIENTED_EDGE('',*,*,#3392,.T.);
#7327 = ORIENTED_EDGE('',*,*,#7328,.F.);
#7328 = EDGE_CURVE('',#7329,#3386,#7331,.T.);
#7329 = VERTEX_POINT('',#7330);
#7330 = CARTESIAN_POINT('',(-9.482748024444E-02,4.2505,5.592520095266));
#7331 = B_SPLINE_CURVE_WITH_KNOTS('',1,(#7332,#7333),.UNSPECIFIED.,.F.,
  .F.,(2,2),(-0.,1.E-03),.PIECEWISE_BEZIER_KNOTS.);
#7332 = CARTESIAN_POINT('',(-9.482748024444E-02,4.2505,5.592520095266));
#7333 = CARTESIAN_POINT('',(-9.482748024444E-02,4.2495,5.592520095266));
#7334 = ORIENTED_EDGE('',*,*,#7335,.F.);
#7335 = EDGE_CURVE('',#7307,#7329,#7336,.T.);
#7336 = B_SPLINE_CURVE_WITH_KNOTS('',1,(#7337,#7338),.UNSPECIFIED.,.F.,
  .F.,(2,2),(-7.850172268188E-02,0.),.PIECEWISE_BEZIER_KNOTS.);
#7337 = CARTESIAN_POINT('',(-1.63277318663E-02,4.2505,5.593076843497));
#7338 = CARTESIAN_POINT('',(-9.482748024444E-02,4.2505,5.592520095266));
#7339 = ORIENTED_EDGE('',*,*,#7306,.T.);
#7340 = B_SPLINE_SURFACE_WITH_KNOTS('',1,1,(
    (#7341,#7342)
    ,(#7343,#7344
    )),.UNSPECIFIED.,.F.,.F.,.F.,(2,2),(2,2),(-6.938719392014E-18,
    7.850172268188E-02),(-1.000000000001E-03,0.),
  .PIECEWISE_BEZIER_KNOTS.);
#7341 = CARTESIAN_POINT('',(-9.482748024444E-02,4.2495,5.592520095266));
#7342 = CARTESIAN_POINT('',(-9.482748024444E-02,4.2505,5.592520095266));
#7343 = CARTESIAN_POINT('',(-1.63277318663E-02,4.2495,5.593076843497));
#7344 = CARTESIAN_POINT('',(-1.63277318663E-02,4.2505,5.593076843497));
#7345 = ADVANCED_FACE('',(#7346),#7362,.F.);
#7346 = FACE_BOUND('',#7347,.T.);
#7347 = EDGE_LOOP('',(#7348,#7349,#7356,#7361));
#7348 = ORIENTED_EDGE('',*,*,#3385,.T.);
#7349 = ORIENTED_EDGE('',*,*,#7350,.F.);
#7350 = EDGE_CURVE('',#7351,#3379,#7353,.T.);
#7351 = VERTEX_POINT('',#7352);
#7352 = CARTESIAN_POINT('',(-9.499339859131E-02,4.2505,5.615914060014));
#7353 = B_SPLINE_CURVE_WITH_KNOTS('',1,(#7354,#7355),.UNSPECIFIED.,.F.,
  .F.,(2,2),(-0.,1.E-03),.PIECEWISE_BEZIER_KNOTS.);
#7354 = CARTESIAN_POINT('',(-9.499339859131E-02,4.2505,5.615914060014));
#7355 = CARTESIAN_POINT('',(-9.499339859131E-02,4.2495,5.615914060014));
#7356 = ORIENTED_EDGE('',*,*,#7357,.F.);
#7357 = EDGE_CURVE('',#7329,#7351,#7358,.T.);
#7358 = B_SPLINE_CURVE_WITH_KNOTS('',1,(#7359,#7360),.UNSPECIFIED.,.F.,
  .F.,(2,2),(-2.339455311681E-02,0.),.PIECEWISE_BEZIER_KNOTS.);
#7359 = CARTESIAN_POINT('',(-9.482748024444E-02,4.2505,5.592520095266));
#7360 = CARTESIAN_POINT('',(-9.499339859131E-02,4.2505,5.615914060014));
#7361 = ORIENTED_EDGE('',*,*,#7328,.T.);
#7362 = B_SPLINE_SURFACE_WITH_KNOTS('',1,1,(
    (#7363,#7364)
    ,(#7365,#7366
    )),.UNSPECIFIED.,.F.,.F.,.F.,(2,2),(2,2),(-4.921187422814E-20,
    2.339455311681E-02),(-1.E-03,6.644458308136E-33),
  .PIECEWISE_BEZIER_KNOTS.);
#7363 = CARTESIAN_POINT('',(-9.499339859131E-02,4.2495,5.615914060014));
#7364 = CARTESIAN_POINT('',(-9.499339859131E-02,4.2505,5.615914060014));
#7365 = CARTESIAN_POINT('',(-9.482748024444E-02,4.2495,5.592520095266));
#7366 = CARTESIAN_POINT('',(-9.482748024444E-02,4.2505,5.592520095266));
#7367 = ADVANCED_FACE('',(#7368),#7384,.F.);
#7368 = FACE_BOUND('',#7369,.T.);
#7369 = EDGE_LOOP('',(#7370,#7371,#7378,#7383));
#7370 = ORIENTED_EDGE('',*,*,#3378,.T.);
#7371 = ORIENTED_EDGE('',*,*,#7372,.F.);
#7372 = EDGE_CURVE('',#7373,#3372,#7375,.T.);
#7373 = VERTEX_POINT('',#7374);
#7374 = CARTESIAN_POINT('',(9.759576893333E-03,4.2505,5.616657005501));
#7375 = B_SPLINE_CURVE_WITH_KNOTS('',1,(#7376,#7377),.UNSPECIFIED.,.F.,
  .F.,(2,2),(-0.,1.E-03),.PIECEWISE_BEZIER_KNOTS.);
#7376 = CARTESIAN_POINT('',(9.759576893333E-03,4.2505,5.616657005501));
#7377 = CARTESIAN_POINT('',(9.759576893333E-03,4.2495,5.616657005501));
#7378 = ORIENTED_EDGE('',*,*,#7379,.F.);
#7379 = EDGE_CURVE('',#7351,#7373,#7380,.T.);
#7380 = B_SPLINE_CURVE_WITH_KNOTS('',1,(#7381,#7382),.UNSPECIFIED.,.F.,
  .F.,(2,2),(-0.104755610069,0.),.PIECEWISE_BEZIER_KNOTS.);
#7381 = CARTESIAN_POINT('',(-9.499339859131E-02,4.2505,5.615914060014));
#7382 = CARTESIAN_POINT('',(9.759576893333E-03,4.2505,5.616657005501));
#7383 = ORIENTED_EDGE('',*,*,#7350,.T.);
#7384 = B_SPLINE_SURFACE_WITH_KNOTS('',1,1,(
    (#7385,#7386)
    ,(#7387,#7388
    )),.UNSPECIFIED.,.F.,.F.,.F.,(2,2),(2,2),(0.,0.104755610069),(
    -1.E-03,8.881784197001E-16),.PIECEWISE_BEZIER_KNOTS.);
#7385 = CARTESIAN_POINT('',(9.759576893333E-03,4.2495,5.616657005501));
#7386 = CARTESIAN_POINT('',(9.759576893333E-03,4.2505,5.616657005501));
#7387 = CARTESIAN_POINT('',(-9.499339859131E-02,4.2495,5.615914060014));
#7388 = CARTESIAN_POINT('',(-9.499339859131E-02,4.2505,5.615914060014));
#7389 = ADVANCED_FACE('',(#7390),#7406,.F.);
#7390 = FACE_BOUND('',#7391,.T.);
#7391 = EDGE_LOOP('',(#7392,#7393,#7400,#7405));
#7392 = ORIENTED_EDGE('',*,*,#3371,.T.);
#7393 = ORIENTED_EDGE('',*,*,#7394,.F.);
#7394 = EDGE_CURVE('',#7395,#3365,#7397,.T.);
#7395 = VERTEX_POINT('',#7396);
#7396 = CARTESIAN_POINT('',(1.120196038877E-02,4.2505,5.413285471954));
#7397 = B_SPLINE_CURVE_WITH_KNOTS('',1,(#7398,#7399),.UNSPECIFIED.,.F.,
  .F.,(2,2),(-0.,9.999999999994E-04),.PIECEWISE_BEZIER_KNOTS.);
#7398 = CARTESIAN_POINT('',(1.120196038877E-02,4.2505,5.413285471954));
#7399 = CARTESIAN_POINT('',(1.120196038877E-02,4.2495,5.413285471954));
#7400 = ORIENTED_EDGE('',*,*,#7401,.F.);
#7401 = EDGE_CURVE('',#7373,#7395,#7402,.T.);
#7402 = B_SPLINE_CURVE_WITH_KNOTS('',1,(#7403,#7404),.UNSPECIFIED.,.F.,
  .F.,(2,2),(-0.203376648431,0.),.PIECEWISE_BEZIER_KNOTS.);
#7403 = CARTESIAN_POINT('',(9.759576893333E-03,4.2505,5.616657005501));
#7404 = CARTESIAN_POINT('',(1.120196038877E-02,4.2505,5.413285471954));
#7405 = ORIENTED_EDGE('',*,*,#7372,.T.);
#7406 = B_SPLINE_SURFACE_WITH_KNOTS('',1,1,(
    (#7407,#7408)
    ,(#7409,#7410
    )),.UNSPECIFIED.,.F.,.F.,.F.,(2,2),(2,2),(0.,0.203376648431),(
    -1.E-03,6.267026835248E-34),.PIECEWISE_BEZIER_KNOTS.);
#7407 = CARTESIAN_POINT('',(1.120196038877E-02,4.2495,5.413285471954));
#7408 = CARTESIAN_POINT('',(1.120196038877E-02,4.2505,5.413285471954));
#7409 = CARTESIAN_POINT('',(9.759576893333E-03,4.2495,5.616657005501));
#7410 = CARTESIAN_POINT('',(9.759576893333E-03,4.2505,5.616657005501));
#7411 = ADVANCED_FACE('',(#7412),#7422,.F.);
#7412 = FACE_BOUND('',#7413,.T.);
#7413 = EDGE_LOOP('',(#7414,#7415,#7416,#7421));
#7414 = ORIENTED_EDGE('',*,*,#3364,.T.);
#7415 = ORIENTED_EDGE('',*,*,#7182,.F.);
#7416 = ORIENTED_EDGE('',*,*,#7417,.F.);
#7417 = EDGE_CURVE('',#7395,#7176,#7418,.T.);
#7418 = B_SPLINE_CURVE_WITH_KNOTS('',1,(#7419,#7420),.UNSPECIFIED.,.F.,
  .F.,(2,2),(-0.109382532797,0.),.PIECEWISE_BEZIER_KNOTS.);
#7419 = CARTESIAN_POINT('',(1.120196038877E-02,4.2505,5.413285471954));
#7420 = CARTESIAN_POINT('',(-9.817782145751E-02,4.2505,5.412509711506));
#7421 = ORIENTED_EDGE('',*,*,#7394,.T.);
#7422 = B_SPLINE_SURFACE_WITH_KNOTS('',1,1,(
    (#7423,#7424)
    ,(#7425,#7426
    )),.UNSPECIFIED.,.F.,.F.,.F.,(2,2),(2,2),(-6.938719392014E-18,
    0.109382532797),(-1.000000000001E-03,0.),.PIECEWISE_BEZIER_KNOTS.);
#7423 = CARTESIAN_POINT('',(-9.817782145751E-02,4.2495,5.412509711506));
#7424 = CARTESIAN_POINT('',(-9.817782145751E-02,4.2505,5.412509711506));
#7425 = CARTESIAN_POINT('',(1.120196038877E-02,4.2495,5.413285471954));
#7426 = CARTESIAN_POINT('',(1.120196038877E-02,4.2505,5.413285471954));
#7427 = ADVANCED_FACE('',(#7428),#7442,.F.);
#7428 = FACE_BOUND('',#7429,.T.);
#7429 = EDGE_LOOP('',(#7430,#7431,#7432,#7433,#7434,#7435,#7436,#7437,
    #7438,#7439,#7440,#7441));
#7430 = ORIENTED_EDGE('',*,*,#7175,.T.);
#7431 = ORIENTED_EDGE('',*,*,#7203,.T.);
#7432 = ORIENTED_EDGE('',*,*,#7225,.T.);
#7433 = ORIENTED_EDGE('',*,*,#7247,.T.);
#7434 = ORIENTED_EDGE('',*,*,#7269,.T.);
#7435 = ORIENTED_EDGE('',*,*,#7291,.T.);
#7436 = ORIENTED_EDGE('',*,*,#7313,.T.);
#7437 = ORIENTED_EDGE('',*,*,#7335,.T.);
#7438 = ORIENTED_EDGE('',*,*,#7357,.T.);
#7439 = ORIENTED_EDGE('',*,*,#7379,.T.);
#7440 = ORIENTED_EDGE('',*,*,#7401,.T.);
#7441 = ORIENTED_EDGE('',*,*,#7417,.T.);
#7442 = B_SPLINE_SURFACE_WITH_KNOTS('',1,1,(
    (#7443,#7444)
    ,(#7445,#7446
    )),.UNSPECIFIED.,.F.,.F.,.F.,(2,2),(2,2),(-4.834226497466E-02,
    6.120196038873E-02),(-2.587490388494,-2.383343094499),
  .PIECEWISE_BEZIER_KNOTS.);
#7443 = CARTESIAN_POINT('',(-9.834226497462E-02,4.2505,5.412509711506));
#7444 = CARTESIAN_POINT('',(-9.834226497462E-02,4.2505,5.616657005501));
#7445 = CARTESIAN_POINT('',(1.120196038877E-02,4.2505,5.412509711506));
#7446 = CARTESIAN_POINT('',(1.120196038877E-02,4.2505,5.616657005501));
#7447 = ADVANCED_FACE('',(#7448,#7564),#7634,.T.);
#7448 = FACE_BOUND('',#7449,.T.);
#7449 = EDGE_LOOP('',(#7450,#7461,#7468,#7477,#7486,#7493,#7502,#7511,
    #7520,#7529,#7536,#7543,#7550,#7557));
#7450 = ORIENTED_EDGE('',*,*,#7451,.T.);
#7451 = EDGE_CURVE('',#7452,#7454,#7456,.T.);
#7452 = VERTEX_POINT('',#7453);
#7453 = CARTESIAN_POINT('',(-0.187816733828,4.2505,5.560459103479));
#7454 = VERTEX_POINT('',#7455);
#7455 = CARTESIAN_POINT('',(-0.137709771921,4.2505,5.547297287069));
#7456 = B_SPLINE_CURVE_WITH_KNOTS('',3,(#7457,#7458,#7459,#7460),
  .UNSPECIFIED.,.F.,.F.,(4,4),(0.,1.),.PIECEWISE_BEZIER_KNOTS.);
#7457 = CARTESIAN_POINT('',(-0.187816733828,4.2505,5.560459103479));
#7458 = CARTESIAN_POINT('',(-0.168893615676,4.2505,5.560593312987));
#7459 = CARTESIAN_POINT('',(-0.152174211982,4.2505,5.556240821477));
#7460 = CARTESIAN_POINT('',(-0.137709771921,4.2505,5.547297287069));
#7461 = ORIENTED_EDGE('',*,*,#7462,.T.);
#7462 = EDGE_CURVE('',#7454,#7463,#7465,.T.);
#7463 = VERTEX_POINT('',#7464);
#7464 = CARTESIAN_POINT('',(-0.13753426718,4.2505,5.522551671023));
#7465 = B_SPLINE_CURVE_WITH_KNOTS('',1,(#7466,#7467),.UNSPECIFIED.,.F.,
  .F.,(2,2),(-2.474623840926E-02,0.),.PIECEWISE_BEZIER_KNOTS.);
#7466 = CARTESIAN_POINT('',(-0.137709771921,4.2505,5.547297287069));
#7467 = CARTESIAN_POINT('',(-0.13753426718,4.2505,5.522551671023));
#7468 = ORIENTED_EDGE('',*,*,#7469,.T.);
#7469 = EDGE_CURVE('',#7463,#7470,#7472,.T.);
#7470 = VERTEX_POINT('',#7471);
#7471 = CARTESIAN_POINT('',(-0.185278605205,4.2505,5.539785401866));
#7472 = B_SPLINE_CURVE_WITH_KNOTS('',3,(#7473,#7474,#7475,#7476),
  .UNSPECIFIED.,.F.,.F.,(4,4),(12.,13.),.PIECEWISE_BEZIER_KNOTS.);
#7473 = CARTESIAN_POINT('',(-0.13753426718,4.2505,5.522551671023));
#7474 = CARTESIAN_POINT('',(-0.151965156026,4.2505,5.534094903556));
#7475 = CARTESIAN_POINT('',(-0.167863098114,4.2505,5.539908918858));
#7476 = CARTESIAN_POINT('',(-0.185278605205,4.2505,5.539785401866));
#7477 = ORIENTED_EDGE('',*,*,#7478,.T.);
#7478 = EDGE_CURVE('',#7470,#7479,#7481,.T.);
#7479 = VERTEX_POINT('',#7480);
#7480 = CARTESIAN_POINT('',(-0.214450818312,4.2505,5.504017887039));
#7481 = B_SPLINE_CURVE_WITH_KNOTS('',3,(#7482,#7483,#7484,#7485),
  .UNSPECIFIED.,.F.,.F.,(4,4),(11.,12.),.PIECEWISE_BEZIER_KNOTS.);
#7482 = CARTESIAN_POINT('',(-0.185278605205,4.2505,5.539785401866));
#7483 = CARTESIAN_POINT('',(-0.204877549005,4.2505,5.539646399162));
#7484 = CARTESIAN_POINT('',(-0.214618948904,4.2505,5.527723771317));
#7485 = CARTESIAN_POINT('',(-0.214450818312,4.2505,5.504017887039));
#7486 = ORIENTED_EDGE('',*,*,#7487,.T.);
#7487 = EDGE_CURVE('',#7479,#7488,#7490,.T.);
#7488 = VERTEX_POINT('',#7489);
#7489 = CARTESIAN_POINT('',(-0.171363153112,4.2505,5.498292732551));
#7490 = B_SPLINE_CURVE_WITH_KNOTS('',1,(#7491,#7492),.UNSPECIFIED.,.F.,
  .F.,(2,2),(-4.346635809804E-02,0.),.PIECEWISE_BEZIER_KNOTS.);
#7491 = CARTESIAN_POINT('',(-0.214450818312,4.2505,5.504017887039));
#7492 = CARTESIAN_POINT('',(-0.171363153112,4.2505,5.498292732551));
#7493 = ORIENTED_EDGE('',*,*,#7494,.T.);
#7494 = EDGE_CURVE('',#7488,#7495,#7497,.T.);
#7495 = VERTEX_POINT('',#7496);
#7496 = CARTESIAN_POINT('',(-0.122835324547,4.2505,5.451222755789));
#7497 = B_SPLINE_CURVE_WITH_KNOTS('',3,(#7498,#7499,#7500,#7501),
  .UNSPECIFIED.,.F.,.F.,(4,4),(9.,10.),.PIECEWISE_BEZIER_KNOTS.);
#7498 = CARTESIAN_POINT('',(-0.171363153112,4.2505,5.498292732551));
#7499 = CARTESIAN_POINT('',(-0.139203732685,4.2505,5.494049747151));
#7500 = CARTESIAN_POINT('',(-0.12302778983,4.2505,5.478359754896));
#7501 = CARTESIAN_POINT('',(-0.122835324547,4.2505,5.451222755789));
#7502 = ORIENTED_EDGE('',*,*,#7503,.T.);
#7503 = EDGE_CURVE('',#7495,#7504,#7506,.T.);
#7504 = VERTEX_POINT('',#7505);
#7505 = CARTESIAN_POINT('',(-0.135093093529,4.2505,5.420254232535));
#7506 = B_SPLINE_CURVE_WITH_KNOTS('',3,(#7507,#7508,#7509,#7510),
  .UNSPECIFIED.,.F.,.F.,(4,4),(8.,9.),.PIECEWISE_BEZIER_KNOTS.);
#7507 = CARTESIAN_POINT('',(-0.122835324547,4.2505,5.451222755789));
#7508 = CARTESIAN_POINT('',(-0.122743147688,4.2505,5.438226108706));
#7509 = CARTESIAN_POINT('',(-0.126829070682,4.2505,5.427903267621));
#7510 = CARTESIAN_POINT('',(-0.135093093529,4.2505,5.420254232535));
#7511 = ORIENTED_EDGE('',*,*,#7512,.T.);
#7512 = EDGE_CURVE('',#7504,#7513,#7515,.T.);
#7513 = VERTEX_POINT('',#7514);
#7514 = CARTESIAN_POINT('',(-0.168595313954,4.2505,5.408578998098));
#7515 = B_SPLINE_CURVE_WITH_KNOTS('',3,(#7516,#7517,#7518,#7519),
  .UNSPECIFIED.,.F.,.F.,(4,4),(7.,8.),.PIECEWISE_BEZIER_KNOTS.);
#7516 = CARTESIAN_POINT('',(-0.135093093529,4.2505,5.420254232535));
#7517 = CARTESIAN_POINT('',(-0.143357116376,4.2505,5.412605197449));
#7518 = CARTESIAN_POINT('',(-0.154506948517,4.2505,5.408678917814));
#7519 = CARTESIAN_POINT('',(-0.168595313954,4.2505,5.408578998098));
#7520 = ORIENTED_EDGE('',*,*,#7521,.T.);
#7521 = EDGE_CURVE('',#7513,#7522,#7524,.T.);
#7522 = VERTEX_POINT('',#7523);
#7523 = CARTESIAN_POINT('',(-0.213279449868,4.2505,5.43415270552));
#7524 = B_SPLINE_CURVE_WITH_KNOTS('',3,(#7525,#7526,#7527,#7528),
  .UNSPECIFIED.,.F.,.F.,(4,4),(6.,7.),.PIECEWISE_BEZIER_KNOTS.);
#7525 = CARTESIAN_POINT('',(-0.168595313954,4.2505,5.408578998098));
#7526 = CARTESIAN_POINT('',(-0.188194257754,4.2505,5.408439995394));
#7527 = CARTESIAN_POINT('',(-0.203123627451,4.2505,5.41696431873));
#7528 = CARTESIAN_POINT('',(-0.213279449868,4.2505,5.43415270552));
#7529 = ORIENTED_EDGE('',*,*,#7530,.T.);
#7530 = EDGE_CURVE('',#7522,#7531,#7533,.T.);
#7531 = VERTEX_POINT('',#7532);
#7532 = CARTESIAN_POINT('',(-0.213955275516,4.2505,5.434147912323));
#7533 = B_SPLINE_CURVE_WITH_KNOTS('',1,(#7534,#7535),.UNSPECIFIED.,.F.,
  .F.,(2,2),(-6.758426455274E-04,-0.),.PIECEWISE_BEZIER_KNOTS.);
#7534 = CARTESIAN_POINT('',(-0.213279449868,4.2505,5.43415270552));
#7535 = CARTESIAN_POINT('',(-0.213955275516,4.2505,5.434147912323));
#7536 = ORIENTED_EDGE('',*,*,#7537,.T.);
#7537 = EDGE_CURVE('',#7531,#7538,#7540,.T.);
#7538 = VERTEX_POINT('',#7539);
#7539 = CARTESIAN_POINT('',(-0.213795993903,4.2505,5.411689706165));
#7540 = B_SPLINE_CURVE_WITH_KNOTS('',1,(#7541,#7542),.UNSPECIFIED.,.F.,
  .F.,(2,2),(-2.24587709918E-02,0.),.PIECEWISE_BEZIER_KNOTS.);
#7541 = CARTESIAN_POINT('',(-0.213955275516,4.2505,5.434147912323));
#7542 = CARTESIAN_POINT('',(-0.213795993903,4.2505,5.411689706165));
#7543 = ORIENTED_EDGE('',*,*,#7544,.T.);
#7544 = EDGE_CURVE('',#7538,#7545,#7547,.T.);
#7545 = VERTEX_POINT('',#7546);
#7546 = CARTESIAN_POINT('',(-0.239269422185,4.2505,5.411509039521));
#7547 = B_SPLINE_CURVE_WITH_KNOTS('',1,(#7548,#7549),.UNSPECIFIED.,.F.,
  .F.,(2,2),(-2.547406894985E-02,-0.),.PIECEWISE_BEZIER_KNOTS.);
#7548 = CARTESIAN_POINT('',(-0.213795993903,4.2505,5.411689706165));
#7549 = CARTESIAN_POINT('',(-0.239269422185,4.2505,5.411509039521));
#7550 = ORIENTED_EDGE('',*,*,#7551,.T.);
#7551 = EDGE_CURVE('',#7545,#7552,#7554,.T.);
#7552 = VERTEX_POINT('',#7553);
#7553 = CARTESIAN_POINT('',(-0.239932358158,4.2505,5.504980925337));
#7554 = B_SPLINE_CURVE_WITH_KNOTS('',1,(#7555,#7556),.UNSPECIFIED.,.F.,
  .F.,(2,2),(-9.347423667573E-02,0.),.PIECEWISE_BEZIER_KNOTS.);
#7555 = CARTESIAN_POINT('',(-0.239269422185,4.2505,5.411509039521));
#7556 = CARTESIAN_POINT('',(-0.239932358158,4.2505,5.504980925337));
#7557 = ORIENTED_EDGE('',*,*,#7558,.T.);
#7558 = EDGE_CURVE('',#7552,#7452,#7559,.T.);
#7559 = B_SPLINE_CURVE_WITH_KNOTS('',3,(#7560,#7561,#7562,#7563),
  .UNSPECIFIED.,.F.,.F.,(4,4),(1.,2.),.PIECEWISE_BEZIER_KNOTS.);
#7560 = CARTESIAN_POINT('',(-0.239932358158,4.2505,5.504980925337));
#7561 = CARTESIAN_POINT('',(-0.240193403023,4.2505,5.541787429875));
#7562 = CARTESIAN_POINT('',(-0.222803707774,4.2505,5.560210963374));
#7563 = CARTESIAN_POINT('',(-0.187816733828,4.2505,5.560459103479));
#7564 = FACE_BOUND('',#7565,.T.);
#7565 = EDGE_LOOP('',(#7566,#7577,#7586,#7593,#7600,#7609,#7618,#7627));
#7566 = ORIENTED_EDGE('',*,*,#7567,.F.);
#7567 = EDGE_CURVE('',#7568,#7570,#7572,.T.);
#7568 = VERTEX_POINT('',#7569);
#7569 = CARTESIAN_POINT('',(-0.155576186161,4.2505,5.471474292026));
#7570 = VERTEX_POINT('',#7571);
#7571 = CARTESIAN_POINT('',(-0.148687407245,4.2505,5.453118971724));
#7572 = B_SPLINE_CURVE_WITH_KNOTS('',3,(#7573,#7574,#7575,#7576),
  .UNSPECIFIED.,.F.,.F.,(4,4),(1.,2.),.PIECEWISE_BEZIER_KNOTS.);
#7573 = CARTESIAN_POINT('',(-0.155576186161,4.2505,5.471474292026));
#7574 = CARTESIAN_POINT('',(-0.151074368139,4.2505,5.467139127447));
#7575 = CARTESIAN_POINT('',(-0.148743450776,4.2505,5.461020933151));
#7576 = CARTESIAN_POINT('',(-0.148687407245,4.2505,5.453118971724));
#7577 = ORIENTED_EDGE('',*,*,#7578,.F.);
#7578 = EDGE_CURVE('',#7579,#7568,#7581,.T.);
#7579 = VERTEX_POINT('',#7580);
#7580 = CARTESIAN_POINT('',(-0.180281246708,4.2505,5.480241217894));
#7581 = B_SPLINE_CURVE_WITH_KNOTS('',3,(#7582,#7583,#7584,#7585),
  .UNSPECIFIED.,.F.,.F.,(4,4),(0.,1.),.PIECEWISE_BEZIER_KNOTS.);
#7582 = CARTESIAN_POINT('',(-0.180281246708,4.2505,5.480241217894));
#7583 = CARTESIAN_POINT('',(-0.168364519343,4.2505,5.47866208107));
#7584 = CARTESIAN_POINT('',(-0.16012999077,4.2505,5.475809087899));
#7585 = CARTESIAN_POINT('',(-0.155576186161,4.2505,5.471474292026));
#7586 = ORIENTED_EDGE('',*,*,#7587,.F.);
#7587 = EDGE_CURVE('',#7588,#7579,#7590,.T.);
#7588 = VERTEX_POINT('',#7589);
#7589 = CARTESIAN_POINT('',(-0.214312921731,4.2505,5.484574903004));
#7590 = B_SPLINE_CURVE_WITH_KNOTS('',1,(#7591,#7592),.UNSPECIFIED.,.F.,
  .F.,(2,2),(0.,3.430649692773E-02),.PIECEWISE_BEZIER_KNOTS.);
#7591 = CARTESIAN_POINT('',(-0.214312921731,4.2505,5.484574903004));
#7592 = CARTESIAN_POINT('',(-0.180281246708,4.2505,5.480241217894));
#7593 = ORIENTED_EDGE('',*,*,#7594,.F.);
#7594 = EDGE_CURVE('',#7595,#7588,#7597,.T.);
#7595 = VERTEX_POINT('',#7596);
#7596 = CARTESIAN_POINT('',(-0.214214108137,4.2505,5.470642497331));
#7597 = B_SPLINE_CURVE_WITH_KNOTS('',1,(#7598,#7599),.UNSPECIFIED.,.F.,
  .F.,(2,2),(0.,1.39327560794E-02),.PIECEWISE_BEZIER_KNOTS.);
#7598 = CARTESIAN_POINT('',(-0.214214108137,4.2505,5.470642497331));
#7599 = CARTESIAN_POINT('',(-0.214312921731,4.2505,5.484574903004));
#7600 = ORIENTED_EDGE('',*,*,#7601,.F.);
#7601 = EDGE_CURVE('',#7602,#7595,#7604,.T.);
#7602 = VERTEX_POINT('',#7603);
#7603 = CARTESIAN_POINT('',(-0.203086761349,4.2505,5.441087570545));
#7604 = B_SPLINE_CURVE_WITH_KNOTS('',3,(#7605,#7606,#7607,#7608),
  .UNSPECIFIED.,.F.,.F.,(4,4),(5.,6.),.PIECEWISE_BEZIER_KNOTS.);
#7605 = CARTESIAN_POINT('',(-0.203086761349,4.2505,5.441087570545));
#7606 = CARTESIAN_POINT('',(-0.21042018983,4.2505,5.448833939753));
#7607 = CARTESIAN_POINT('',(-0.214129305427,4.2505,5.458685582014));
#7608 = CARTESIAN_POINT('',(-0.214214108137,4.2505,5.470642497331));
#7609 = ORIENTED_EDGE('',*,*,#7610,.F.);
#7610 = EDGE_CURVE('',#7611,#7602,#7613,.T.);
#7611 = VERTEX_POINT('',#7612);
#7612 = CARTESIAN_POINT('',(-0.175345831062,4.2505,5.429430780762));
#7613 = B_SPLINE_CURVE_WITH_KNOTS('',3,(#7614,#7615,#7616,#7617),
  .UNSPECIFIED.,.F.,.F.,(4,4),(4.,5.),.PIECEWISE_BEZIER_KNOTS.);
#7614 = CARTESIAN_POINT('',(-0.175345831062,4.2505,5.429430780762));
#7615 = CARTESIAN_POINT('',(-0.186522947552,4.2505,5.429351508663));
#7616 = CARTESIAN_POINT('',(-0.19580458204,4.2505,5.433236859452));
#7617 = CARTESIAN_POINT('',(-0.203086761349,4.2505,5.441087570545));
#7618 = ORIENTED_EDGE('',*,*,#7619,.F.);
#7619 = EDGE_CURVE('',#7620,#7611,#7622,.T.);
#7620 = VERTEX_POINT('',#7621);
#7621 = CARTESIAN_POINT('',(-0.155949304163,4.2505,5.436118987473));
#7622 = B_SPLINE_CURVE_WITH_KNOTS('',3,(#7623,#7624,#7625,#7626),
  .UNSPECIFIED.,.F.,.F.,(4,4),(3.,4.),.PIECEWISE_BEZIER_KNOTS.);
#7623 = CARTESIAN_POINT('',(-0.155949304163,4.2505,5.436118987473));
#7624 = CARTESIAN_POINT('',(-0.160805072042,4.2505,5.431717455555));
#7625 = CARTESIAN_POINT('',(-0.16728790987,4.2505,5.429487930415));
#7626 = CARTESIAN_POINT('',(-0.175345831062,4.2505,5.429430780762));
#7627 = ORIENTED_EDGE('',*,*,#7628,.F.);
#7628 = EDGE_CURVE('',#7570,#7620,#7629,.T.);
#7629 = B_SPLINE_CURVE_WITH_KNOTS('',3,(#7630,#7631,#7632,#7633),
  .UNSPECIFIED.,.F.,.F.,(4,4),(2.,3.),.PIECEWISE_BEZIER_KNOTS.);
#7630 = CARTESIAN_POINT('',(-0.148687407245,4.2505,5.453118971724));
#7631 = CARTESIAN_POINT('',(-0.148638000449,4.2505,5.446152768889));
#7632 = CARTESIAN_POINT('',(-0.151041549697,4.2505,5.4405208881));
#7633 = CARTESIAN_POINT('',(-0.155949304163,4.2505,5.436118987473));
#7634 = B_SPLINE_SURFACE_WITH_KNOTS('',1,1,(
    (#7635,#7636)
    ,(#7637,#7638
    )),.UNSPECIFIED.,.F.,.F.,.F.,(2,2),(2,2),(-0.148842353848,
    3.310963744178E-03),(-7.910215443269E-02,3.834810090253E-02),
  .PIECEWISE_BEZIER_KNOTS.);
#7635 = CARTESIAN_POINT('',(-0.240193403023,4.2505,5.408439995394));
#7636 = CARTESIAN_POINT('',(-0.122743147688,4.2505,5.408439995394));
#7637 = CARTESIAN_POINT('',(-0.240193403023,4.2505,5.560593312987));
#7638 = CARTESIAN_POINT('',(-0.122743147688,4.2505,5.560593312987));
#7639 = ADVANCED_FACE('',(#7640),#7654,.F.);
#7640 = FACE_BOUND('',#7641,.F.);
#7641 = EDGE_LOOP('',(#7642,#7647,#7648,#7653));
#7642 = ORIENTED_EDGE('',*,*,#7643,.F.);
#7643 = EDGE_CURVE('',#7452,#2841,#7644,.T.);
#7644 = B_SPLINE_CURVE_WITH_KNOTS('',1,(#7645,#7646),.UNSPECIFIED.,.F.,
  .F.,(2,2),(-0.,1.E-03),.PIECEWISE_BEZIER_KNOTS.);
#7645 = CARTESIAN_POINT('',(-0.187816733828,4.2505,5.560459103479));
#7646 = CARTESIAN_POINT('',(-0.187816733828,4.2495,5.560459103479));
#7647 = ORIENTED_EDGE('',*,*,#7451,.T.);
#7648 = ORIENTED_EDGE('',*,*,#7649,.T.);
#7649 = EDGE_CURVE('',#7454,#2832,#7650,.T.);
#7650 = B_SPLINE_CURVE_WITH_KNOTS('',1,(#7651,#7652),.UNSPECIFIED.,.F.,
  .F.,(2,2),(-0.,1.E-03),.PIECEWISE_BEZIER_KNOTS.);
#7651 = CARTESIAN_POINT('',(-0.137709771921,4.2505,5.547297287069));
#7652 = CARTESIAN_POINT('',(-0.137709771921,4.2495,5.547297287069));
#7653 = ORIENTED_EDGE('',*,*,#2840,.F.);
#7654 = B_SPLINE_SURFACE_WITH_KNOTS('',3,1,(
    (#7655,#7656)
    ,(#7657,#7658)
    ,(#7659,#7660)
    ,(#7661,#7662
    )),.UNSPECIFIED.,.F.,.F.,.F.,(4,4),(2,2),(0.,1.),(0.,1.),
  .PIECEWISE_BEZIER_KNOTS.);
#7655 = CARTESIAN_POINT('',(-0.187816733828,4.2505,5.560459103479));
#7656 = CARTESIAN_POINT('',(-0.187816733828,4.2495,5.560459103479));
#7657 = CARTESIAN_POINT('',(-0.168893615676,4.2505,5.560593312987));
#7658 = CARTESIAN_POINT('',(-0.168893615676,4.2495,5.560593312987));
#7659 = CARTESIAN_POINT('',(-0.152174211982,4.2505,5.556240821477));
#7660 = CARTESIAN_POINT('',(-0.152174211982,4.2495,5.556240821477));
#7661 = CARTESIAN_POINT('',(-0.137709771921,4.2505,5.547297287069));
#7662 = CARTESIAN_POINT('',(-0.137709771921,4.2495,5.547297287069));
#7663 = ADVANCED_FACE('',(#7664),#7674,.F.);
#7664 = FACE_BOUND('',#7665,.T.);
#7665 = EDGE_LOOP('',(#7666,#7667,#7672,#7673));
#7666 = ORIENTED_EDGE('',*,*,#2831,.T.);
#7667 = ORIENTED_EDGE('',*,*,#7668,.F.);
#7668 = EDGE_CURVE('',#7463,#2834,#7669,.T.);
#7669 = B_SPLINE_CURVE_WITH_KNOTS('',1,(#7670,#7671),.UNSPECIFIED.,.F.,
  .F.,(2,2),(-0.,1.E-03),.PIECEWISE_BEZIER_KNOTS.);
#7670 = CARTESIAN_POINT('',(-0.13753426718,4.2505,5.522551671023));
#7671 = CARTESIAN_POINT('',(-0.13753426718,4.2495,5.522551671023));
#7672 = ORIENTED_EDGE('',*,*,#7462,.F.);
#7673 = ORIENTED_EDGE('',*,*,#7649,.T.);
#7674 = B_SPLINE_SURFACE_WITH_KNOTS('',1,1,(
    (#7675,#7676)
    ,(#7677,#7678
    )),.UNSPECIFIED.,.F.,.F.,.F.,(2,2),(2,2),(0.,2.474623840926E-02),(
    -1.E-03,7.625523450134E-35),.PIECEWISE_BEZIER_KNOTS.);
#7675 = CARTESIAN_POINT('',(-0.13753426718,4.2495,5.522551671023));
#7676 = CARTESIAN_POINT('',(-0.13753426718,4.2505,5.522551671023));
#7677 = CARTESIAN_POINT('',(-0.137709771921,4.2495,5.547297287069));
#7678 = CARTESIAN_POINT('',(-0.137709771921,4.2505,5.547297287069));
#7679 = ADVANCED_FACE('',(#7680),#7690,.F.);
#7680 = FACE_BOUND('',#7681,.F.);
#7681 = EDGE_LOOP('',(#7682,#7683,#7684,#7689));
#7682 = ORIENTED_EDGE('',*,*,#7668,.F.);
#7683 = ORIENTED_EDGE('',*,*,#7469,.T.);
#7684 = ORIENTED_EDGE('',*,*,#7685,.T.);
#7685 = EDGE_CURVE('',#7470,#2930,#7686,.T.);
#7686 = B_SPLINE_CURVE_WITH_KNOTS('',1,(#7687,#7688),.UNSPECIFIED.,.F.,
  .F.,(2,2),(-0.,1.E-03),.PIECEWISE_BEZIER_KNOTS.);
#7687 = CARTESIAN_POINT('',(-0.185278605205,4.2505,5.539785401866));
#7688 = CARTESIAN_POINT('',(-0.185278605205,4.2495,5.539785401866));
#7689 = ORIENTED_EDGE('',*,*,#2938,.F.);
#7690 = B_SPLINE_SURFACE_WITH_KNOTS('',3,1,(
    (#7691,#7692)
    ,(#7693,#7694)
    ,(#7695,#7696)
    ,(#7697,#7698
    )),.UNSPECIFIED.,.F.,.F.,.F.,(4,4),(2,2),(12.,13.),(0.,1.),
  .PIECEWISE_BEZIER_KNOTS.);
#7691 = CARTESIAN_POINT('',(-0.13753426718,4.2505,5.522551671023));
#7692 = CARTESIAN_POINT('',(-0.13753426718,4.2495,5.522551671023));
#7693 = CARTESIAN_POINT('',(-0.151965156026,4.2505,5.534094903556));
#7694 = CARTESIAN_POINT('',(-0.151965156026,4.2495,5.534094903556));
#7695 = CARTESIAN_POINT('',(-0.167863098114,4.2505,5.539908918858));
#7696 = CARTESIAN_POINT('',(-0.167863098114,4.2495,5.539908918858));
#7697 = CARTESIAN_POINT('',(-0.185278605205,4.2505,5.539785401866));
#7698 = CARTESIAN_POINT('',(-0.185278605205,4.2495,5.539785401866));
#7699 = ADVANCED_FACE('',(#7700),#7710,.F.);
#7700 = FACE_BOUND('',#7701,.F.);
#7701 = EDGE_LOOP('',(#7702,#7703,#7704,#7709));
#7702 = ORIENTED_EDGE('',*,*,#7685,.F.);
#7703 = ORIENTED_EDGE('',*,*,#7478,.T.);
#7704 = ORIENTED_EDGE('',*,*,#7705,.T.);
#7705 = EDGE_CURVE('',#7479,#2923,#7706,.T.);
#7706 = B_SPLINE_CURVE_WITH_KNOTS('',1,(#7707,#7708),.UNSPECIFIED.,.F.,
  .F.,(2,2),(-0.,1.E-03),.PIECEWISE_BEZIER_KNOTS.);
#7707 = CARTESIAN_POINT('',(-0.214450818312,4.2505,5.504017887039));
#7708 = CARTESIAN_POINT('',(-0.214450818312,4.2495,5.504017887039));
#7709 = ORIENTED_EDGE('',*,*,#2929,.F.);
#7710 = B_SPLINE_SURFACE_WITH_KNOTS('',3,1,(
    (#7711,#7712)
    ,(#7713,#7714)
    ,(#7715,#7716)
    ,(#7717,#7718
    )),.UNSPECIFIED.,.F.,.F.,.F.,(4,4),(2,2),(11.,12.),(0.,1.),
  .PIECEWISE_BEZIER_KNOTS.);
#7711 = CARTESIAN_POINT('',(-0.185278605205,4.2505,5.539785401866));
#7712 = CARTESIAN_POINT('',(-0.185278605205,4.2495,5.539785401866));
#7713 = CARTESIAN_POINT('',(-0.204877549005,4.2505,5.539646399162));
#7714 = CARTESIAN_POINT('',(-0.204877549005,4.2495,5.539646399162));
#7715 = CARTESIAN_POINT('',(-0.214618948904,4.2505,5.527723771317));
#7716 = CARTESIAN_POINT('',(-0.214618948904,4.2495,5.527723771317));
#7717 = CARTESIAN_POINT('',(-0.214450818312,4.2505,5.504017887039));
#7718 = CARTESIAN_POINT('',(-0.214450818312,4.2495,5.504017887039));
#7719 = ADVANCED_FACE('',(#7720),#7730,.F.);
#7720 = FACE_BOUND('',#7721,.T.);
#7721 = EDGE_LOOP('',(#7722,#7723,#7728,#7729));
#7722 = ORIENTED_EDGE('',*,*,#2922,.T.);
#7723 = ORIENTED_EDGE('',*,*,#7724,.F.);
#7724 = EDGE_CURVE('',#7488,#2914,#7725,.T.);
#7725 = B_SPLINE_CURVE_WITH_KNOTS('',1,(#7726,#7727),.UNSPECIFIED.,.F.,
  .F.,(2,2),(-0.,1.E-03),.PIECEWISE_BEZIER_KNOTS.);
#7726 = CARTESIAN_POINT('',(-0.171363153112,4.2505,5.498292732551));
#7727 = CARTESIAN_POINT('',(-0.171363153112,4.2495,5.498292732551));
#7728 = ORIENTED_EDGE('',*,*,#7487,.F.);
#7729 = ORIENTED_EDGE('',*,*,#7705,.T.);
#7730 = B_SPLINE_SURFACE_WITH_KNOTS('',1,1,(
    (#7731,#7732)
    ,(#7733,#7734
    )),.UNSPECIFIED.,.F.,.F.,.F.,(2,2),(2,2),(0.,4.346635809804E-02),(
    -1.E-03,8.881784197001E-16),.PIECEWISE_BEZIER_KNOTS.);
#7731 = CARTESIAN_POINT('',(-0.171363153112,4.2495,5.498292732551));
#7732 = CARTESIAN_POINT('',(-0.171363153112,4.2505,5.498292732551));
#7733 = CARTESIAN_POINT('',(-0.214450818312,4.2495,5.504017887039));
#7734 = CARTESIAN_POINT('',(-0.214450818312,4.2505,5.504017887039));
#7735 = ADVANCED_FACE('',(#7736),#7746,.F.);
#7736 = FACE_BOUND('',#7737,.F.);
#7737 = EDGE_LOOP('',(#7738,#7739,#7740,#7745));
#7738 = ORIENTED_EDGE('',*,*,#7724,.F.);
#7739 = ORIENTED_EDGE('',*,*,#7494,.T.);
#7740 = ORIENTED_EDGE('',*,*,#7741,.T.);
#7741 = EDGE_CURVE('',#7495,#2905,#7742,.T.);
#7742 = B_SPLINE_CURVE_WITH_KNOTS('',1,(#7743,#7744),.UNSPECIFIED.,.F.,
  .F.,(2,2),(-0.,1.E-03),.PIECEWISE_BEZIER_KNOTS.);
#7743 = CARTESIAN_POINT('',(-0.122835324547,4.2505,5.451222755789));
#7744 = CARTESIAN_POINT('',(-0.122835324547,4.2495,5.451222755789));
#7745 = ORIENTED_EDGE('',*,*,#2913,.F.);
#7746 = B_SPLINE_SURFACE_WITH_KNOTS('',3,1,(
    (#7747,#7748)
    ,(#7749,#7750)
    ,(#7751,#7752)
    ,(#7753,#7754
    )),.UNSPECIFIED.,.F.,.F.,.F.,(4,4),(2,2),(9.,10.),(0.,1.),
  .PIECEWISE_BEZIER_KNOTS.);
#7747 = CARTESIAN_POINT('',(-0.171363153112,4.2505,5.498292732551));
#7748 = CARTESIAN_POINT('',(-0.171363153112,4.2495,5.498292732551));
#7749 = CARTESIAN_POINT('',(-0.139203732685,4.2505,5.494049747151));
#7750 = CARTESIAN_POINT('',(-0.139203732685,4.2495,5.494049747151));
#7751 = CARTESIAN_POINT('',(-0.12302778983,4.2505,5.478359754896));
#7752 = CARTESIAN_POINT('',(-0.12302778983,4.2495,5.478359754896));
#7753 = CARTESIAN_POINT('',(-0.122835324547,4.2505,5.451222755789));
#7754 = CARTESIAN_POINT('',(-0.122835324547,4.2495,5.451222755789));
#7755 = ADVANCED_FACE('',(#7756),#7766,.F.);
#7756 = FACE_BOUND('',#7757,.F.);
#7757 = EDGE_LOOP('',(#7758,#7759,#7760,#7765));
#7758 = ORIENTED_EDGE('',*,*,#7741,.F.);
#7759 = ORIENTED_EDGE('',*,*,#7503,.T.);
#7760 = ORIENTED_EDGE('',*,*,#7761,.T.);
#7761 = EDGE_CURVE('',#7504,#2896,#7762,.T.);
#7762 = B_SPLINE_CURVE_WITH_KNOTS('',1,(#7763,#7764),.UNSPECIFIED.,.F.,
  .F.,(2,2),(-0.,1.E-03),.PIECEWISE_BEZIER_KNOTS.);
#7763 = CARTESIAN_POINT('',(-0.135093093529,4.2505,5.420254232535));
#7764 = CARTESIAN_POINT('',(-0.135093093529,4.2495,5.420254232535));
#7765 = ORIENTED_EDGE('',*,*,#2904,.F.);
#7766 = B_SPLINE_SURFACE_WITH_KNOTS('',3,1,(
    (#7767,#7768)
    ,(#7769,#7770)
    ,(#7771,#7772)
    ,(#7773,#7774
    )),.UNSPECIFIED.,.F.,.F.,.F.,(4,4),(2,2),(8.,9.),(0.,1.),
  .PIECEWISE_BEZIER_KNOTS.);
#7767 = CARTESIAN_POINT('',(-0.122835324547,4.2505,5.451222755789));
#7768 = CARTESIAN_POINT('',(-0.122835324547,4.2495,5.451222755789));
#7769 = CARTESIAN_POINT('',(-0.122743147688,4.2505,5.438226108706));
#7770 = CARTESIAN_POINT('',(-0.122743147688,4.2495,5.438226108706));
#7771 = CARTESIAN_POINT('',(-0.126829070682,4.2505,5.427903267621));
#7772 = CARTESIAN_POINT('',(-0.126829070682,4.2495,5.427903267621));
#7773 = CARTESIAN_POINT('',(-0.135093093529,4.2505,5.420254232535));
#7774 = CARTESIAN_POINT('',(-0.135093093529,4.2495,5.420254232535));
#7775 = ADVANCED_FACE('',(#7776),#7786,.F.);
#7776 = FACE_BOUND('',#7777,.F.);
#7777 = EDGE_LOOP('',(#7778,#7779,#7780,#7785));
#7778 = ORIENTED_EDGE('',*,*,#7761,.F.);
#7779 = ORIENTED_EDGE('',*,*,#7512,.T.);
#7780 = ORIENTED_EDGE('',*,*,#7781,.T.);
#7781 = EDGE_CURVE('',#7513,#2887,#7782,.T.);
#7782 = B_SPLINE_CURVE_WITH_KNOTS('',1,(#7783,#7784),.UNSPECIFIED.,.F.,
  .F.,(2,2),(-0.,1.E-03),.PIECEWISE_BEZIER_KNOTS.);
#7783 = CARTESIAN_POINT('',(-0.168595313954,4.2505,5.408578998098));
#7784 = CARTESIAN_POINT('',(-0.168595313954,4.2495,5.408578998098));
#7785 = ORIENTED_EDGE('',*,*,#2895,.F.);
#7786 = B_SPLINE_SURFACE_WITH_KNOTS('',3,1,(
    (#7787,#7788)
    ,(#7789,#7790)
    ,(#7791,#7792)
    ,(#7793,#7794
    )),.UNSPECIFIED.,.F.,.F.,.F.,(4,4),(2,2),(7.,8.),(0.,1.),
  .PIECEWISE_BEZIER_KNOTS.);
#7787 = CARTESIAN_POINT('',(-0.135093093529,4.2505,5.420254232535));
#7788 = CARTESIAN_POINT('',(-0.135093093529,4.2495,5.420254232535));
#7789 = CARTESIAN_POINT('',(-0.143357116376,4.2505,5.412605197449));
#7790 = CARTESIAN_POINT('',(-0.143357116376,4.2495,5.412605197449));
#7791 = CARTESIAN_POINT('',(-0.154506948517,4.2505,5.408678917814));
#7792 = CARTESIAN_POINT('',(-0.154506948517,4.2495,5.408678917814));
#7793 = CARTESIAN_POINT('',(-0.168595313954,4.2505,5.408578998098));
#7794 = CARTESIAN_POINT('',(-0.168595313954,4.2495,5.408578998098));
#7795 = ADVANCED_FACE('',(#7796),#7806,.F.);
#7796 = FACE_BOUND('',#7797,.F.);
#7797 = EDGE_LOOP('',(#7798,#7799,#7800,#7805));
#7798 = ORIENTED_EDGE('',*,*,#7781,.F.);
#7799 = ORIENTED_EDGE('',*,*,#7521,.T.);
#7800 = ORIENTED_EDGE('',*,*,#7801,.T.);
#7801 = EDGE_CURVE('',#7522,#2880,#7802,.T.);
#7802 = B_SPLINE_CURVE_WITH_KNOTS('',1,(#7803,#7804),.UNSPECIFIED.,.F.,
  .F.,(2,2),(-0.,1.E-03),.PIECEWISE_BEZIER_KNOTS.);
#7803 = CARTESIAN_POINT('',(-0.213279449868,4.2505,5.43415270552));
#7804 = CARTESIAN_POINT('',(-0.213279449868,4.2495,5.43415270552));
#7805 = ORIENTED_EDGE('',*,*,#2886,.F.);
#7806 = B_SPLINE_SURFACE_WITH_KNOTS('',3,1,(
    (#7807,#7808)
    ,(#7809,#7810)
    ,(#7811,#7812)
    ,(#7813,#7814
    )),.UNSPECIFIED.,.F.,.F.,.F.,(4,4),(2,2),(6.,7.),(0.,1.),
  .PIECEWISE_BEZIER_KNOTS.);
#7807 = CARTESIAN_POINT('',(-0.168595313954,4.2505,5.408578998098));
#7808 = CARTESIAN_POINT('',(-0.168595313954,4.2495,5.408578998098));
#7809 = CARTESIAN_POINT('',(-0.188194257754,4.2505,5.408439995394));
#7810 = CARTESIAN_POINT('',(-0.188194257754,4.2495,5.408439995394));
#7811 = CARTESIAN_POINT('',(-0.203123627451,4.2505,5.41696431873));
#7812 = CARTESIAN_POINT('',(-0.203123627451,4.2495,5.41696431873));
#7813 = CARTESIAN_POINT('',(-0.213279449868,4.2505,5.43415270552));
#7814 = CARTESIAN_POINT('',(-0.213279449868,4.2495,5.43415270552));
#7815 = ADVANCED_FACE('',(#7816),#7826,.F.);
#7816 = FACE_BOUND('',#7817,.T.);
#7817 = EDGE_LOOP('',(#7818,#7819,#7824,#7825));
#7818 = ORIENTED_EDGE('',*,*,#2879,.T.);
#7819 = ORIENTED_EDGE('',*,*,#7820,.F.);
#7820 = EDGE_CURVE('',#7531,#2873,#7821,.T.);
#7821 = B_SPLINE_CURVE_WITH_KNOTS('',1,(#7822,#7823),.UNSPECIFIED.,.F.,
  .F.,(2,2),(-0.,1.E-03),.PIECEWISE_BEZIER_KNOTS.);
#7822 = CARTESIAN_POINT('',(-0.213955275516,4.2505,5.434147912323));
#7823 = CARTESIAN_POINT('',(-0.213955275516,4.2495,5.434147912323));
#7824 = ORIENTED_EDGE('',*,*,#7530,.F.);
#7825 = ORIENTED_EDGE('',*,*,#7801,.T.);
#7826 = B_SPLINE_SURFACE_WITH_KNOTS('',1,1,(
    (#7827,#7828)
    ,(#7829,#7830
    )),.UNSPECIFIED.,.F.,.F.,.F.,(2,2),(2,2),(-3.491393528737E-18,
    6.758426455274E-04),(-1.E-03,8.881784197001E-16),
  .PIECEWISE_BEZIER_KNOTS.);
#7827 = CARTESIAN_POINT('',(-0.213955275516,4.2495,5.434147912323));
#7828 = CARTESIAN_POINT('',(-0.213955275516,4.2505,5.434147912323));
#7829 = CARTESIAN_POINT('',(-0.213279449868,4.2495,5.43415270552));
#7830 = CARTESIAN_POINT('',(-0.213279449868,4.2505,5.43415270552));
#7831 = ADVANCED_FACE('',(#7832),#7842,.F.);
#7832 = FACE_BOUND('',#7833,.T.);
#7833 = EDGE_LOOP('',(#7834,#7835,#7840,#7841));
#7834 = ORIENTED_EDGE('',*,*,#2872,.T.);
#7835 = ORIENTED_EDGE('',*,*,#7836,.F.);
#7836 = EDGE_CURVE('',#7538,#2866,#7837,.T.);
#7837 = B_SPLINE_CURVE_WITH_KNOTS('',1,(#7838,#7839),.UNSPECIFIED.,.F.,
  .F.,(2,2),(-0.,1.E-03),.PIECEWISE_BEZIER_KNOTS.);
#7838 = CARTESIAN_POINT('',(-0.213795993903,4.2505,5.411689706165));
#7839 = CARTESIAN_POINT('',(-0.213795993903,4.2495,5.411689706165));
#7840 = ORIENTED_EDGE('',*,*,#7537,.F.);
#7841 = ORIENTED_EDGE('',*,*,#7820,.T.);
#7842 = B_SPLINE_SURFACE_WITH_KNOTS('',1,1,(
    (#7843,#7844)
    ,(#7845,#7846
    )),.UNSPECIFIED.,.F.,.F.,.F.,(2,2),(2,2),(0.,2.24587709918E-02),(
    -1.E-03,2.715561221586E-32),.PIECEWISE_BEZIER_KNOTS.);
#7843 = CARTESIAN_POINT('',(-0.213795993903,4.2495,5.411689706165));
#7844 = CARTESIAN_POINT('',(-0.213795993903,4.2505,5.411689706165));
#7845 = CARTESIAN_POINT('',(-0.213955275516,4.2495,5.434147912323));
#7846 = CARTESIAN_POINT('',(-0.213955275516,4.2505,5.434147912323));
#7847 = ADVANCED_FACE('',(#7848),#7858,.F.);
#7848 = FACE_BOUND('',#7849,.T.);
#7849 = EDGE_LOOP('',(#7850,#7851,#7856,#7857));
#7850 = ORIENTED_EDGE('',*,*,#2865,.T.);
#7851 = ORIENTED_EDGE('',*,*,#7852,.F.);
#7852 = EDGE_CURVE('',#7545,#2859,#7853,.T.);
#7853 = B_SPLINE_CURVE_WITH_KNOTS('',1,(#7854,#7855),.UNSPECIFIED.,.F.,
  .F.,(2,2),(-0.,1.E-03),.PIECEWISE_BEZIER_KNOTS.);
#7854 = CARTESIAN_POINT('',(-0.239269422185,4.2505,5.411509039521));
#7855 = CARTESIAN_POINT('',(-0.239269422185,4.2495,5.411509039521));
#7856 = ORIENTED_EDGE('',*,*,#7544,.F.);
#7857 = ORIENTED_EDGE('',*,*,#7836,.T.);
#7858 = B_SPLINE_SURFACE_WITH_KNOTS('',1,1,(
    (#7859,#7860)
    ,(#7861,#7862
    )),.UNSPECIFIED.,.F.,.F.,.F.,(2,2),(2,2),(-3.491393528737E-18,
    2.547406894985E-02),(-1.E-03,2.453063609795E-36),
  .PIECEWISE_BEZIER_KNOTS.);
#7859 = CARTESIAN_POINT('',(-0.239269422185,4.2495,5.411509039521));
#7860 = CARTESIAN_POINT('',(-0.239269422185,4.2505,5.411509039521));
#7861 = CARTESIAN_POINT('',(-0.213795993903,4.2495,5.411689706165));
#7862 = CARTESIAN_POINT('',(-0.213795993903,4.2505,5.411689706165));
#7863 = ADVANCED_FACE('',(#7864),#7874,.F.);
#7864 = FACE_BOUND('',#7865,.T.);
#7865 = EDGE_LOOP('',(#7866,#7867,#7872,#7873));
#7866 = ORIENTED_EDGE('',*,*,#2858,.T.);
#7867 = ORIENTED_EDGE('',*,*,#7868,.F.);
#7868 = EDGE_CURVE('',#7552,#2850,#7869,.T.);
#7869 = B_SPLINE_CURVE_WITH_KNOTS('',1,(#7870,#7871),.UNSPECIFIED.,.F.,
  .F.,(2,2),(-0.,9.999999999986E-04),.PIECEWISE_BEZIER_KNOTS.);
#7870 = CARTESIAN_POINT('',(-0.239932358158,4.2505,5.504980925337));
#7871 = CARTESIAN_POINT('',(-0.239932358158,4.2495,5.504980925337));
#7872 = ORIENTED_EDGE('',*,*,#7551,.F.);
#7873 = ORIENTED_EDGE('',*,*,#7852,.T.);
#7874 = B_SPLINE_SURFACE_WITH_KNOTS('',1,1,(
    (#7875,#7876)
    ,(#7877,#7878
    )),.UNSPECIFIED.,.F.,.F.,.F.,(2,2),(2,2),(-2.476220891924E-20,
    9.347423667573E-02),(-1.E-03,0.),.PIECEWISE_BEZIER_KNOTS.);
#7875 = CARTESIAN_POINT('',(-0.239932358158,4.2495,5.504980925337));
#7876 = CARTESIAN_POINT('',(-0.239932358158,4.2505,5.504980925337));
#7877 = CARTESIAN_POINT('',(-0.239269422185,4.2495,5.411509039521));
#7878 = CARTESIAN_POINT('',(-0.239269422185,4.2505,5.411509039521));
#7879 = ADVANCED_FACE('',(#7880),#7886,.F.);
#7880 = FACE_BOUND('',#7881,.F.);
#7881 = EDGE_LOOP('',(#7882,#7883,#7884,#7885));
#7882 = ORIENTED_EDGE('',*,*,#7868,.F.);
#7883 = ORIENTED_EDGE('',*,*,#7558,.T.);
#7884 = ORIENTED_EDGE('',*,*,#7643,.T.);
#7885 = ORIENTED_EDGE('',*,*,#2849,.F.);
#7886 = B_SPLINE_SURFACE_WITH_KNOTS('',3,1,(
    (#7887,#7888)
    ,(#7889,#7890)
    ,(#7891,#7892)
    ,(#7893,#7894
    )),.UNSPECIFIED.,.F.,.F.,.F.,(4,4),(2,2),(1.,2.),(0.,1.),
  .PIECEWISE_BEZIER_KNOTS.);
#7887 = CARTESIAN_POINT('',(-0.239932358158,4.2505,5.504980925337));
#7888 = CARTESIAN_POINT('',(-0.239932358158,4.2495,5.504980925337));
#7889 = CARTESIAN_POINT('',(-0.240193403023,4.2505,5.541787429875));
#7890 = CARTESIAN_POINT('',(-0.240193403023,4.2495,5.541787429875));
#7891 = CARTESIAN_POINT('',(-0.222803707774,4.2505,5.560210963374));
#7892 = CARTESIAN_POINT('',(-0.222803707774,4.2495,5.560210963374));
#7893 = CARTESIAN_POINT('',(-0.187816733828,4.2505,5.560459103479));
#7894 = CARTESIAN_POINT('',(-0.187816733828,4.2495,5.560459103479));
#7895 = ADVANCED_FACE('',(#7896),#7920,.T.);
#7896 = FACE_BOUND('',#7897,.T.);
#7897 = EDGE_LOOP('',(#7898,#7909,#7914,#7915));
#7898 = ORIENTED_EDGE('',*,*,#7899,.F.);
#7899 = EDGE_CURVE('',#7900,#7902,#7904,.T.);
#7900 = VERTEX_POINT('',#7901);
#7901 = CARTESIAN_POINT('',(-0.180281246708,4.2495,5.480241217894));
#7902 = VERTEX_POINT('',#7903);
#7903 = CARTESIAN_POINT('',(-0.155576186161,4.2495,5.471474292026));
#7904 = B_SPLINE_CURVE_WITH_KNOTS('',3,(#7905,#7906,#7907,#7908),
  .UNSPECIFIED.,.F.,.F.,(4,4),(0.,1.),.PIECEWISE_BEZIER_KNOTS.);
#7905 = CARTESIAN_POINT('',(-0.180281246708,4.2495,5.480241217894));
#7906 = CARTESIAN_POINT('',(-0.168364519343,4.2495,5.47866208107));
#7907 = CARTESIAN_POINT('',(-0.16012999077,4.2495,5.475809087899));
#7908 = CARTESIAN_POINT('',(-0.155576186161,4.2495,5.471474292026));
#7909 = ORIENTED_EDGE('',*,*,#7910,.F.);
#7910 = EDGE_CURVE('',#7579,#7900,#7911,.T.);
#7911 = B_SPLINE_CURVE_WITH_KNOTS('',1,(#7912,#7913),.UNSPECIFIED.,.F.,
  .F.,(2,2),(-0.,9.999999999994E-04),.PIECEWISE_BEZIER_KNOTS.);
#7912 = CARTESIAN_POINT('',(-0.180281246708,4.2505,5.480241217894));
#7913 = CARTESIAN_POINT('',(-0.180281246708,4.2495,5.480241217894));
#7914 = ORIENTED_EDGE('',*,*,#7578,.T.);
#7915 = ORIENTED_EDGE('',*,*,#7916,.T.);
#7916 = EDGE_CURVE('',#7568,#7902,#7917,.T.);
#7917 = B_SPLINE_CURVE_WITH_KNOTS('',1,(#7918,#7919),.UNSPECIFIED.,.F.,
  .F.,(2,2),(-0.,1.E-03),.PIECEWISE_BEZIER_KNOTS.);
#7918 = CARTESIAN_POINT('',(-0.155576186161,4.2505,5.471474292026));
#7919 = CARTESIAN_POINT('',(-0.155576186161,4.2495,5.471474292026));
#7920 = B_SPLINE_SURFACE_WITH_KNOTS('',3,1,(
    (#7921,#7922)
    ,(#7923,#7924)
    ,(#7925,#7926)
    ,(#7927,#7928
    )),.UNSPECIFIED.,.F.,.F.,.F.,(4,4),(2,2),(0.,1.),(0.,1.),
  .PIECEWISE_BEZIER_KNOTS.);
#7921 = CARTESIAN_POINT('',(-0.180281246708,4.2505,5.480241217894));
#7922 = CARTESIAN_POINT('',(-0.180281246708,4.2495,5.480241217894));
#7923 = CARTESIAN_POINT('',(-0.168364519343,4.2505,5.47866208107));
#7924 = CARTESIAN_POINT('',(-0.168364519343,4.2495,5.47866208107));
#7925 = CARTESIAN_POINT('',(-0.16012999077,4.2505,5.475809087899));
#7926 = CARTESIAN_POINT('',(-0.16012999077,4.2495,5.475809087899));
#7927 = CARTESIAN_POINT('',(-0.155576186161,4.2505,5.471474292026));
#7928 = CARTESIAN_POINT('',(-0.155576186161,4.2495,5.471474292026));
#7929 = ADVANCED_FACE('',(#7930),#7948,.T.);
#7930 = FACE_BOUND('',#7931,.T.);
#7931 = EDGE_LOOP('',(#7932,#7941,#7942,#7943));
#7932 = ORIENTED_EDGE('',*,*,#7933,.F.);
#7933 = EDGE_CURVE('',#7902,#7934,#7936,.T.);
#7934 = VERTEX_POINT('',#7935);
#7935 = CARTESIAN_POINT('',(-0.148687407245,4.2495,5.453118971724));
#7936 = B_SPLINE_CURVE_WITH_KNOTS('',3,(#7937,#7938,#7939,#7940),
  .UNSPECIFIED.,.F.,.F.,(4,4),(1.,2.),.PIECEWISE_BEZIER_KNOTS.);
#7937 = CARTESIAN_POINT('',(-0.155576186161,4.2495,5.471474292026));
#7938 = CARTESIAN_POINT('',(-0.151074368139,4.2495,5.467139127447));
#7939 = CARTESIAN_POINT('',(-0.148743450776,4.2495,5.461020933151));
#7940 = CARTESIAN_POINT('',(-0.148687407245,4.2495,5.453118971724));
#7941 = ORIENTED_EDGE('',*,*,#7916,.F.);
#7942 = ORIENTED_EDGE('',*,*,#7567,.T.);
#7943 = ORIENTED_EDGE('',*,*,#7944,.T.);
#7944 = EDGE_CURVE('',#7570,#7934,#7945,.T.);
#7945 = B_SPLINE_CURVE_WITH_KNOTS('',1,(#7946,#7947),.UNSPECIFIED.,.F.,
  .F.,(2,2),(-0.,1.E-03),.PIECEWISE_BEZIER_KNOTS.);
#7946 = CARTESIAN_POINT('',(-0.148687407245,4.2505,5.453118971724));
#7947 = CARTESIAN_POINT('',(-0.148687407245,4.2495,5.453118971724));
#7948 = B_SPLINE_SURFACE_WITH_KNOTS('',3,1,(
    (#7949,#7950)
    ,(#7951,#7952)
    ,(#7953,#7954)
    ,(#7955,#7956
    )),.UNSPECIFIED.,.F.,.F.,.F.,(4,4),(2,2),(1.,2.),(0.,1.),
  .PIECEWISE_BEZIER_KNOTS.);
#7949 = CARTESIAN_POINT('',(-0.155576186161,4.2505,5.471474292026));
#7950 = CARTESIAN_POINT('',(-0.155576186161,4.2495,5.471474292026));
#7951 = CARTESIAN_POINT('',(-0.151074368139,4.2505,5.467139127447));
#7952 = CARTESIAN_POINT('',(-0.151074368139,4.2495,5.467139127447));
#7953 = CARTESIAN_POINT('',(-0.148743450776,4.2505,5.461020933151));
#7954 = CARTESIAN_POINT('',(-0.148743450776,4.2495,5.461020933151));
#7955 = CARTESIAN_POINT('',(-0.148687407245,4.2505,5.453118971724));
#7956 = CARTESIAN_POINT('',(-0.148687407245,4.2495,5.453118971724));
#7957 = ADVANCED_FACE('',(#7958),#7976,.T.);
#7958 = FACE_BOUND('',#7959,.T.);
#7959 = EDGE_LOOP('',(#7960,#7969,#7970,#7971));
#7960 = ORIENTED_EDGE('',*,*,#7961,.F.);
#7961 = EDGE_CURVE('',#7934,#7962,#7964,.T.);
#7962 = VERTEX_POINT('',#7963);
#7963 = CARTESIAN_POINT('',(-0.155949304163,4.2495,5.436118987473));
#7964 = B_SPLINE_CURVE_WITH_KNOTS('',3,(#7965,#7966,#7967,#7968),
  .UNSPECIFIED.,.F.,.F.,(4,4),(2.,3.),.PIECEWISE_BEZIER_KNOTS.);
#7965 = CARTESIAN_POINT('',(-0.148687407245,4.2495,5.453118971724));
#7966 = CARTESIAN_POINT('',(-0.148638000449,4.2495,5.446152768889));
#7967 = CARTESIAN_POINT('',(-0.151041549697,4.2495,5.4405208881));
#7968 = CARTESIAN_POINT('',(-0.155949304163,4.2495,5.436118987473));
#7969 = ORIENTED_EDGE('',*,*,#7944,.F.);
#7970 = ORIENTED_EDGE('',*,*,#7628,.T.);
#7971 = ORIENTED_EDGE('',*,*,#7972,.T.);
#7972 = EDGE_CURVE('',#7620,#7962,#7973,.T.);
#7973 = B_SPLINE_CURVE_WITH_KNOTS('',1,(#7974,#7975),.UNSPECIFIED.,.F.,
  .F.,(2,2),(-0.,1.E-03),.PIECEWISE_BEZIER_KNOTS.);
#7974 = CARTESIAN_POINT('',(-0.155949304163,4.2505,5.436118987473));
#7975 = CARTESIAN_POINT('',(-0.155949304163,4.2495,5.436118987473));
#7976 = B_SPLINE_SURFACE_WITH_KNOTS('',3,1,(
    (#7977,#7978)
    ,(#7979,#7980)
    ,(#7981,#7982)
    ,(#7983,#7984
    )),.UNSPECIFIED.,.F.,.F.,.F.,(4,4),(2,2),(2.,3.),(0.,1.),
  .PIECEWISE_BEZIER_KNOTS.);
#7977 = CARTESIAN_POINT('',(-0.148687407245,4.2505,5.453118971724));
#7978 = CARTESIAN_POINT('',(-0.148687407245,4.2495,5.453118971724));
#7979 = CARTESIAN_POINT('',(-0.148638000449,4.2505,5.446152768889));
#7980 = CARTESIAN_POINT('',(-0.148638000449,4.2495,5.446152768889));
#7981 = CARTESIAN_POINT('',(-0.151041549697,4.2505,5.4405208881));
#7982 = CARTESIAN_POINT('',(-0.151041549697,4.2495,5.4405208881));
#7983 = CARTESIAN_POINT('',(-0.155949304163,4.2505,5.436118987473));
#7984 = CARTESIAN_POINT('',(-0.155949304163,4.2495,5.436118987473));
#7985 = ADVANCED_FACE('',(#7986),#8004,.T.);
#7986 = FACE_BOUND('',#7987,.T.);
#7987 = EDGE_LOOP('',(#7988,#7997,#7998,#7999));
#7988 = ORIENTED_EDGE('',*,*,#7989,.F.);
#7989 = EDGE_CURVE('',#7962,#7990,#7992,.T.);
#7990 = VERTEX_POINT('',#7991);
#7991 = CARTESIAN_POINT('',(-0.175345831062,4.2495,5.429430780762));
#7992 = B_SPLINE_CURVE_WITH_KNOTS('',3,(#7993,#7994,#7995,#7996),
  .UNSPECIFIED.,.F.,.F.,(4,4),(3.,4.),.PIECEWISE_BEZIER_KNOTS.);
#7993 = CARTESIAN_POINT('',(-0.155949304163,4.2495,5.436118987473));
#7994 = CARTESIAN_POINT('',(-0.160805072042,4.2495,5.431717455555));
#7995 = CARTESIAN_POINT('',(-0.16728790987,4.2495,5.429487930415));
#7996 = CARTESIAN_POINT('',(-0.175345831062,4.2495,5.429430780762));
#7997 = ORIENTED_EDGE('',*,*,#7972,.F.);
#7998 = ORIENTED_EDGE('',*,*,#7619,.T.);
#7999 = ORIENTED_EDGE('',*,*,#8000,.T.);
#8000 = EDGE_CURVE('',#7611,#7990,#8001,.T.);
#8001 = B_SPLINE_CURVE_WITH_KNOTS('',1,(#8002,#8003),.UNSPECIFIED.,.F.,
  .F.,(2,2),(-0.,1.E-03),.PIECEWISE_BEZIER_KNOTS.);
#8002 = CARTESIAN_POINT('',(-0.175345831062,4.2505,5.429430780762));
#8003 = CARTESIAN_POINT('',(-0.175345831062,4.2495,5.429430780762));
#8004 = B_SPLINE_SURFACE_WITH_KNOTS('',3,1,(
    (#8005,#8006)
    ,(#8007,#8008)
    ,(#8009,#8010)
    ,(#8011,#8012
    )),.UNSPECIFIED.,.F.,.F.,.F.,(4,4),(2,2),(3.,4.),(0.,1.),
  .PIECEWISE_BEZIER_KNOTS.);
#8005 = CARTESIAN_POINT('',(-0.155949304163,4.2505,5.436118987473));
#8006 = CARTESIAN_POINT('',(-0.155949304163,4.2495,5.436118987473));
#8007 = CARTESIAN_POINT('',(-0.160805072042,4.2505,5.431717455555));
#8008 = CARTESIAN_POINT('',(-0.160805072042,4.2495,5.431717455555));
#8009 = CARTESIAN_POINT('',(-0.16728790987,4.2505,5.429487930415));
#8010 = CARTESIAN_POINT('',(-0.16728790987,4.2495,5.429487930415));
#8011 = CARTESIAN_POINT('',(-0.175345831062,4.2505,5.429430780762));
#8012 = CARTESIAN_POINT('',(-0.175345831062,4.2495,5.429430780762));
#8013 = ADVANCED_FACE('',(#8014),#8032,.T.);
#8014 = FACE_BOUND('',#8015,.T.);
#8015 = EDGE_LOOP('',(#8016,#8025,#8026,#8027));
#8016 = ORIENTED_EDGE('',*,*,#8017,.F.);
#8017 = EDGE_CURVE('',#7990,#8018,#8020,.T.);
#8018 = VERTEX_POINT('',#8019);
#8019 = CARTESIAN_POINT('',(-0.203086761349,4.2495,5.441087570545));
#8020 = B_SPLINE_CURVE_WITH_KNOTS('',3,(#8021,#8022,#8023,#8024),
  .UNSPECIFIED.,.F.,.F.,(4,4),(4.,5.),.PIECEWISE_BEZIER_KNOTS.);
#8021 = CARTESIAN_POINT('',(-0.175345831062,4.2495,5.429430780762));
#8022 = CARTESIAN_POINT('',(-0.186522947552,4.2495,5.429351508663));
#8023 = CARTESIAN_POINT('',(-0.19580458204,4.2495,5.433236859452));
#8024 = CARTESIAN_POINT('',(-0.203086761349,4.2495,5.441087570545));
#8025 = ORIENTED_EDGE('',*,*,#8000,.F.);
#8026 = ORIENTED_EDGE('',*,*,#7610,.T.);
#8027 = ORIENTED_EDGE('',*,*,#8028,.T.);
#8028 = EDGE_CURVE('',#7602,#8018,#8029,.T.);
#8029 = B_SPLINE_CURVE_WITH_KNOTS('',1,(#8030,#8031),.UNSPECIFIED.,.F.,
  .F.,(2,2),(-0.,9.999999999994E-04),.PIECEWISE_BEZIER_KNOTS.);
#8030 = CARTESIAN_POINT('',(-0.203086761349,4.2505,5.441087570545));
#8031 = CARTESIAN_POINT('',(-0.203086761349,4.2495,5.441087570545));
#8032 = B_SPLINE_SURFACE_WITH_KNOTS('',3,1,(
    (#8033,#8034)
    ,(#8035,#8036)
    ,(#8037,#8038)
    ,(#8039,#8040
    )),.UNSPECIFIED.,.F.,.F.,.F.,(4,4),(2,2),(4.,5.),(0.,1.),
  .PIECEWISE_BEZIER_KNOTS.);
#8033 = CARTESIAN_POINT('',(-0.175345831062,4.2505,5.429430780762));
#8034 = CARTESIAN_POINT('',(-0.175345831062,4.2495,5.429430780762));
#8035 = CARTESIAN_POINT('',(-0.186522947552,4.2505,5.429351508663));
#8036 = CARTESIAN_POINT('',(-0.186522947552,4.2495,5.429351508663));
#8037 = CARTESIAN_POINT('',(-0.19580458204,4.2505,5.433236859452));
#8038 = CARTESIAN_POINT('',(-0.19580458204,4.2495,5.433236859452));
#8039 = CARTESIAN_POINT('',(-0.203086761349,4.2505,5.441087570545));
#8040 = CARTESIAN_POINT('',(-0.203086761349,4.2495,5.441087570545));
#8041 = ADVANCED_FACE('',(#8042),#8060,.T.);
#8042 = FACE_BOUND('',#8043,.T.);
#8043 = EDGE_LOOP('',(#8044,#8053,#8054,#8055));
#8044 = ORIENTED_EDGE('',*,*,#8045,.F.);
#8045 = EDGE_CURVE('',#8018,#8046,#8048,.T.);
#8046 = VERTEX_POINT('',#8047);
#8047 = CARTESIAN_POINT('',(-0.214214108137,4.2495,5.470642497331));
#8048 = B_SPLINE_CURVE_WITH_KNOTS('',3,(#8049,#8050,#8051,#8052),
  .UNSPECIFIED.,.F.,.F.,(4,4),(5.,6.),.PIECEWISE_BEZIER_KNOTS.);
#8049 = CARTESIAN_POINT('',(-0.203086761349,4.2495,5.441087570545));
#8050 = CARTESIAN_POINT('',(-0.21042018983,4.2495,5.448833939753));
#8051 = CARTESIAN_POINT('',(-0.214129305427,4.2495,5.458685582014));
#8052 = CARTESIAN_POINT('',(-0.214214108137,4.2495,5.470642497331));
#8053 = ORIENTED_EDGE('',*,*,#8028,.F.);
#8054 = ORIENTED_EDGE('',*,*,#7601,.T.);
#8055 = ORIENTED_EDGE('',*,*,#8056,.T.);
#8056 = EDGE_CURVE('',#7595,#8046,#8057,.T.);
#8057 = B_SPLINE_CURVE_WITH_KNOTS('',1,(#8058,#8059),.UNSPECIFIED.,.F.,
  .F.,(2,2),(-0.,9.999999999994E-04),.PIECEWISE_BEZIER_KNOTS.);
#8058 = CARTESIAN_POINT('',(-0.214214108137,4.2505,5.470642497331));
#8059 = CARTESIAN_POINT('',(-0.214214108137,4.2495,5.470642497331));
#8060 = B_SPLINE_SURFACE_WITH_KNOTS('',3,1,(
    (#8061,#8062)
    ,(#8063,#8064)
    ,(#8065,#8066)
    ,(#8067,#8068
    )),.UNSPECIFIED.,.F.,.F.,.F.,(4,4),(2,2),(5.,6.),(0.,1.),
  .PIECEWISE_BEZIER_KNOTS.);
#8061 = CARTESIAN_POINT('',(-0.203086761349,4.2505,5.441087570545));
#8062 = CARTESIAN_POINT('',(-0.203086761349,4.2495,5.441087570545));
#8063 = CARTESIAN_POINT('',(-0.21042018983,4.2505,5.448833939753));
#8064 = CARTESIAN_POINT('',(-0.21042018983,4.2495,5.448833939753));
#8065 = CARTESIAN_POINT('',(-0.214129305427,4.2505,5.458685582014));
#8066 = CARTESIAN_POINT('',(-0.214129305427,4.2495,5.458685582014));
#8067 = CARTESIAN_POINT('',(-0.214214108137,4.2505,5.470642497331));
#8068 = CARTESIAN_POINT('',(-0.214214108137,4.2495,5.470642497331));
#8069 = ADVANCED_FACE('',(#8070),#8086,.T.);
#8070 = FACE_BOUND('',#8071,.T.);
#8071 = EDGE_LOOP('',(#8072,#8079,#8080,#8081));
#8072 = ORIENTED_EDGE('',*,*,#8073,.F.);
#8073 = EDGE_CURVE('',#8046,#8074,#8076,.T.);
#8074 = VERTEX_POINT('',#8075);
#8075 = CARTESIAN_POINT('',(-0.214312921731,4.2495,5.484574903004));
#8076 = B_SPLINE_CURVE_WITH_KNOTS('',1,(#8077,#8078),.UNSPECIFIED.,.F.,
  .F.,(2,2),(-4.409284811383E-16,1.39327560794E-02),
  .PIECEWISE_BEZIER_KNOTS.);
#8077 = CARTESIAN_POINT('',(-0.214214108137,4.2495,5.470642497331));
#8078 = CARTESIAN_POINT('',(-0.214312921731,4.2495,5.484574903004));
#8079 = ORIENTED_EDGE('',*,*,#8056,.F.);
#8080 = ORIENTED_EDGE('',*,*,#7594,.T.);
#8081 = ORIENTED_EDGE('',*,*,#8082,.T.);
#8082 = EDGE_CURVE('',#7588,#8074,#8083,.T.);
#8083 = B_SPLINE_CURVE_WITH_KNOTS('',1,(#8084,#8085),.UNSPECIFIED.,.F.,
  .F.,(2,2),(-0.,1.E-03),.PIECEWISE_BEZIER_KNOTS.);
#8084 = CARTESIAN_POINT('',(-0.214312921731,4.2505,5.484574903004));
#8085 = CARTESIAN_POINT('',(-0.214312921731,4.2495,5.484574903004));
#8086 = B_SPLINE_SURFACE_WITH_KNOTS('',1,1,(
    (#8087,#8088)
    ,(#8089,#8090
    )),.UNSPECIFIED.,.F.,.F.,.F.,(2,2),(2,2),(-1.39327560794E-02,
    4.409284811383E-16),(-1.E-03,9.485204976107E-33),
  .PIECEWISE_BEZIER_KNOTS.);
#8087 = CARTESIAN_POINT('',(-0.214312921731,4.2495,5.484574903004));
#8088 = CARTESIAN_POINT('',(-0.214312921731,4.2505,5.484574903004));
#8089 = CARTESIAN_POINT('',(-0.214214108137,4.2495,5.470642497331));
#8090 = CARTESIAN_POINT('',(-0.214214108137,4.2505,5.470642497331));
#8091 = ADVANCED_FACE('',(#8092),#8102,.T.);
#8092 = FACE_BOUND('',#8093,.T.);
#8093 = EDGE_LOOP('',(#8094,#8099,#8100,#8101));
#8094 = ORIENTED_EDGE('',*,*,#8095,.F.);
#8095 = EDGE_CURVE('',#8074,#7900,#8096,.T.);
#8096 = B_SPLINE_CURVE_WITH_KNOTS('',1,(#8097,#8098),.UNSPECIFIED.,.F.,
  .F.,(2,2),(0.,3.430649692773E-02),.PIECEWISE_BEZIER_KNOTS.);
#8097 = CARTESIAN_POINT('',(-0.214312921731,4.2495,5.484574903004));
#8098 = CARTESIAN_POINT('',(-0.180281246708,4.2495,5.480241217894));
#8099 = ORIENTED_EDGE('',*,*,#8082,.F.);
#8100 = ORIENTED_EDGE('',*,*,#7587,.T.);
#8101 = ORIENTED_EDGE('',*,*,#7910,.T.);
#8102 = B_SPLINE_SURFACE_WITH_KNOTS('',1,1,(
    (#8103,#8104)
    ,(#8105,#8106
    )),.UNSPECIFIED.,.F.,.F.,.F.,(2,2),(2,2),(-3.430649692773E-02,
    3.463511839184E-18),(-1.E-03,1.617781153285E-32),
  .PIECEWISE_BEZIER_KNOTS.);
#8103 = CARTESIAN_POINT('',(-0.180281246708,4.2495,5.480241217894));
#8104 = CARTESIAN_POINT('',(-0.180281246708,4.2505,5.480241217894));
#8105 = CARTESIAN_POINT('',(-0.214312921731,4.2495,5.484574903004));
#8106 = CARTESIAN_POINT('',(-0.214312921731,4.2505,5.484574903004));
#8107 = ADVANCED_FACE('',(#8108),#8118,.T.);
#8108 = FACE_BOUND('',#8109,.T.);
#8109 = EDGE_LOOP('',(#8110,#8111,#8112,#8113,#8114,#8115,#8116,#8117));
#8110 = ORIENTED_EDGE('',*,*,#7899,.T.);
#8111 = ORIENTED_EDGE('',*,*,#7933,.T.);
#8112 = ORIENTED_EDGE('',*,*,#7961,.T.);
#8113 = ORIENTED_EDGE('',*,*,#7989,.T.);
#8114 = ORIENTED_EDGE('',*,*,#8017,.T.);
#8115 = ORIENTED_EDGE('',*,*,#8045,.T.);
#8116 = ORIENTED_EDGE('',*,*,#8073,.T.);
#8117 = ORIENTED_EDGE('',*,*,#8095,.T.);
#8118 = B_SPLINE_SURFACE_WITH_KNOTS('',1,1,(
    (#8119,#8120)
    ,(#8121,#8122
    )),.UNSPECIFIED.,.F.,.F.,.F.,(2,2),(2,2),(1.929351408663,
    1.984574803004),(3.585687078269,3.651361999551),
  .PIECEWISE_BEZIER_KNOTS.);
#8119 = CARTESIAN_POINT('',(-0.214312921731,4.2495,5.429351508663));
#8120 = CARTESIAN_POINT('',(-0.148638000449,4.2495,5.429351508663));
#8121 = CARTESIAN_POINT('',(-0.214312921731,4.2495,5.484574903004));
#8122 = CARTESIAN_POINT('',(-0.148638000449,4.2495,5.484574903004));
#8123 = ADVANCED_FACE('',(#8124),#8148,.F.);
#8124 = FACE_BOUND('',#8125,.F.);
#8125 = EDGE_LOOP('',(#8126,#8133,#8142,#8147));
#8126 = ORIENTED_EDGE('',*,*,#8127,.F.);
#8127 = EDGE_CURVE('',#8128,#2654,#8130,.T.);
#8128 = VERTEX_POINT('',#8129);
#8129 = CARTESIAN_POINT('',(-0.315812855314,4.2505,5.428330560089));
#8130 = B_SPLINE_CURVE_WITH_KNOTS('',1,(#8131,#8132),.UNSPECIFIED.,.F.,
  .F.,(2,2),(-0.,1.E-03),.PIECEWISE_BEZIER_KNOTS.);
#8131 = CARTESIAN_POINT('',(-0.315812855314,4.2505,5.428330560089));
#8132 = CARTESIAN_POINT('',(-0.315812855314,4.2495,5.428330560089));
#8133 = ORIENTED_EDGE('',*,*,#8134,.T.);
#8134 = EDGE_CURVE('',#8128,#8135,#8137,.T.);
#8135 = VERTEX_POINT('',#8136);
#8136 = CARTESIAN_POINT('',(-0.274011216128,4.2505,5.442664117132));
#8137 = B_SPLINE_CURVE_WITH_KNOTS('',3,(#8138,#8139,#8140,#8141),
  .UNSPECIFIED.,.F.,.F.,(4,4),(0.,1.),.PIECEWISE_BEZIER_KNOTS.);
#8138 = CARTESIAN_POINT('',(-0.315812855314,4.2505,5.428330560089));
#8139 = CARTESIAN_POINT('',(-0.300840717875,4.2505,5.428436747831));
#8140 = CARTESIAN_POINT('',(-0.286941495872,4.2505,5.433214354375));
#8141 = CARTESIAN_POINT('',(-0.274011216128,4.2505,5.442664117132));
#8142 = ORIENTED_EDGE('',*,*,#8143,.T.);
#8143 = EDGE_CURVE('',#8135,#2645,#8144,.T.);
#8144 = B_SPLINE_CURVE_WITH_KNOTS('',1,(#8145,#8146),.UNSPECIFIED.,.F.,
  .F.,(2,2),(-0.,1.E-03),.PIECEWISE_BEZIER_KNOTS.);
#8145 = CARTESIAN_POINT('',(-0.274011216128,4.2505,5.442664117132));
#8146 = CARTESIAN_POINT('',(-0.274011216128,4.2495,5.442664117132));
#8147 = ORIENTED_EDGE('',*,*,#2653,.F.);
#8148 = B_SPLINE_SURFACE_WITH_KNOTS('',3,1,(
    (#8149,#8150)
    ,(#8151,#8152)
    ,(#8153,#8154)
    ,(#8155,#8156
    )),.UNSPECIFIED.,.F.,.F.,.F.,(4,4),(2,2),(0.,1.),(0.,1.),
  .PIECEWISE_BEZIER_KNOTS.);
#8149 = CARTESIAN_POINT('',(-0.315812855314,4.2505,5.428330560089));
#8150 = CARTESIAN_POINT('',(-0.315812855314,4.2495,5.428330560089));
#8151 = CARTESIAN_POINT('',(-0.300840717875,4.2505,5.428436747831));
#8152 = CARTESIAN_POINT('',(-0.300840717875,4.2495,5.428436747831));
#8153 = CARTESIAN_POINT('',(-0.286941495872,4.2505,5.433214354375));
#8154 = CARTESIAN_POINT('',(-0.286941495872,4.2495,5.433214354375));
#8155 = CARTESIAN_POINT('',(-0.274011216128,4.2505,5.442664117132));
#8156 = CARTESIAN_POINT('',(-0.274011216128,4.2495,5.442664117132));
#8157 = ADVANCED_FACE('',(#8158),#8174,.F.);
#8158 = FACE_BOUND('',#8159,.T.);
#8159 = EDGE_LOOP('',(#8160,#8161,#8168,#8173));
#8160 = ORIENTED_EDGE('',*,*,#2644,.T.);
#8161 = ORIENTED_EDGE('',*,*,#8162,.F.);
#8162 = EDGE_CURVE('',#8163,#2647,#8165,.T.);
#8163 = VERTEX_POINT('',#8164);
#8164 = CARTESIAN_POINT('',(-0.273824650165,4.2505,5.416358903438));
#8165 = B_SPLINE_CURVE_WITH_KNOTS('',1,(#8166,#8167),.UNSPECIFIED.,.F.,
  .F.,(2,2),(-0.,1.E-03),.PIECEWISE_BEZIER_KNOTS.);
#8166 = CARTESIAN_POINT('',(-0.273824650165,4.2505,5.416358903438));
#8167 = CARTESIAN_POINT('',(-0.273824650165,4.2495,5.416358903438));
#8168 = ORIENTED_EDGE('',*,*,#8169,.F.);
#8169 = EDGE_CURVE('',#8135,#8163,#8170,.T.);
#8170 = B_SPLINE_CURVE_WITH_KNOTS('',1,(#8171,#8172),.UNSPECIFIED.,.F.,
  .F.,(2,2),(-2.630587528195E-02,0.),.PIECEWISE_BEZIER_KNOTS.);
#8171 = CARTESIAN_POINT('',(-0.274011216128,4.2505,5.442664117132));
#8172 = CARTESIAN_POINT('',(-0.273824650165,4.2505,5.416358903438));
#8173 = ORIENTED_EDGE('',*,*,#8143,.T.);
#8174 = B_SPLINE_SURFACE_WITH_KNOTS('',1,1,(
    (#8175,#8176)
    ,(#8177,#8178
    )),.UNSPECIFIED.,.F.,.F.,.F.,(2,2),(2,2),(0.,2.630587528195E-02),(
    -1.E-03,3.919267436828E-32),.PIECEWISE_BEZIER_KNOTS.);
#8175 = CARTESIAN_POINT('',(-0.273824650165,4.2495,5.416358903438));
#8176 = CARTESIAN_POINT('',(-0.273824650165,4.2505,5.416358903438));
#8177 = CARTESIAN_POINT('',(-0.274011216128,4.2495,5.442664117132));
#8178 = CARTESIAN_POINT('',(-0.274011216128,4.2505,5.442664117132));
#8179 = ADVANCED_FACE('',(#8180),#8198,.F.);
#8180 = FACE_BOUND('',#8181,.F.);
#8181 = EDGE_LOOP('',(#8182,#8183,#8192,#8197));
#8182 = ORIENTED_EDGE('',*,*,#8162,.F.);
#8183 = ORIENTED_EDGE('',*,*,#8184,.T.);
#8184 = EDGE_CURVE('',#8163,#8185,#8187,.T.);
#8185 = VERTEX_POINT('',#8186);
#8186 = CARTESIAN_POINT('',(-0.3131700161,4.2505,5.407553622715));
#8187 = B_SPLINE_CURVE_WITH_KNOTS('',3,(#8188,#8189,#8190,#8191),
  .UNSPECIFIED.,.F.,.F.,(4,4),(19.,20.),.PIECEWISE_BEZIER_KNOTS.);
#8188 = CARTESIAN_POINT('',(-0.273824650165,4.2505,5.416358903438));
#8189 = CARTESIAN_POINT('',(-0.285013932841,4.2505,5.410664711092));
#8190 = CARTESIAN_POINT('',(-0.298093905484,4.2505,5.407660547871));
#8191 = CARTESIAN_POINT('',(-0.3131700161,4.2505,5.407553622715));
#8192 = ORIENTED_EDGE('',*,*,#8193,.T.);
#8193 = EDGE_CURVE('',#8185,#2814,#8194,.T.);
#8194 = B_SPLINE_CURVE_WITH_KNOTS('',1,(#8195,#8196),.UNSPECIFIED.,.F.,
  .F.,(2,2),(-0.,1.E-03),.PIECEWISE_BEZIER_KNOTS.);
#8195 = CARTESIAN_POINT('',(-0.3131700161,4.2505,5.407553622715));
#8196 = CARTESIAN_POINT('',(-0.3131700161,4.2495,5.407553622715));
#8197 = ORIENTED_EDGE('',*,*,#2822,.F.);
#8198 = B_SPLINE_SURFACE_WITH_KNOTS('',3,1,(
    (#8199,#8200)
    ,(#8201,#8202)
    ,(#8203,#8204)
    ,(#8205,#8206
    )),.UNSPECIFIED.,.F.,.F.,.F.,(4,4),(2,2),(19.,20.),(0.,1.),
  .PIECEWISE_BEZIER_KNOTS.);
#8199 = CARTESIAN_POINT('',(-0.273824650165,4.2505,5.416358903438));
#8200 = CARTESIAN_POINT('',(-0.273824650165,4.2495,5.416358903438));
#8201 = CARTESIAN_POINT('',(-0.285013932841,4.2505,5.410664711092));
#8202 = CARTESIAN_POINT('',(-0.285013932841,4.2495,5.410664711092));
#8203 = CARTESIAN_POINT('',(-0.298093905484,4.2505,5.407660547871));
#8204 = CARTESIAN_POINT('',(-0.298093905484,4.2495,5.407660547871));
#8205 = CARTESIAN_POINT('',(-0.3131700161,4.2505,5.407553622715));
#8206 = CARTESIAN_POINT('',(-0.3131700161,4.2495,5.407553622715));
#8207 = ADVANCED_FACE('',(#8208),#8226,.F.);
#8208 = FACE_BOUND('',#8209,.F.);
#8209 = EDGE_LOOP('',(#8210,#8211,#8220,#8225));
#8210 = ORIENTED_EDGE('',*,*,#8193,.F.);
#8211 = ORIENTED_EDGE('',*,*,#8212,.T.);
#8212 = EDGE_CURVE('',#8185,#8213,#8215,.T.);
#8213 = VERTEX_POINT('',#8214);
#8214 = CARTESIAN_POINT('',(-0.355568952051,4.2505,5.418794517469));
#8215 = B_SPLINE_CURVE_WITH_KNOTS('',3,(#8216,#8217,#8218,#8219),
  .UNSPECIFIED.,.F.,.F.,(4,4),(18.,19.),.PIECEWISE_BEZIER_KNOTS.);
#8216 = CARTESIAN_POINT('',(-0.3131700161,4.2505,5.407553622715));
#8217 = CARTESIAN_POINT('',(-0.330481550013,4.2505,5.407430843138));
#8218 = CARTESIAN_POINT('',(-0.344649186389,4.2505,5.411177562251));
#8219 = CARTESIAN_POINT('',(-0.355568952051,4.2505,5.418794517469));
#8220 = ORIENTED_EDGE('',*,*,#8221,.T.);
#8221 = EDGE_CURVE('',#8213,#2805,#8222,.T.);
#8222 = B_SPLINE_CURVE_WITH_KNOTS('',1,(#8223,#8224),.UNSPECIFIED.,.F.,
  .F.,(2,2),(-0.,1.E-03),.PIECEWISE_BEZIER_KNOTS.);
#8223 = CARTESIAN_POINT('',(-0.355568952051,4.2505,5.418794517469));
#8224 = CARTESIAN_POINT('',(-0.355568952051,4.2495,5.418794517469));
#8225 = ORIENTED_EDGE('',*,*,#2813,.F.);
#8226 = B_SPLINE_SURFACE_WITH_KNOTS('',3,1,(
    (#8227,#8228)
    ,(#8229,#8230)
    ,(#8231,#8232)
    ,(#8233,#8234
    )),.UNSPECIFIED.,.F.,.F.,.F.,(4,4),(2,2),(18.,19.),(0.,1.),
  .PIECEWISE_BEZIER_KNOTS.);
#8227 = CARTESIAN_POINT('',(-0.3131700161,4.2505,5.407553622715));
#8228 = CARTESIAN_POINT('',(-0.3131700161,4.2495,5.407553622715));
#8229 = CARTESIAN_POINT('',(-0.330481550013,4.2505,5.407430843138));
#8230 = CARTESIAN_POINT('',(-0.330481550013,4.2495,5.407430843138));
#8231 = CARTESIAN_POINT('',(-0.344649186389,4.2505,5.411177562251));
#8232 = CARTESIAN_POINT('',(-0.344649186389,4.2495,5.411177562251));
#8233 = CARTESIAN_POINT('',(-0.355568952051,4.2505,5.418794517469));
#8234 = CARTESIAN_POINT('',(-0.355568952051,4.2495,5.418794517469));
#8235 = ADVANCED_FACE('',(#8236),#8254,.F.);
#8236 = FACE_BOUND('',#8237,.F.);
#8237 = EDGE_LOOP('',(#8238,#8239,#8248,#8253));
#8238 = ORIENTED_EDGE('',*,*,#8221,.F.);
#8239 = ORIENTED_EDGE('',*,*,#8240,.T.);
#8240 = EDGE_CURVE('',#8213,#8241,#8243,.T.);
#8241 = VERTEX_POINT('',#8242);
#8242 = CARTESIAN_POINT('',(-0.372167426667,4.2505,5.450078273978));
#8243 = B_SPLINE_CURVE_WITH_KNOTS('',3,(#8244,#8245,#8246,#8247),
  .UNSPECIFIED.,.F.,.F.,(4,4),(17.,18.),.PIECEWISE_BEZIER_KNOTS.);
#8244 = CARTESIAN_POINT('',(-0.355568952051,4.2505,5.418794517469));
#8245 = CARTESIAN_POINT('',(-0.366539966886,4.2505,5.426307130804));
#8246 = CARTESIAN_POINT('',(-0.372073037563,4.2505,5.436769707365));
#8247 = CARTESIAN_POINT('',(-0.372167426667,4.2505,5.450078273978));
#8248 = ORIENTED_EDGE('',*,*,#8249,.T.);
#8249 = EDGE_CURVE('',#8241,#2796,#8250,.T.);
#8250 = B_SPLINE_CURVE_WITH_KNOTS('',1,(#8251,#8252),.UNSPECIFIED.,.F.,
  .F.,(2,2),(-0.,1.E-03),.PIECEWISE_BEZIER_KNOTS.);
#8251 = CARTESIAN_POINT('',(-0.372167426667,4.2505,5.450078273978));
#8252 = CARTESIAN_POINT('',(-0.372167426667,4.2495,5.450078273978));
#8253 = ORIENTED_EDGE('',*,*,#2804,.F.);
#8254 = B_SPLINE_SURFACE_WITH_KNOTS('',3,1,(
    (#8255,#8256)
    ,(#8257,#8258)
    ,(#8259,#8260)
    ,(#8261,#8262
    )),.UNSPECIFIED.,.F.,.F.,.F.,(4,4),(2,2),(17.,18.),(0.,1.),
  .PIECEWISE_BEZIER_KNOTS.);
#8255 = CARTESIAN_POINT('',(-0.355568952051,4.2505,5.418794517469));
#8256 = CARTESIAN_POINT('',(-0.355568952051,4.2495,5.418794517469));
#8257 = CARTESIAN_POINT('',(-0.366539966886,4.2505,5.426307130804));
#8258 = CARTESIAN_POINT('',(-0.366539966886,4.2495,5.426307130804));
#8259 = CARTESIAN_POINT('',(-0.372073037563,4.2505,5.436769707365));
#8260 = CARTESIAN_POINT('',(-0.372073037563,4.2495,5.436769707365));
#8261 = CARTESIAN_POINT('',(-0.372167426667,4.2505,5.450078273978));
#8262 = CARTESIAN_POINT('',(-0.372167426667,4.2495,5.450078273978));
#8263 = ADVANCED_FACE('',(#8264),#8282,.F.);
#8264 = FACE_BOUND('',#8265,.F.);
#8265 = EDGE_LOOP('',(#8266,#8267,#8276,#8281));
#8266 = ORIENTED_EDGE('',*,*,#8249,.F.);
#8267 = ORIENTED_EDGE('',*,*,#8268,.T.);
#8268 = EDGE_CURVE('',#8241,#8269,#8271,.T.);
#8269 = VERTEX_POINT('',#8270);
#8270 = CARTESIAN_POINT('',(-0.363811969017,4.2505,5.474156545806));
#8271 = B_SPLINE_CURVE_WITH_KNOTS('',3,(#8272,#8273,#8274,#8275),
  .UNSPECIFIED.,.F.,.F.,(4,4),(16.,17.),.PIECEWISE_BEZIER_KNOTS.);
#8272 = CARTESIAN_POINT('',(-0.372167426667,4.2505,5.450078273978));
#8273 = CARTESIAN_POINT('',(-0.372235268836,4.2505,5.459643806231));
#8274 = CARTESIAN_POINT('',(-0.369432787423,4.2505,5.467670019743));
#8275 = CARTESIAN_POINT('',(-0.363811969017,4.2505,5.474156545806));
#8276 = ORIENTED_EDGE('',*,*,#8277,.T.);
#8277 = EDGE_CURVE('',#8269,#2787,#8278,.T.);
#8278 = B_SPLINE_CURVE_WITH_KNOTS('',1,(#8279,#8280),.UNSPECIFIED.,.F.,
  .F.,(2,2),(-0.,1.E-03),.PIECEWISE_BEZIER_KNOTS.);
#8279 = CARTESIAN_POINT('',(-0.363811969017,4.2505,5.474156545806));
#8280 = CARTESIAN_POINT('',(-0.363811969017,4.2495,5.474156545806));
#8281 = ORIENTED_EDGE('',*,*,#2795,.F.);
#8282 = B_SPLINE_SURFACE_WITH_KNOTS('',3,1,(
    (#8283,#8284)
    ,(#8285,#8286)
    ,(#8287,#8288)
    ,(#8289,#8290
    )),.UNSPECIFIED.,.F.,.F.,.F.,(4,4),(2,2),(16.,17.),(0.,1.),
  .PIECEWISE_BEZIER_KNOTS.);
#8283 = CARTESIAN_POINT('',(-0.372167426667,4.2505,5.450078273978));
#8284 = CARTESIAN_POINT('',(-0.372167426667,4.2495,5.450078273978));
#8285 = CARTESIAN_POINT('',(-0.372235268836,4.2505,5.459643806231));
#8286 = CARTESIAN_POINT('',(-0.372235268836,4.2495,5.459643806231));
#8287 = CARTESIAN_POINT('',(-0.369432787423,4.2505,5.467670019743));
#8288 = CARTESIAN_POINT('',(-0.369432787423,4.2495,5.467670019743));
#8289 = CARTESIAN_POINT('',(-0.363811969017,4.2505,5.474156545806));
#8290 = CARTESIAN_POINT('',(-0.363811969017,4.2495,5.474156545806));
#8291 = ADVANCED_FACE('',(#8292),#8310,.F.);
#8292 = FACE_BOUND('',#8293,.F.);
#8293 = EDGE_LOOP('',(#8294,#8295,#8304,#8309));
#8294 = ORIENTED_EDGE('',*,*,#8277,.F.);
#8295 = ORIENTED_EDGE('',*,*,#8296,.T.);
#8296 = EDGE_CURVE('',#8269,#8297,#8299,.T.);
#8297 = VERTEX_POINT('',#8298);
#8298 = CARTESIAN_POINT('',(-0.331089917285,4.2505,5.493208713882));
#8299 = B_SPLINE_CURVE_WITH_KNOTS('',3,(#8300,#8301,#8302,#8303),
  .UNSPECIFIED.,.F.,.F.,(4,4),(15.,16.),.PIECEWISE_BEZIER_KNOTS.);
#8300 = CARTESIAN_POINT('',(-0.363811969017,4.2505,5.474156545806));
#8301 = CARTESIAN_POINT('',(-0.358139164023,4.2505,5.480643440577));
#8302 = CARTESIAN_POINT('',(-0.347266962781,4.2505,5.487063232915));
#8303 = CARTESIAN_POINT('',(-0.331089917285,4.2505,5.493208713882));
#8304 = ORIENTED_EDGE('',*,*,#8305,.T.);
#8305 = EDGE_CURVE('',#8297,#2778,#8306,.T.);
#8306 = B_SPLINE_CURVE_WITH_KNOTS('',1,(#8307,#8308),.UNSPECIFIED.,.F.,
  .F.,(2,2),(-0.,1.E-03),.PIECEWISE_BEZIER_KNOTS.);
#8307 = CARTESIAN_POINT('',(-0.331089917285,4.2505,5.493208713882));
#8308 = CARTESIAN_POINT('',(-0.331089917285,4.2495,5.493208713882));
#8309 = ORIENTED_EDGE('',*,*,#2786,.F.);
#8310 = B_SPLINE_SURFACE_WITH_KNOTS('',3,1,(
    (#8311,#8312)
    ,(#8313,#8314)
    ,(#8315,#8316)
    ,(#8317,#8318
    )),.UNSPECIFIED.,.F.,.F.,.F.,(4,4),(2,2),(15.,16.),(0.,1.),
  .PIECEWISE_BEZIER_KNOTS.);
#8311 = CARTESIAN_POINT('',(-0.363811969017,4.2505,5.474156545806));
#8312 = CARTESIAN_POINT('',(-0.363811969017,4.2495,5.474156545806));
#8313 = CARTESIAN_POINT('',(-0.358139164023,4.2505,5.480643440577));
#8314 = CARTESIAN_POINT('',(-0.358139164023,4.2495,5.480643440577));
#8315 = CARTESIAN_POINT('',(-0.347266962781,4.2505,5.487063232915));
#8316 = CARTESIAN_POINT('',(-0.347266962781,4.2495,5.487063232915));
#8317 = CARTESIAN_POINT('',(-0.331089917285,4.2505,5.493208713882));
#8318 = CARTESIAN_POINT('',(-0.331089917285,4.2495,5.493208713882));
#8319 = ADVANCED_FACE('',(#8320),#8338,.F.);
#8320 = FACE_BOUND('',#8321,.F.);
#8321 = EDGE_LOOP('',(#8322,#8323,#8332,#8337));
#8322 = ORIENTED_EDGE('',*,*,#8305,.F.);
#8323 = ORIENTED_EDGE('',*,*,#8324,.T.);
#8324 = EDGE_CURVE('',#8297,#8325,#8327,.T.);
#8325 = VERTEX_POINT('',#8326);
#8326 = CARTESIAN_POINT('',(-0.306432791025,4.2505,5.505860999822));
#8327 = B_SPLINE_CURVE_WITH_KNOTS('',3,(#8328,#8329,#8330,#8331),
  .UNSPECIFIED.,.F.,.F.,(4,4),(14.,15.),.PIECEWISE_BEZIER_KNOTS.);
#8328 = CARTESIAN_POINT('',(-0.331089917285,4.2505,5.493208713882));
#8329 = CARTESIAN_POINT('',(-0.31833661247,4.2505,5.498290128391));
#8330 = CARTESIAN_POINT('',(-0.310152228109,4.2505,5.502507311233));
#8331 = CARTESIAN_POINT('',(-0.306432791025,4.2505,5.505860999822));
#8332 = ORIENTED_EDGE('',*,*,#8333,.T.);
#8333 = EDGE_CURVE('',#8325,#2769,#8334,.T.);
#8334 = B_SPLINE_CURVE_WITH_KNOTS('',1,(#8335,#8336),.UNSPECIFIED.,.F.,
  .F.,(2,2),(-0.,1.E-03),.PIECEWISE_BEZIER_KNOTS.);
#8335 = CARTESIAN_POINT('',(-0.306432791025,4.2505,5.505860999822));
#8336 = CARTESIAN_POINT('',(-0.306432791025,4.2495,5.505860999822));
#8337 = ORIENTED_EDGE('',*,*,#2777,.F.);
#8338 = B_SPLINE_SURFACE_WITH_KNOTS('',3,1,(
    (#8339,#8340)
    ,(#8341,#8342)
    ,(#8343,#8344)
    ,(#8345,#8346
    )),.UNSPECIFIED.,.F.,.F.,.F.,(4,4),(2,2),(14.,15.),(0.,1.),
  .PIECEWISE_BEZIER_KNOTS.);
#8339 = CARTESIAN_POINT('',(-0.331089917285,4.2505,5.493208713882));
#8340 = CARTESIAN_POINT('',(-0.331089917285,4.2495,5.493208713882));
#8341 = CARTESIAN_POINT('',(-0.31833661247,4.2505,5.498290128391));
#8342 = CARTESIAN_POINT('',(-0.31833661247,4.2495,5.498290128391));
#8343 = CARTESIAN_POINT('',(-0.310152228109,4.2505,5.502507311233));
#8344 = CARTESIAN_POINT('',(-0.310152228109,4.2495,5.502507311233));
#8345 = CARTESIAN_POINT('',(-0.306432791025,4.2505,5.505860999822));
#8346 = CARTESIAN_POINT('',(-0.306432791025,4.2495,5.505860999822));
#8347 = ADVANCED_FACE('',(#8348),#8366,.F.);
#8348 = FACE_BOUND('',#8349,.F.);
#8349 = EDGE_LOOP('',(#8350,#8351,#8360,#8365));
#8350 = ORIENTED_EDGE('',*,*,#8333,.F.);
#8351 = ORIENTED_EDGE('',*,*,#8352,.T.);
#8352 = EDGE_CURVE('',#8325,#8353,#8355,.T.);
#8353 = VERTEX_POINT('',#8354);
#8354 = CARTESIAN_POINT('',(-0.300966090007,4.2505,5.519416964483));
#8355 = B_SPLINE_CURVE_WITH_KNOTS('',3,(#8356,#8357,#8358,#8359),
  .UNSPECIFIED.,.F.,.F.,(4,4),(13.,14.),.PIECEWISE_BEZIER_KNOTS.);
#8356 = CARTESIAN_POINT('',(-0.306432791025,4.2505,5.505860999822));
#8357 = CARTESIAN_POINT('',(-0.302764603114,4.2505,5.509110346526));
#8358 = CARTESIAN_POINT('',(-0.300924794774,4.2505,5.51359446659));
#8359 = CARTESIAN_POINT('',(-0.300966090007,4.2505,5.519416964483));
#8360 = ORIENTED_EDGE('',*,*,#8361,.T.);
#8361 = EDGE_CURVE('',#8353,#2760,#8362,.T.);
#8362 = B_SPLINE_CURVE_WITH_KNOTS('',1,(#8363,#8364),.UNSPECIFIED.,.F.,
  .F.,(2,2),(-0.,1.E-03),.PIECEWISE_BEZIER_KNOTS.);
#8363 = CARTESIAN_POINT('',(-0.300966090007,4.2505,5.519416964483));
#8364 = CARTESIAN_POINT('',(-0.300966090007,4.2495,5.519416964483));
#8365 = ORIENTED_EDGE('',*,*,#2768,.F.);
#8366 = B_SPLINE_SURFACE_WITH_KNOTS('',3,1,(
    (#8367,#8368)
    ,(#8369,#8370)
    ,(#8371,#8372)
    ,(#8373,#8374
    )),.UNSPECIFIED.,.F.,.F.,.F.,(4,4),(2,2),(13.,14.),(0.,1.),
  .PIECEWISE_BEZIER_KNOTS.);
#8367 = CARTESIAN_POINT('',(-0.306432791025,4.2505,5.505860999822));
#8368 = CARTESIAN_POINT('',(-0.306432791025,4.2495,5.505860999822));
#8369 = CARTESIAN_POINT('',(-0.302764603114,4.2505,5.509110346526));
#8370 = CARTESIAN_POINT('',(-0.302764603114,4.2495,5.509110346526));
#8371 = CARTESIAN_POINT('',(-0.300924794774,4.2505,5.51359446659));
#8372 = CARTESIAN_POINT('',(-0.300924794774,4.2495,5.51359446659));
#8373 = CARTESIAN_POINT('',(-0.300966090007,4.2505,5.519416964483));
#8374 = CARTESIAN_POINT('',(-0.300966090007,4.2495,5.519416964483));
#8375 = ADVANCED_FACE('',(#8376),#8394,.F.);
#8376 = FACE_BOUND('',#8377,.F.);
#8377 = EDGE_LOOP('',(#8378,#8379,#8388,#8393));
#8378 = ORIENTED_EDGE('',*,*,#8361,.F.);
#8379 = ORIENTED_EDGE('',*,*,#8380,.T.);
#8380 = EDGE_CURVE('',#8353,#8381,#8383,.T.);
#8381 = VERTEX_POINT('',#8382);
#8382 = CARTESIAN_POINT('',(-0.308812380092,4.2505,5.5335023791));
#8383 = B_SPLINE_CURVE_WITH_KNOTS('',3,(#8384,#8385,#8386,#8387),
  .UNSPECIFIED.,.F.,.F.,(4,4),(12.,13.),.PIECEWISE_BEZIER_KNOTS.);
#8384 = CARTESIAN_POINT('',(-0.300966090007,4.2505,5.519416964483));
#8385 = CARTESIAN_POINT('',(-0.30100738524,4.2505,5.525239462375));
#8386 = CARTESIAN_POINT('',(-0.303640635741,4.2505,5.53000379313));
#8387 = CARTESIAN_POINT('',(-0.308812380092,4.2505,5.5335023791));
#8388 = ORIENTED_EDGE('',*,*,#8389,.T.);
#8389 = EDGE_CURVE('',#8381,#2751,#8390,.T.);
#8390 = B_SPLINE_CURVE_WITH_KNOTS('',1,(#8391,#8392),.UNSPECIFIED.,.F.,
  .F.,(2,2),(-0.,1.E-03),.PIECEWISE_BEZIER_KNOTS.);
#8391 = CARTESIAN_POINT('',(-0.308812380092,4.2505,5.5335023791));
#8392 = CARTESIAN_POINT('',(-0.308812380092,4.2495,5.5335023791));
#8393 = ORIENTED_EDGE('',*,*,#2759,.F.);
#8394 = B_SPLINE_SURFACE_WITH_KNOTS('',3,1,(
    (#8395,#8396)
    ,(#8397,#8398)
    ,(#8399,#8400)
    ,(#8401,#8402
    )),.UNSPECIFIED.,.F.,.F.,.F.,(4,4),(2,2),(12.,13.),(0.,1.),
  .PIECEWISE_BEZIER_KNOTS.);
#8395 = CARTESIAN_POINT('',(-0.300966090007,4.2505,5.519416964483));
#8396 = CARTESIAN_POINT('',(-0.300966090007,4.2495,5.519416964483));
#8397 = CARTESIAN_POINT('',(-0.30100738524,4.2505,5.525239462375));
#8398 = CARTESIAN_POINT('',(-0.30100738524,4.2495,5.525239462375));
#8399 = CARTESIAN_POINT('',(-0.303640635741,4.2505,5.53000379313));
#8400 = CARTESIAN_POINT('',(-0.303640635741,4.2495,5.53000379313));
#8401 = CARTESIAN_POINT('',(-0.308812380092,4.2505,5.5335023791));
#8402 = CARTESIAN_POINT('',(-0.308812380092,4.2495,5.5335023791));
#8403 = ADVANCED_FACE('',(#8404),#8422,.F.);
#8404 = FACE_BOUND('',#8405,.F.);
#8405 = EDGE_LOOP('',(#8406,#8407,#8416,#8421));
#8406 = ORIENTED_EDGE('',*,*,#8389,.F.);
#8407 = ORIENTED_EDGE('',*,*,#8408,.T.);
#8408 = EDGE_CURVE('',#8381,#8409,#8411,.T.);
#8409 = VERTEX_POINT('',#8410);
#8410 = CARTESIAN_POINT('',(-0.32891754876,4.2505,5.538766663216));
#8411 = B_SPLINE_CURVE_WITH_KNOTS('',3,(#8412,#8413,#8414,#8415),
  .UNSPECIFIED.,.F.,.F.,(4,4),(11.,12.),.PIECEWISE_BEZIER_KNOTS.);
#8412 = CARTESIAN_POINT('',(-0.308812380092,4.2505,5.5335023791));
#8413 = CARTESIAN_POINT('',(-0.313984861856,4.2505,5.537104938247));
#8414 = CARTESIAN_POINT('',(-0.320703667805,4.2505,5.538824918991));
#8415 = CARTESIAN_POINT('',(-0.32891754876,4.2505,5.538766663216));
#8416 = ORIENTED_EDGE('',*,*,#8417,.T.);
#8417 = EDGE_CURVE('',#8409,#2742,#8418,.T.);
#8418 = B_SPLINE_CURVE_WITH_KNOTS('',1,(#8419,#8420),.UNSPECIFIED.,.F.,
  .F.,(2,2),(-0.,1.E-03),.PIECEWISE_BEZIER_KNOTS.);
#8419 = CARTESIAN_POINT('',(-0.32891754876,4.2505,5.538766663216));
#8420 = CARTESIAN_POINT('',(-0.32891754876,4.2495,5.538766663216));
#8421 = ORIENTED_EDGE('',*,*,#2750,.F.);
#8422 = B_SPLINE_SURFACE_WITH_KNOTS('',3,1,(
    (#8423,#8424)
    ,(#8425,#8426)
    ,(#8427,#8428)
    ,(#8429,#8430
    )),.UNSPECIFIED.,.F.,.F.,.F.,(4,4),(2,2),(11.,12.),(0.,1.),
  .PIECEWISE_BEZIER_KNOTS.);
#8423 = CARTESIAN_POINT('',(-0.308812380092,4.2505,5.5335023791));
#8424 = CARTESIAN_POINT('',(-0.308812380092,4.2495,5.5335023791));
#8425 = CARTESIAN_POINT('',(-0.313984861856,4.2505,5.537104938247));
#8426 = CARTESIAN_POINT('',(-0.313984861856,4.2495,5.537104938247));
#8427 = CARTESIAN_POINT('',(-0.320703667805,4.2505,5.538824918991));
#8428 = CARTESIAN_POINT('',(-0.320703667805,4.2495,5.538824918991));
#8429 = CARTESIAN_POINT('',(-0.32891754876,4.2505,5.538766663216));
#8430 = CARTESIAN_POINT('',(-0.32891754876,4.2495,5.538766663216));
#8431 = ADVANCED_FACE('',(#8432),#8450,.F.);
#8432 = FACE_BOUND('',#8433,.F.);
#8433 = EDGE_LOOP('',(#8434,#8435,#8444,#8449));
#8434 = ORIENTED_EDGE('',*,*,#8417,.F.);
#8435 = ORIENTED_EDGE('',*,*,#8436,.T.);
#8436 = EDGE_CURVE('',#8409,#8437,#8439,.T.);
#8437 = VERTEX_POINT('',#8438);
#8438 = CARTESIAN_POINT('',(-0.365753547572,4.2505,5.528003590093));
#8439 = B_SPLINE_CURVE_WITH_KNOTS('',3,(#8440,#8441,#8442,#8443),
  .UNSPECIFIED.,.F.,.F.,(4,4),(10.,11.),.PIECEWISE_BEZIER_KNOTS.);
#8440 = CARTESIAN_POINT('',(-0.32891754876,4.2505,5.538766663216));
#8441 = CARTESIAN_POINT('',(-0.342693994668,4.2505,5.538668955745));
#8442 = CARTESIAN_POINT('',(-0.354937757408,4.2505,5.535046852784));
#8443 = CARTESIAN_POINT('',(-0.365753547572,4.2505,5.528003590093));
#8444 = ORIENTED_EDGE('',*,*,#8445,.T.);
#8445 = EDGE_CURVE('',#8437,#2735,#8446,.T.);
#8446 = B_SPLINE_CURVE_WITH_KNOTS('',1,(#8447,#8448),.UNSPECIFIED.,.F.,
  .F.,(2,2),(-0.,1.E-03),.PIECEWISE_BEZIER_KNOTS.);
#8447 = CARTESIAN_POINT('',(-0.365753547572,4.2505,5.528003590093));
#8448 = CARTESIAN_POINT('',(-0.365753547572,4.2495,5.528003590093));
#8449 = ORIENTED_EDGE('',*,*,#2741,.F.);
#8450 = B_SPLINE_SURFACE_WITH_KNOTS('',3,1,(
    (#8451,#8452)
    ,(#8453,#8454)
    ,(#8455,#8456)
    ,(#8457,#8458
    )),.UNSPECIFIED.,.F.,.F.,.F.,(4,4),(2,2),(10.,11.),(0.,1.),
  .PIECEWISE_BEZIER_KNOTS.);
#8451 = CARTESIAN_POINT('',(-0.32891754876,4.2505,5.538766663216));
#8452 = CARTESIAN_POINT('',(-0.32891754876,4.2495,5.538766663216));
#8453 = CARTESIAN_POINT('',(-0.342693994668,4.2505,5.538668955745));
#8454 = CARTESIAN_POINT('',(-0.342693994668,4.2495,5.538668955745));
#8455 = CARTESIAN_POINT('',(-0.354937757408,4.2505,5.535046852784));
#8456 = CARTESIAN_POINT('',(-0.354937757408,4.2495,5.535046852784));
#8457 = CARTESIAN_POINT('',(-0.365753547572,4.2505,5.528003590093));
#8458 = CARTESIAN_POINT('',(-0.365753547572,4.2495,5.528003590093));
#8459 = ADVANCED_FACE('',(#8460),#8476,.F.);
#8460 = FACE_BOUND('',#8461,.T.);
#8461 = EDGE_LOOP('',(#8462,#8463,#8470,#8475));
#8462 = ORIENTED_EDGE('',*,*,#2734,.T.);
#8463 = ORIENTED_EDGE('',*,*,#8464,.F.);
#8464 = EDGE_CURVE('',#8465,#2726,#8467,.T.);
#8465 = VERTEX_POINT('',#8466);
#8466 = CARTESIAN_POINT('',(-0.365929052313,4.2505,5.552749206137));
#8467 = B_SPLINE_CURVE_WITH_KNOTS('',1,(#8468,#8469),.UNSPECIFIED.,.F.,
  .F.,(2,2),(-0.,1.E-03),.PIECEWISE_BEZIER_KNOTS.);
#8468 = CARTESIAN_POINT('',(-0.365929052313,4.2505,5.552749206137));
#8469 = CARTESIAN_POINT('',(-0.365929052313,4.2495,5.552749206137));
#8470 = ORIENTED_EDGE('',*,*,#8471,.F.);
#8471 = EDGE_CURVE('',#8437,#8465,#8472,.T.);
#8472 = B_SPLINE_CURVE_WITH_KNOTS('',1,(#8473,#8474),.UNSPECIFIED.,.F.,
  .F.,(2,2),(-2.474623840786E-02,0.),.PIECEWISE_BEZIER_KNOTS.);
#8473 = CARTESIAN_POINT('',(-0.365753547572,4.2505,5.528003590093));
#8474 = CARTESIAN_POINT('',(-0.365929052313,4.2505,5.552749206137));
#8475 = ORIENTED_EDGE('',*,*,#8445,.T.);
#8476 = B_SPLINE_SURFACE_WITH_KNOTS('',1,1,(
    (#8477,#8478)
    ,(#8479,#8480
    )),.UNSPECIFIED.,.F.,.F.,.F.,(2,2),(2,2),(-2.476220891931E-20,
    2.474623840786E-02),(-1.E-03,1.723707300227E-32),
  .PIECEWISE_BEZIER_KNOTS.);
#8477 = CARTESIAN_POINT('',(-0.365929052313,4.2495,5.552749206137));
#8478 = CARTESIAN_POINT('',(-0.365929052313,4.2505,5.552749206137));
#8479 = CARTESIAN_POINT('',(-0.365753547572,4.2495,5.528003590093));
#8480 = CARTESIAN_POINT('',(-0.365753547572,4.2505,5.528003590093));
#8481 = ADVANCED_FACE('',(#8482),#8500,.F.);
#8482 = FACE_BOUND('',#8483,.F.);
#8483 = EDGE_LOOP('',(#8484,#8485,#8494,#8499));
#8484 = ORIENTED_EDGE('',*,*,#8464,.F.);
#8485 = ORIENTED_EDGE('',*,*,#8486,.T.);
#8486 = EDGE_CURVE('',#8465,#8487,#8489,.T.);
#8487 = VERTEX_POINT('',#8488);
#8488 = CARTESIAN_POINT('',(-0.33155965056,4.2505,5.559439627415));
#8489 = B_SPLINE_CURVE_WITH_KNOTS('',3,(#8490,#8491,#8492,#8493),
  .UNSPECIFIED.,.F.,.F.,(4,4),(8.,9.),.PIECEWISE_BEZIER_KNOTS.);
#8490 = CARTESIAN_POINT('',(-0.365929052313,4.2505,5.552749206137));
#8491 = CARTESIAN_POINT('',(-0.355354759718,4.2505,5.557191295875));
#8492 = CARTESIAN_POINT('',(-0.343932458583,4.2505,5.559351875045));
#8493 = CARTESIAN_POINT('',(-0.33155965056,4.2505,5.559439627415));
#8494 = ORIENTED_EDGE('',*,*,#8495,.T.);
#8495 = EDGE_CURVE('',#8487,#2717,#8496,.T.);
#8496 = B_SPLINE_CURVE_WITH_KNOTS('',1,(#8497,#8498),.UNSPECIFIED.,.F.,
  .F.,(2,2),(-0.,1.E-03),.PIECEWISE_BEZIER_KNOTS.);
#8497 = CARTESIAN_POINT('',(-0.33155965056,4.2505,5.559439627415));
#8498 = CARTESIAN_POINT('',(-0.33155965056,4.2495,5.559439627415));
#8499 = ORIENTED_EDGE('',*,*,#2725,.F.);
#8500 = B_SPLINE_SURFACE_WITH_KNOTS('',3,1,(
    (#8501,#8502)
    ,(#8503,#8504)
    ,(#8505,#8506)
    ,(#8507,#8508
    )),.UNSPECIFIED.,.F.,.F.,.F.,(4,4),(2,2),(8.,9.),(0.,1.),
  .PIECEWISE_BEZIER_KNOTS.);
#8501 = CARTESIAN_POINT('',(-0.365929052313,4.2505,5.552749206137));
#8502 = CARTESIAN_POINT('',(-0.365929052313,4.2495,5.552749206137));
#8503 = CARTESIAN_POINT('',(-0.355354759718,4.2505,5.557191295875));
#8504 = CARTESIAN_POINT('',(-0.355354759718,4.2495,5.557191295875));
#8505 = CARTESIAN_POINT('',(-0.343932458583,4.2505,5.559351875045));
#8506 = CARTESIAN_POINT('',(-0.343932458583,4.2495,5.559351875045));
#8507 = CARTESIAN_POINT('',(-0.33155965056,4.2505,5.559439627415));
#8508 = CARTESIAN_POINT('',(-0.33155965056,4.2495,5.559439627415));
#8509 = ADVANCED_FACE('',(#8510),#8528,.F.);
#8510 = FACE_BOUND('',#8511,.F.);
#8511 = EDGE_LOOP('',(#8512,#8513,#8522,#8527));
#8512 = ORIENTED_EDGE('',*,*,#8495,.F.);
#8513 = ORIENTED_EDGE('',*,*,#8514,.T.);
#8514 = EDGE_CURVE('',#8487,#8515,#8517,.T.);
#8515 = VERTEX_POINT('',#8516);
#8516 = CARTESIAN_POINT('',(-0.291240178142,4.2505,5.548183984361));
#8517 = B_SPLINE_CURVE_WITH_KNOTS('',3,(#8518,#8519,#8520,#8521),
  .UNSPECIFIED.,.F.,.F.,(4,4),(7.,8.),.PIECEWISE_BEZIER_KNOTS.);
#8518 = CARTESIAN_POINT('',(-0.33155965056,4.2505,5.559439627415));
#8519 = CARTESIAN_POINT('',(-0.315651754531,4.2505,5.55955245189));
#8520 = CARTESIAN_POINT('',(-0.302211930392,4.2505,5.555800570873));
#8521 = CARTESIAN_POINT('',(-0.291240178142,4.2505,5.548183984361));
#8522 = ORIENTED_EDGE('',*,*,#8523,.T.);
#8523 = EDGE_CURVE('',#8515,#2708,#8524,.T.);
#8524 = B_SPLINE_CURVE_WITH_KNOTS('',1,(#8525,#8526),.UNSPECIFIED.,.F.,
  .F.,(2,2),(-0.,1.E-03),.PIECEWISE_BEZIER_KNOTS.);
#8525 = CARTESIAN_POINT('',(-0.291240178142,4.2505,5.548183984361));
#8526 = CARTESIAN_POINT('',(-0.291240178142,4.2495,5.548183984361));
#8527 = ORIENTED_EDGE('',*,*,#2716,.F.);
#8528 = B_SPLINE_SURFACE_WITH_KNOTS('',3,1,(
    (#8529,#8530)
    ,(#8531,#8532)
    ,(#8533,#8534)
    ,(#8535,#8536
    )),.UNSPECIFIED.,.F.,.F.,.F.,(4,4),(2,2),(7.,8.),(0.,1.),
  .PIECEWISE_BEZIER_KNOTS.);
#8529 = CARTESIAN_POINT('',(-0.33155965056,4.2505,5.559439627415));
#8530 = CARTESIAN_POINT('',(-0.33155965056,4.2495,5.559439627415));
#8531 = CARTESIAN_POINT('',(-0.315651754531,4.2505,5.55955245189));
#8532 = CARTESIAN_POINT('',(-0.315651754531,4.2495,5.55955245189));
#8533 = CARTESIAN_POINT('',(-0.302211930392,4.2505,5.555800570873));
#8534 = CARTESIAN_POINT('',(-0.302211930392,4.2495,5.555800570873));
#8535 = CARTESIAN_POINT('',(-0.291240178142,4.2505,5.548183984361));
#8536 = CARTESIAN_POINT('',(-0.291240178142,4.2495,5.548183984361));
#8537 = ADVANCED_FACE('',(#8538),#8556,.F.);
#8538 = FACE_BOUND('',#8539,.F.);
#8539 = EDGE_LOOP('',(#8540,#8541,#8550,#8555));
#8540 = ORIENTED_EDGE('',*,*,#8523,.F.);
#8541 = ORIENTED_EDGE('',*,*,#8542,.T.);
#8542 = EDGE_CURVE('',#8515,#8543,#8545,.T.);
#8543 = VERTEX_POINT('',#8544);
#8544 = CARTESIAN_POINT('',(-0.274696639773,4.2505,5.517315751853));
#8545 = B_SPLINE_CURVE_WITH_KNOTS('',3,(#8546,#8547,#8548,#8549),
  .UNSPECIFIED.,.F.,.F.,(4,4),(6.,7.),.PIECEWISE_BEZIER_KNOTS.);
#8546 = CARTESIAN_POINT('',(-0.291240178142,4.2505,5.548183984361));
#8547 = CARTESIAN_POINT('',(-0.280319675065,4.2505,5.540463055967));
#8548 = CARTESIAN_POINT('',(-0.274788079218,4.2505,5.530208425758));
#8549 = CARTESIAN_POINT('',(-0.274696639773,4.2505,5.517315751853));
#8550 = ORIENTED_EDGE('',*,*,#8551,.T.);
#8551 = EDGE_CURVE('',#8543,#2699,#8552,.T.);
#8552 = B_SPLINE_CURVE_WITH_KNOTS('',1,(#8553,#8554),.UNSPECIFIED.,.F.,
  .F.,(2,2),(-0.,1.E-03),.PIECEWISE_BEZIER_KNOTS.);
#8553 = CARTESIAN_POINT('',(-0.274696639773,4.2505,5.517315751853));
#8554 = CARTESIAN_POINT('',(-0.274696639773,4.2495,5.517315751853));
#8555 = ORIENTED_EDGE('',*,*,#2707,.F.);
#8556 = B_SPLINE_SURFACE_WITH_KNOTS('',3,1,(
    (#8557,#8558)
    ,(#8559,#8560)
    ,(#8561,#8562)
    ,(#8563,#8564
    )),.UNSPECIFIED.,.F.,.F.,.F.,(4,4),(2,2),(6.,7.),(0.,1.),
  .PIECEWISE_BEZIER_KNOTS.);
#8557 = CARTESIAN_POINT('',(-0.291240178142,4.2505,5.548183984361));
#8558 = CARTESIAN_POINT('',(-0.291240178142,4.2495,5.548183984361));
#8559 = CARTESIAN_POINT('',(-0.280319675065,4.2505,5.540463055967));
#8560 = CARTESIAN_POINT('',(-0.280319675065,4.2495,5.540463055967));
#8561 = CARTESIAN_POINT('',(-0.274788079218,4.2505,5.530208425758));
#8562 = CARTESIAN_POINT('',(-0.274788079218,4.2495,5.530208425758));
#8563 = CARTESIAN_POINT('',(-0.274696639773,4.2505,5.517315751853));
#8564 = CARTESIAN_POINT('',(-0.274696639773,4.2495,5.517315751853));
#8565 = ADVANCED_FACE('',(#8566),#8584,.F.);
#8566 = FACE_BOUND('',#8567,.F.);
#8567 = EDGE_LOOP('',(#8568,#8569,#8578,#8583));
#8568 = ORIENTED_EDGE('',*,*,#8551,.F.);
#8569 = ORIENTED_EDGE('',*,*,#8570,.T.);
#8570 = EDGE_CURVE('',#8543,#8571,#8573,.T.);
#8571 = VERTEX_POINT('',#8572);
#8572 = CARTESIAN_POINT('',(-0.281759806864,4.2505,5.494286429477));
#8573 = B_SPLINE_CURVE_WITH_KNOTS('',3,(#8574,#8575,#8576,#8577),
  .UNSPECIFIED.,.F.,.F.,(4,4),(5.,6.),.PIECEWISE_BEZIER_KNOTS.);
#8574 = CARTESIAN_POINT('',(-0.274696639773,4.2505,5.517315751853));
#8575 = CARTESIAN_POINT('',(-0.274633222094,4.2505,5.508374058659));
#8576 = CARTESIAN_POINT('',(-0.276970036457,4.2505,5.500663083045));
#8577 = CARTESIAN_POINT('',(-0.281759806864,4.2505,5.494286429477));
#8578 = ORIENTED_EDGE('',*,*,#8579,.T.);
#8579 = EDGE_CURVE('',#8571,#2690,#8580,.T.);
#8580 = B_SPLINE_CURVE_WITH_KNOTS('',1,(#8581,#8582),.UNSPECIFIED.,.F.,
  .F.,(2,2),(-0.,1.E-03),.PIECEWISE_BEZIER_KNOTS.);
#8581 = CARTESIAN_POINT('',(-0.281759806864,4.2505,5.494286429477));
#8582 = CARTESIAN_POINT('',(-0.281759806864,4.2495,5.494286429477));
#8583 = ORIENTED_EDGE('',*,*,#2698,.F.);
#8584 = B_SPLINE_SURFACE_WITH_KNOTS('',3,1,(
    (#8585,#8586)
    ,(#8587,#8588)
    ,(#8589,#8590)
    ,(#8591,#8592
    )),.UNSPECIFIED.,.F.,.F.,.F.,(4,4),(2,2),(5.,6.),(0.,1.),
  .PIECEWISE_BEZIER_KNOTS.);
#8585 = CARTESIAN_POINT('',(-0.274696639773,4.2505,5.517315751853));
#8586 = CARTESIAN_POINT('',(-0.274696639773,4.2495,5.517315751853));
#8587 = CARTESIAN_POINT('',(-0.274633222094,4.2505,5.508374058659));
#8588 = CARTESIAN_POINT('',(-0.274633222094,4.2495,5.508374058659));
#8589 = CARTESIAN_POINT('',(-0.276970036457,4.2505,5.500663083045));
#8590 = CARTESIAN_POINT('',(-0.276970036457,4.2495,5.500663083045));
#8591 = CARTESIAN_POINT('',(-0.281759806864,4.2505,5.494286429477));
#8592 = CARTESIAN_POINT('',(-0.281759806864,4.2495,5.494286429477));
#8593 = ADVANCED_FACE('',(#8594),#8612,.F.);
#8594 = FACE_BOUND('',#8595,.F.);
#8595 = EDGE_LOOP('',(#8596,#8597,#8606,#8611));
#8596 = ORIENTED_EDGE('',*,*,#8579,.F.);
#8597 = ORIENTED_EDGE('',*,*,#8598,.T.);
#8598 = EDGE_CURVE('',#8571,#8599,#8601,.T.);
#8599 = VERTEX_POINT('',#8600);
#8600 = CARTESIAN_POINT('',(-0.312971297875,4.2505,5.47482906121));
#8601 = B_SPLINE_CURVE_WITH_KNOTS('',3,(#8602,#8603,#8604,#8605),
  .UNSPECIFIED.,.F.,.F.,(4,4),(4.,5.),.PIECEWISE_BEZIER_KNOTS.);
#8602 = CARTESIAN_POINT('',(-0.281759806864,4.2505,5.494286429477));
#8603 = CARTESIAN_POINT('',(-0.286497590683,4.2505,5.487910144617));
#8604 = CARTESIAN_POINT('',(-0.296953161803,4.2505,5.48138932876));
#8605 = CARTESIAN_POINT('',(-0.312971297875,4.2505,5.47482906121));
#8606 = ORIENTED_EDGE('',*,*,#8607,.T.);
#8607 = EDGE_CURVE('',#8599,#2681,#8608,.T.);
#8608 = B_SPLINE_CURVE_WITH_KNOTS('',1,(#8609,#8610),.UNSPECIFIED.,.F.,
  .F.,(2,2),(-0.,1.E-03),.PIECEWISE_BEZIER_KNOTS.);
#8609 = CARTESIAN_POINT('',(-0.312971297875,4.2505,5.47482906121));
#8610 = CARTESIAN_POINT('',(-0.312971297875,4.2495,5.47482906121));
#8611 = ORIENTED_EDGE('',*,*,#2689,.F.);
#8612 = B_SPLINE_SURFACE_WITH_KNOTS('',3,1,(
    (#8613,#8614)
    ,(#8615,#8616)
    ,(#8617,#8618)
    ,(#8619,#8620
    )),.UNSPECIFIED.,.F.,.F.,.F.,(4,4),(2,2),(4.,5.),(0.,1.),
  .PIECEWISE_BEZIER_KNOTS.);
#8613 = CARTESIAN_POINT('',(-0.281759806864,4.2505,5.494286429477));
#8614 = CARTESIAN_POINT('',(-0.281759806864,4.2495,5.494286429477));
#8615 = CARTESIAN_POINT('',(-0.286497590683,4.2505,5.487910144617));
#8616 = CARTESIAN_POINT('',(-0.286497590683,4.2495,5.487910144617));
#8617 = CARTESIAN_POINT('',(-0.296953161803,4.2505,5.48138932876));
#8618 = CARTESIAN_POINT('',(-0.296953161803,4.2495,5.48138932876));
#8619 = CARTESIAN_POINT('',(-0.312971297875,4.2505,5.47482906121));
#8620 = CARTESIAN_POINT('',(-0.312971297875,4.2495,5.47482906121));
#8621 = ADVANCED_FACE('',(#8622),#8640,.F.);
#8622 = FACE_BOUND('',#8623,.F.);
#8623 = EDGE_LOOP('',(#8624,#8625,#8634,#8639));
#8624 = ORIENTED_EDGE('',*,*,#8607,.F.);
#8625 = ORIENTED_EDGE('',*,*,#8626,.T.);
#8626 = EDGE_CURVE('',#8599,#8627,#8629,.T.);
#8627 = VERTEX_POINT('',#8628);
#8628 = CARTESIAN_POINT('',(-0.339548240829,4.2505,5.461643267211));
#8629 = B_SPLINE_CURVE_WITH_KNOTS('',3,(#8630,#8631,#8632,#8633),
  .UNSPECIFIED.,.F.,.F.,(4,4),(3.,4.),.PIECEWISE_BEZIER_KNOTS.);
#8630 = CARTESIAN_POINT('',(-0.312971297875,4.2505,5.47482906121));
#8631 = CARTESIAN_POINT('',(-0.32634844175,4.2505,5.469743222211));
#8632 = CARTESIAN_POINT('',(-0.33520717693,4.2505,5.465313299819));
#8633 = CARTESIAN_POINT('',(-0.339548240829,4.2505,5.461643267211));
#8634 = ORIENTED_EDGE('',*,*,#8635,.T.);
#8635 = EDGE_CURVE('',#8627,#2672,#8636,.T.);
#8636 = B_SPLINE_CURVE_WITH_KNOTS('',1,(#8637,#8638),.UNSPECIFIED.,.F.,
  .F.,(2,2),(-0.,1.E-03),.PIECEWISE_BEZIER_KNOTS.);
#8637 = CARTESIAN_POINT('',(-0.339548240829,4.2505,5.461643267211));
#8638 = CARTESIAN_POINT('',(-0.339548240829,4.2495,5.461643267211));
#8639 = ORIENTED_EDGE('',*,*,#2680,.F.);
#8640 = B_SPLINE_SURFACE_WITH_KNOTS('',3,1,(
    (#8641,#8642)
    ,(#8643,#8644)
    ,(#8645,#8646)
    ,(#8647,#8648
    )),.UNSPECIFIED.,.F.,.F.,.F.,(4,4),(2,2),(3.,4.),(0.,1.),
  .PIECEWISE_BEZIER_KNOTS.);
#8641 = CARTESIAN_POINT('',(-0.312971297875,4.2505,5.47482906121));
#8642 = CARTESIAN_POINT('',(-0.312971297875,4.2495,5.47482906121));
#8643 = CARTESIAN_POINT('',(-0.32634844175,4.2505,5.469743222211));
#8644 = CARTESIAN_POINT('',(-0.32634844175,4.2495,5.469743222211));
#8645 = CARTESIAN_POINT('',(-0.33520717693,4.2505,5.465313299819));
#8646 = CARTESIAN_POINT('',(-0.33520717693,4.2495,5.465313299819));
#8647 = CARTESIAN_POINT('',(-0.339548240829,4.2505,5.461643267211));
#8648 = CARTESIAN_POINT('',(-0.339548240829,4.2495,5.461643267211));
#8649 = ADVANCED_FACE('',(#8650),#8668,.F.);
#8650 = FACE_BOUND('',#8651,.F.);
#8651 = EDGE_LOOP('',(#8652,#8653,#8662,#8667));
#8652 = ORIENTED_EDGE('',*,*,#8635,.F.);
#8653 = ORIENTED_EDGE('',*,*,#8654,.T.);
#8654 = EDGE_CURVE('',#8627,#8655,#8657,.T.);
#8655 = VERTEX_POINT('',#8656);
#8656 = CARTESIAN_POINT('',(-0.34600047478,4.2505,5.447768377579));
#8657 = B_SPLINE_CURVE_WITH_KNOTS('',3,(#8658,#8659,#8660,#8661),
  .UNSPECIFIED.,.F.,.F.,(4,4),(2.,3.),.PIECEWISE_BEZIER_KNOTS.);
#8658 = CARTESIAN_POINT('',(-0.339548240829,4.2505,5.461643267211));
#8659 = CARTESIAN_POINT('',(-0.343889304728,4.2505,5.457973234604));
#8660 = CARTESIAN_POINT('',(-0.346040295183,4.2505,5.453382929119));
#8661 = CARTESIAN_POINT('',(-0.34600047478,4.2505,5.447768377579));
#8662 = ORIENTED_EDGE('',*,*,#8663,.T.);
#8663 = EDGE_CURVE('',#8655,#2663,#8664,.T.);
#8664 = B_SPLINE_CURVE_WITH_KNOTS('',1,(#8665,#8666),.UNSPECIFIED.,.F.,
  .F.,(2,2),(-0.,1.E-03),.PIECEWISE_BEZIER_KNOTS.);
#8665 = CARTESIAN_POINT('',(-0.34600047478,4.2505,5.447768377579));
#8666 = CARTESIAN_POINT('',(-0.34600047478,4.2495,5.447768377579));
#8667 = ORIENTED_EDGE('',*,*,#2671,.F.);
#8668 = B_SPLINE_SURFACE_WITH_KNOTS('',3,1,(
    (#8669,#8670)
    ,(#8671,#8672)
    ,(#8673,#8674)
    ,(#8675,#8676
    )),.UNSPECIFIED.,.F.,.F.,.F.,(4,4),(2,2),(2.,3.),(0.,1.),
  .PIECEWISE_BEZIER_KNOTS.);
#8669 = CARTESIAN_POINT('',(-0.339548240829,4.2505,5.461643267211));
#8670 = CARTESIAN_POINT('',(-0.339548240829,4.2495,5.461643267211));
#8671 = CARTESIAN_POINT('',(-0.343889304728,4.2505,5.457973234604));
#8672 = CARTESIAN_POINT('',(-0.343889304728,4.2495,5.457973234604));
#8673 = CARTESIAN_POINT('',(-0.346040295183,4.2505,5.453382929119));
#8674 = CARTESIAN_POINT('',(-0.346040295183,4.2495,5.453382929119));
#8675 = CARTESIAN_POINT('',(-0.34600047478,4.2505,5.447768377579));
#8676 = CARTESIAN_POINT('',(-0.34600047478,4.2495,5.447768377579));
#8677 = ADVANCED_FACE('',(#8678),#8690,.F.);
#8678 = FACE_BOUND('',#8679,.F.);
#8679 = EDGE_LOOP('',(#8680,#8681,#8688,#8689));
#8680 = ORIENTED_EDGE('',*,*,#8663,.F.);
#8681 = ORIENTED_EDGE('',*,*,#8682,.T.);
#8682 = EDGE_CURVE('',#8655,#8128,#8683,.T.);
#8683 = B_SPLINE_CURVE_WITH_KNOTS('',3,(#8684,#8685,#8686,#8687),
  .UNSPECIFIED.,.F.,.F.,(4,4),(1.,2.),.PIECEWISE_BEZIER_KNOTS.);
#8684 = CARTESIAN_POINT('',(-0.34600047478,4.2505,5.447768377579));
#8685 = CARTESIAN_POINT('',(-0.345907560506,4.2505,5.43466775732));
#8686 = CARTESIAN_POINT('',(-0.335827691821,4.2505,5.428188607726));
#8687 = CARTESIAN_POINT('',(-0.315812855314,4.2505,5.428330560089));
#8688 = ORIENTED_EDGE('',*,*,#8127,.T.);
#8689 = ORIENTED_EDGE('',*,*,#2662,.F.);
#8690 = B_SPLINE_SURFACE_WITH_KNOTS('',3,1,(
    (#8691,#8692)
    ,(#8693,#8694)
    ,(#8695,#8696)
    ,(#8697,#8698
    )),.UNSPECIFIED.,.F.,.F.,.F.,(4,4),(2,2),(1.,2.),(0.,1.),
  .PIECEWISE_BEZIER_KNOTS.);
#8691 = CARTESIAN_POINT('',(-0.34600047478,4.2505,5.447768377579));
#8692 = CARTESIAN_POINT('',(-0.34600047478,4.2495,5.447768377579));
#8693 = CARTESIAN_POINT('',(-0.345907560506,4.2505,5.43466775732));
#8694 = CARTESIAN_POINT('',(-0.345907560506,4.2495,5.43466775732));
#8695 = CARTESIAN_POINT('',(-0.335827691821,4.2505,5.428188607726));
#8696 = CARTESIAN_POINT('',(-0.335827691821,4.2495,5.428188607726));
#8697 = CARTESIAN_POINT('',(-0.315812855314,4.2505,5.428330560089));
#8698 = CARTESIAN_POINT('',(-0.315812855314,4.2495,5.428330560089));
#8699 = ADVANCED_FACE('',(#8700),#8723,.F.);
#8700 = FACE_BOUND('',#8701,.T.);
#8701 = EDGE_LOOP('',(#8702,#8703,#8704,#8705,#8706,#8707,#8708,#8709,
    #8710,#8711,#8712,#8713,#8714,#8715,#8716,#8717,#8718,#8719,#8720,
    #8721,#8722));
#8702 = ORIENTED_EDGE('',*,*,#8134,.T.);
#8703 = ORIENTED_EDGE('',*,*,#8169,.T.);
#8704 = ORIENTED_EDGE('',*,*,#8184,.T.);
#8705 = ORIENTED_EDGE('',*,*,#8212,.T.);
#8706 = ORIENTED_EDGE('',*,*,#8240,.T.);
#8707 = ORIENTED_EDGE('',*,*,#8268,.T.);
#8708 = ORIENTED_EDGE('',*,*,#8296,.T.);
#8709 = ORIENTED_EDGE('',*,*,#8324,.T.);
#8710 = ORIENTED_EDGE('',*,*,#8352,.T.);
#8711 = ORIENTED_EDGE('',*,*,#8380,.T.);
#8712 = ORIENTED_EDGE('',*,*,#8408,.T.);
#8713 = ORIENTED_EDGE('',*,*,#8436,.T.);
#8714 = ORIENTED_EDGE('',*,*,#8471,.T.);
#8715 = ORIENTED_EDGE('',*,*,#8486,.T.);
#8716 = ORIENTED_EDGE('',*,*,#8514,.T.);
#8717 = ORIENTED_EDGE('',*,*,#8542,.T.);
#8718 = ORIENTED_EDGE('',*,*,#8570,.T.);
#8719 = ORIENTED_EDGE('',*,*,#8598,.T.);
#8720 = ORIENTED_EDGE('',*,*,#8626,.T.);
#8721 = ORIENTED_EDGE('',*,*,#8654,.T.);
#8722 = ORIENTED_EDGE('',*,*,#8682,.T.);
#8723 = B_SPLINE_SURFACE_WITH_KNOTS('',1,1,(
    (#8724,#8725)
    ,(#8726,#8727
    )),.UNSPECIFIED.,.F.,.F.,.F.,(2,2),(2,2),(-0.127558953911,
    2.456265484207E-02),(-7.80889297501E-02,2.032168892037E-02),
  .PIECEWISE_BEZIER_KNOTS.);
#8724 = CARTESIAN_POINT('',(-0.372235268836,4.2505,5.55955245189));
#8725 = CARTESIAN_POINT('',(-0.273824650165,4.2505,5.55955245189));
#8726 = CARTESIAN_POINT('',(-0.372235268836,4.2505,5.407430843138));
#8727 = CARTESIAN_POINT('',(-0.273824650165,4.2505,5.407430843138));
#8728 = ADVANCED_FACE('',(#8729),#8751,.F.);
#8729 = FACE_BOUND('',#8730,.T.);
#8730 = EDGE_LOOP('',(#8731,#8732,#8739,#8746));
#8731 = ORIENTED_EDGE('',*,*,#2536,.T.);
#8732 = ORIENTED_EDGE('',*,*,#8733,.F.);
#8733 = EDGE_CURVE('',#8734,#2528,#8736,.T.);
#8734 = VERTEX_POINT('',#8735);
#8735 = CARTESIAN_POINT('',(-0.499192800649,4.2505,5.554923404275));
#8736 = B_SPLINE_CURVE_WITH_KNOTS('',1,(#8737,#8738),.UNSPECIFIED.,.F.,
  .F.,(2,2),(-0.,1.E-03),.PIECEWISE_BEZIER_KNOTS.);
#8737 = CARTESIAN_POINT('',(-0.499192800649,4.2505,5.554923404275));
#8738 = CARTESIAN_POINT('',(-0.499192800649,4.2495,5.554923404275));
#8739 = ORIENTED_EDGE('',*,*,#8740,.F.);
#8740 = EDGE_CURVE('',#8741,#8734,#8743,.T.);
#8741 = VERTEX_POINT('',#8742);
#8742 = CARTESIAN_POINT('',(-0.52560198752,4.2505,5.554736100897));
#8743 = B_SPLINE_CURVE_WITH_KNOTS('',1,(#8744,#8745),.UNSPECIFIED.,.F.,
  .F.,(2,2),(-2.640985107347E-02,0.),.PIECEWISE_BEZIER_KNOTS.);
#8744 = CARTESIAN_POINT('',(-0.52560198752,4.2505,5.554736100897));
#8745 = CARTESIAN_POINT('',(-0.499192800649,4.2505,5.554923404275));
#8746 = ORIENTED_EDGE('',*,*,#8747,.T.);
#8747 = EDGE_CURVE('',#8741,#2537,#8748,.T.);
#8748 = B_SPLINE_CURVE_WITH_KNOTS('',1,(#8749,#8750),.UNSPECIFIED.,.F.,
  .F.,(2,2),(-0.,1.E-03),.PIECEWISE_BEZIER_KNOTS.);
#8749 = CARTESIAN_POINT('',(-0.52560198752,4.2505,5.554736100897));
#8750 = CARTESIAN_POINT('',(-0.52560198752,4.2495,5.554736100897));
#8751 = B_SPLINE_SURFACE_WITH_KNOTS('',1,1,(
    (#8752,#8753)
    ,(#8754,#8755
    )),.UNSPECIFIED.,.F.,.F.,.F.,(2,2),(2,2),(-0.,2.640985107347E-02),(
    -1.E-03,8.881784197001E-16),.PIECEWISE_BEZIER_KNOTS.);
#8752 = CARTESIAN_POINT('',(-0.499192800649,4.2495,5.554923404275));
#8753 = CARTESIAN_POINT('',(-0.499192800649,4.2505,5.554923404275));
#8754 = CARTESIAN_POINT('',(-0.52560198752,4.2495,5.554736100897));
#8755 = CARTESIAN_POINT('',(-0.52560198752,4.2505,5.554736100897));
#8756 = ADVANCED_FACE('',(#8757),#8773,.F.);
#8757 = FACE_BOUND('',#8758,.T.);
#8758 = EDGE_LOOP('',(#8759,#8760,#8767,#8772));
#8759 = ORIENTED_EDGE('',*,*,#2527,.T.);
#8760 = ORIENTED_EDGE('',*,*,#8761,.F.);
#8761 = EDGE_CURVE('',#8762,#2530,#8764,.T.);
#8762 = VERTEX_POINT('',#8763);
#8763 = CARTESIAN_POINT('',(-0.458751273304,4.2505,5.445824946204));
#8764 = B_SPLINE_CURVE_WITH_KNOTS('',1,(#8765,#8766),.UNSPECIFIED.,.F.,
  .F.,(2,2),(-0.,1.E-03),.PIECEWISE_BEZIER_KNOTS.);
#8765 = CARTESIAN_POINT('',(-0.458751273304,4.2505,5.445824946204));
#8766 = CARTESIAN_POINT('',(-0.458751273304,4.2495,5.445824946204));
#8767 = ORIENTED_EDGE('',*,*,#8768,.F.);
#8768 = EDGE_CURVE('',#8734,#8762,#8769,.T.);
#8769 = B_SPLINE_CURVE_WITH_KNOTS('',1,(#8770,#8771),.UNSPECIFIED.,.F.,
  .F.,(2,2),(-0.116352871419,3.971065925292E-16),
  .PIECEWISE_BEZIER_KNOTS.);
#8770 = CARTESIAN_POINT('',(-0.499192800649,4.2505,5.554923404275));
#8771 = CARTESIAN_POINT('',(-0.458751273304,4.2505,5.445824946204));
#8772 = ORIENTED_EDGE('',*,*,#8733,.T.);
#8773 = B_SPLINE_SURFACE_WITH_KNOTS('',1,1,(
    (#8774,#8775)
    ,(#8776,#8777
    )),.UNSPECIFIED.,.F.,.F.,.F.,(2,2),(2,2),(-4.54989712552E-16,
    0.116352871419),(-1.E-03,8.881784197001E-16),
  .PIECEWISE_BEZIER_KNOTS.);
#8774 = CARTESIAN_POINT('',(-0.458751273304,4.2495,5.445824946204));
#8775 = CARTESIAN_POINT('',(-0.458751273304,4.2505,5.445824946204));
#8776 = CARTESIAN_POINT('',(-0.499192800649,4.2495,5.554923404275));
#8777 = CARTESIAN_POINT('',(-0.499192800649,4.2505,5.554923404275));
#8778 = ADVANCED_FACE('',(#8779),#8797,.F.);
#8779 = FACE_BOUND('',#8780,.F.);
#8780 = EDGE_LOOP('',(#8781,#8782,#8791,#8796));
#8781 = ORIENTED_EDGE('',*,*,#8761,.F.);
#8782 = ORIENTED_EDGE('',*,*,#8783,.T.);
#8783 = EDGE_CURVE('',#8762,#8784,#8786,.T.);
#8784 = VERTEX_POINT('',#8785);
#8785 = CARTESIAN_POINT('',(-0.455548750123,4.2505,5.434098099687));
#8786 = B_SPLINE_CURVE_WITH_KNOTS('',3,(#8787,#8788,#8789,#8790),
  .UNSPECIFIED.,.F.,.F.,(4,4),(12.,13.),.PIECEWISE_BEZIER_KNOTS.);
#8787 = CARTESIAN_POINT('',(-0.458751273304,4.2505,5.445824946204));
#8788 = CARTESIAN_POINT('',(-0.457155542326,4.2505,5.440741321771));
#8789 = CARTESIAN_POINT('',(-0.456087788793,4.2505,5.436797715207));
#8790 = CARTESIAN_POINT('',(-0.455548750123,4.2505,5.434098099687));
#8791 = ORIENTED_EDGE('',*,*,#8792,.T.);
#8792 = EDGE_CURVE('',#8784,#2629,#8793,.T.);
#8793 = B_SPLINE_CURVE_WITH_KNOTS('',1,(#8794,#8795),.UNSPECIFIED.,.F.,
  .F.,(2,2),(-0.,1.E-03),.PIECEWISE_BEZIER_KNOTS.);
#8794 = CARTESIAN_POINT('',(-0.455548750123,4.2505,5.434098099687));
#8795 = CARTESIAN_POINT('',(-0.455548750123,4.2495,5.434098099687));
#8796 = ORIENTED_EDGE('',*,*,#2635,.F.);
#8797 = B_SPLINE_SURFACE_WITH_KNOTS('',3,1,(
    (#8798,#8799)
    ,(#8800,#8801)
    ,(#8802,#8803)
    ,(#8804,#8805
    )),.UNSPECIFIED.,.F.,.F.,.F.,(4,4),(2,2),(12.,13.),(0.,1.),
  .PIECEWISE_BEZIER_KNOTS.);
#8798 = CARTESIAN_POINT('',(-0.458751273304,4.2505,5.445824946204));
#8799 = CARTESIAN_POINT('',(-0.458751273304,4.2495,5.445824946204));
#8800 = CARTESIAN_POINT('',(-0.457155542326,4.2505,5.440741321771));
#8801 = CARTESIAN_POINT('',(-0.457155542326,4.2495,5.440741321771));
#8802 = CARTESIAN_POINT('',(-0.456087788793,4.2505,5.436797715207));
#8803 = CARTESIAN_POINT('',(-0.456087788793,4.2495,5.436797715207));
#8804 = CARTESIAN_POINT('',(-0.455548750123,4.2505,5.434098099687));
#8805 = CARTESIAN_POINT('',(-0.455548750123,4.2495,5.434098099687));
#8806 = ADVANCED_FACE('',(#8807),#8823,.F.);
#8807 = FACE_BOUND('',#8808,.T.);
#8808 = EDGE_LOOP('',(#8809,#8810,#8817,#8822));
#8809 = ORIENTED_EDGE('',*,*,#2628,.T.);
#8810 = ORIENTED_EDGE('',*,*,#8811,.F.);
#8811 = EDGE_CURVE('',#8812,#2622,#8814,.T.);
#8812 = VERTEX_POINT('',#8813);
#8813 = CARTESIAN_POINT('',(-0.454872924476,4.2505,5.434102892884));
#8814 = B_SPLINE_CURVE_WITH_KNOTS('',1,(#8815,#8816),.UNSPECIFIED.,.F.,
  .F.,(2,2),(-0.,1.E-03),.PIECEWISE_BEZIER_KNOTS.);
#8815 = CARTESIAN_POINT('',(-0.454872924476,4.2505,5.434102892884));
#8816 = CARTESIAN_POINT('',(-0.454872924476,4.2495,5.434102892884));
#8817 = ORIENTED_EDGE('',*,*,#8818,.F.);
#8818 = EDGE_CURVE('',#8784,#8812,#8819,.T.);
#8819 = B_SPLINE_CURVE_WITH_KNOTS('',1,(#8820,#8821),.UNSPECIFIED.,.F.,
  .F.,(2,2),(-6.758426448347E-04,0.),.PIECEWISE_BEZIER_KNOTS.);
#8820 = CARTESIAN_POINT('',(-0.455548750123,4.2505,5.434098099687));
#8821 = CARTESIAN_POINT('',(-0.454872924476,4.2505,5.434102892884));
#8822 = ORIENTED_EDGE('',*,*,#8792,.T.);
#8823 = B_SPLINE_SURFACE_WITH_KNOTS('',1,1,(
    (#8824,#8825)
    ,(#8826,#8827
    )),.UNSPECIFIED.,.F.,.F.,.F.,(2,2),(2,2),(-0.,6.758426448347E-04),(
    -1.E-03,5.407391563218E-33),.PIECEWISE_BEZIER_KNOTS.);
#8824 = CARTESIAN_POINT('',(-0.454872924476,4.2495,5.434102892884));
#8825 = CARTESIAN_POINT('',(-0.454872924476,4.2505,5.434102892884));
#8826 = CARTESIAN_POINT('',(-0.455548750123,4.2495,5.434098099687));
#8827 = CARTESIAN_POINT('',(-0.455548750123,4.2505,5.434098099687));
#8828 = ADVANCED_FACE('',(#8829),#8845,.F.);
#8829 = FACE_BOUND('',#8830,.T.);
#8830 = EDGE_LOOP('',(#8831,#8832,#8839,#8844));
#8831 = ORIENTED_EDGE('',*,*,#2621,.T.);
#8832 = ORIENTED_EDGE('',*,*,#8833,.F.);
#8833 = EDGE_CURVE('',#8834,#2615,#8836,.T.);
#8834 = VERTEX_POINT('',#8835);
#8835 = CARTESIAN_POINT('',(-0.451838531886,4.2505,5.446081930646));
#8836 = B_SPLINE_CURVE_WITH_KNOTS('',1,(#8837,#8838),.UNSPECIFIED.,.F.,
  .F.,(2,2),(-0.,1.E-03),.PIECEWISE_BEZIER_KNOTS.);
#8837 = CARTESIAN_POINT('',(-0.451838531886,4.2505,5.446081930646));
#8838 = CARTESIAN_POINT('',(-0.451838531886,4.2495,5.446081930646));
#8839 = ORIENTED_EDGE('',*,*,#8840,.F.);
#8840 = EDGE_CURVE('',#8812,#8834,#8841,.T.);
#8841 = B_SPLINE_CURVE_WITH_KNOTS('',1,(#8842,#8843),.UNSPECIFIED.,.F.,
  .F.,(2,2),(-1.235738176562E-02,0.),.PIECEWISE_BEZIER_KNOTS.);
#8842 = CARTESIAN_POINT('',(-0.454872924476,4.2505,5.434102892884));
#8843 = CARTESIAN_POINT('',(-0.451838531886,4.2505,5.446081930646));
#8844 = ORIENTED_EDGE('',*,*,#8811,.T.);
#8845 = B_SPLINE_SURFACE_WITH_KNOTS('',1,1,(
    (#8846,#8847)
    ,(#8848,#8849
    )),.UNSPECIFIED.,.F.,.F.,.F.,(2,2),(2,2),(-0.,1.235738176562E-02),(
    -1.E-03,9.244463733059E-32),.PIECEWISE_BEZIER_KNOTS.);
#8846 = CARTESIAN_POINT('',(-0.451838531886,4.2495,5.446081930646));
#8847 = CARTESIAN_POINT('',(-0.451838531886,4.2505,5.446081930646));
#8848 = CARTESIAN_POINT('',(-0.454872924476,4.2495,5.434102892884));
#8849 = CARTESIAN_POINT('',(-0.454872924476,4.2505,5.434102892884));
#8850 = ADVANCED_FACE('',(#8851),#8867,.F.);
#8851 = FACE_BOUND('',#8852,.T.);
#8852 = EDGE_LOOP('',(#8853,#8854,#8861,#8866));
#8853 = ORIENTED_EDGE('',*,*,#2614,.T.);
#8854 = ORIENTED_EDGE('',*,*,#8855,.F.);
#8855 = EDGE_CURVE('',#8856,#2608,#8858,.T.);
#8856 = VERTEX_POINT('',#8857);
#8857 = CARTESIAN_POINT('',(-0.414662608024,4.2505,5.555522922569));
#8858 = B_SPLINE_CURVE_WITH_KNOTS('',1,(#8859,#8860),.UNSPECIFIED.,.F.,
  .F.,(2,2),(-0.,1.E-03),.PIECEWISE_BEZIER_KNOTS.);
#8859 = CARTESIAN_POINT('',(-0.414662608024,4.2505,5.555522922569));
#8860 = CARTESIAN_POINT('',(-0.414662608024,4.2495,5.555522922569));
#8861 = ORIENTED_EDGE('',*,*,#8862,.F.);
#8862 = EDGE_CURVE('',#8834,#8856,#8863,.T.);
#8863 = B_SPLINE_CURVE_WITH_KNOTS('',1,(#8864,#8865),.UNSPECIFIED.,.F.,
  .F.,(2,2),(-0.115582784306,0.),.PIECEWISE_BEZIER_KNOTS.);
#8864 = CARTESIAN_POINT('',(-0.451838531886,4.2505,5.446081930646));
#8865 = CARTESIAN_POINT('',(-0.414662608024,4.2505,5.555522922569));
#8866 = ORIENTED_EDGE('',*,*,#8833,.T.);
#8867 = B_SPLINE_SURFACE_WITH_KNOTS('',1,1,(
    (#8868,#8869)
    ,(#8870,#8871
    )),.UNSPECIFIED.,.F.,.F.,.F.,(2,2),(2,2),(-0.,0.115582784306),(
    -1.E-03,4.930380657631E-32),.PIECEWISE_BEZIER_KNOTS.);
#8868 = CARTESIAN_POINT('',(-0.414662608024,4.2495,5.555522922569));
#8869 = CARTESIAN_POINT('',(-0.414662608024,4.2505,5.555522922569));
#8870 = CARTESIAN_POINT('',(-0.451838531886,4.2495,5.446081930646));
#8871 = CARTESIAN_POINT('',(-0.451838531886,4.2505,5.446081930646));
#8872 = ADVANCED_FACE('',(#8873),#8889,.F.);
#8873 = FACE_BOUND('',#8874,.T.);
#8874 = EDGE_LOOP('',(#8875,#8876,#8883,#8888));
#8875 = ORIENTED_EDGE('',*,*,#2607,.T.);
#8876 = ORIENTED_EDGE('',*,*,#8877,.F.);
#8877 = EDGE_CURVE('',#8878,#2601,#8880,.T.);
#8878 = VERTEX_POINT('',#8879);
#8879 = CARTESIAN_POINT('',(-0.386173957619,4.2505,5.555724974244));
#8880 = B_SPLINE_CURVE_WITH_KNOTS('',1,(#8881,#8882),.UNSPECIFIED.,.F.,
  .F.,(2,2),(-0.,1.E-03),.PIECEWISE_BEZIER_KNOTS.);
#8881 = CARTESIAN_POINT('',(-0.386173957619,4.2505,5.555724974244));
#8882 = CARTESIAN_POINT('',(-0.386173957619,4.2495,5.555724974244));
#8883 = ORIENTED_EDGE('',*,*,#8884,.F.);
#8884 = EDGE_CURVE('',#8856,#8878,#8885,.T.);
#8885 = B_SPLINE_CURVE_WITH_KNOTS('',1,(#8886,#8887),.UNSPECIFIED.,.F.,
  .F.,(2,2),(-2.84893669072E-02,0.),.PIECEWISE_BEZIER_KNOTS.);
#8886 = CARTESIAN_POINT('',(-0.414662608024,4.2505,5.555522922569));
#8887 = CARTESIAN_POINT('',(-0.386173957619,4.2505,5.555724974244));
#8888 = ORIENTED_EDGE('',*,*,#8855,.T.);
#8889 = B_SPLINE_SURFACE_WITH_KNOTS('',1,1,(
    (#8890,#8891)
    ,(#8892,#8893
    )),.UNSPECIFIED.,.F.,.F.,.F.,(2,2),(2,2),(-0.,2.84893669072E-02),(
    -1.E-03,6.858565602901E-37),.PIECEWISE_BEZIER_KNOTS.);
#8890 = CARTESIAN_POINT('',(-0.386173957619,4.2495,5.555724974244));
#8891 = CARTESIAN_POINT('',(-0.386173957619,4.2505,5.555724974244));
#8892 = CARTESIAN_POINT('',(-0.414662608024,4.2495,5.555522922569));
#8893 = CARTESIAN_POINT('',(-0.414662608024,4.2505,5.555522922569));
#8894 = ADVANCED_FACE('',(#8895),#8911,.F.);
#8895 = FACE_BOUND('',#8896,.T.);
#8896 = EDGE_LOOP('',(#8897,#8898,#8905,#8910));
#8897 = ORIENTED_EDGE('',*,*,#2600,.T.);
#8898 = ORIENTED_EDGE('',*,*,#8899,.F.);
#8899 = EDGE_CURVE('',#8900,#2594,#8902,.T.);
#8900 = VERTEX_POINT('',#8901);
#8901 = CARTESIAN_POINT('',(-0.442123302093,4.2505,5.410382262629));
#8902 = B_SPLINE_CURVE_WITH_KNOTS('',1,(#8903,#8904),.UNSPECIFIED.,.F.,
  .F.,(2,2),(-0.,1.E-03),.PIECEWISE_BEZIER_KNOTS.);
#8903 = CARTESIAN_POINT('',(-0.442123302093,4.2505,5.410382262629));
#8904 = CARTESIAN_POINT('',(-0.442123302093,4.2495,5.410382262629));
#8905 = ORIENTED_EDGE('',*,*,#8906,.F.);
#8906 = EDGE_CURVE('',#8878,#8900,#8907,.T.);
#8907 = B_SPLINE_CURVE_WITH_KNOTS('',1,(#8908,#8909),.UNSPECIFIED.,.F.,
  .F.,(2,2),(-0.155739631972,-0.),.PIECEWISE_BEZIER_KNOTS.);
#8908 = CARTESIAN_POINT('',(-0.386173957619,4.2505,5.555724974244));
#8909 = CARTESIAN_POINT('',(-0.442123302093,4.2505,5.410382262629));
#8910 = ORIENTED_EDGE('',*,*,#8877,.T.);
#8911 = B_SPLINE_SURFACE_WITH_KNOTS('',1,1,(
    (#8912,#8913)
    ,(#8914,#8915
    )),.UNSPECIFIED.,.F.,.F.,.F.,(2,2),(2,2),(-1.254312018583E-18,
    0.155739631972),(-1.E-03,1.232595164408E-31),
  .PIECEWISE_BEZIER_KNOTS.);
#8912 = CARTESIAN_POINT('',(-0.442123302093,4.2495,5.410382262629));
#8913 = CARTESIAN_POINT('',(-0.442123302093,4.2505,5.410382262629));
#8914 = CARTESIAN_POINT('',(-0.386173957619,4.2495,5.555724974244));
#8915 = CARTESIAN_POINT('',(-0.386173957619,4.2505,5.555724974244));
#8916 = ADVANCED_FACE('',(#8917),#8933,.F.);
#8917 = FACE_BOUND('',#8918,.T.);
#8918 = EDGE_LOOP('',(#8919,#8920,#8927,#8932));
#8919 = ORIENTED_EDGE('',*,*,#2593,.T.);
#8920 = ORIENTED_EDGE('',*,*,#8921,.F.);
#8921 = EDGE_CURVE('',#8922,#2585,#8924,.T.);
#8922 = VERTEX_POINT('',#8923);
#8923 = CARTESIAN_POINT('',(-0.430758882224,4.2505,5.384052347856));
#8924 = B_SPLINE_CURVE_WITH_KNOTS('',1,(#8925,#8926),.UNSPECIFIED.,.F.,
  .F.,(2,2),(-0.,1.E-03),.PIECEWISE_BEZIER_KNOTS.);
#8925 = CARTESIAN_POINT('',(-0.430758882224,4.2505,5.384052347856));
#8926 = CARTESIAN_POINT('',(-0.430758882224,4.2495,5.384052347856));
#8927 = ORIENTED_EDGE('',*,*,#8928,.F.);
#8928 = EDGE_CURVE('',#8900,#8922,#8929,.T.);
#8929 = B_SPLINE_CURVE_WITH_KNOTS('',1,(#8930,#8931),.UNSPECIFIED.,.F.,
  .F.,(2,2),(-2.867776928081E-02,2.199794634862E-17),
  .PIECEWISE_BEZIER_KNOTS.);
#8930 = CARTESIAN_POINT('',(-0.442123302093,4.2505,5.410382262629));
#8931 = CARTESIAN_POINT('',(-0.430758882224,4.2505,5.384052347856));
#8932 = ORIENTED_EDGE('',*,*,#8899,.T.);
#8933 = B_SPLINE_SURFACE_WITH_KNOTS('',1,1,(
    (#8934,#8935)
    ,(#8936,#8937
    )),.UNSPECIFIED.,.F.,.F.,.F.,(2,2),(2,2),(-2.199794634862E-17,
    2.867776928081E-02),(-1.E-03,4.314083075427E-32),
  .PIECEWISE_BEZIER_KNOTS.);
#8934 = CARTESIAN_POINT('',(-0.430758882224,4.2495,5.384052347856));
#8935 = CARTESIAN_POINT('',(-0.430758882224,4.2505,5.384052347856));
#8936 = CARTESIAN_POINT('',(-0.442123302093,4.2495,5.410382262629));
#8937 = CARTESIAN_POINT('',(-0.442123302093,4.2505,5.410382262629));
#8938 = ADVANCED_FACE('',(#8939),#8957,.F.);
#8939 = FACE_BOUND('',#8940,.F.);
#8940 = EDGE_LOOP('',(#8941,#8942,#8951,#8956));
#8941 = ORIENTED_EDGE('',*,*,#8921,.F.);
#8942 = ORIENTED_EDGE('',*,*,#8943,.T.);
#8943 = EDGE_CURVE('',#8922,#8944,#8946,.T.);
#8944 = VERTEX_POINT('',#8945);
#8945 = CARTESIAN_POINT('',(-0.404516344152,4.2505,5.363754723188));
#8946 = B_SPLINE_CURVE_WITH_KNOTS('',3,(#8947,#8948,#8949,#8950),
  .UNSPECIFIED.,.F.,.F.,(4,4),(5.,6.),.PIECEWISE_BEZIER_KNOTS.);
#8947 = CARTESIAN_POINT('',(-0.430758882224,4.2505,5.384052347856));
#8948 = CARTESIAN_POINT('',(-0.424891032156,4.2505,5.370368815063));
#8949 = CARTESIAN_POINT('',(-0.416161339938,4.2505,5.363672132722));
#8950 = CARTESIAN_POINT('',(-0.404516344152,4.2505,5.363754723188));
#8951 = ORIENTED_EDGE('',*,*,#8952,.T.);
#8952 = EDGE_CURVE('',#8944,#2576,#8953,.T.);
#8953 = B_SPLINE_CURVE_WITH_KNOTS('',1,(#8954,#8955),.UNSPECIFIED.,.F.,
  .F.,(2,2),(-0.,1.E-03),.PIECEWISE_BEZIER_KNOTS.);
#8954 = CARTESIAN_POINT('',(-0.404516344152,4.2505,5.363754723188));
#8955 = CARTESIAN_POINT('',(-0.404516344152,4.2495,5.363754723188));
#8956 = ORIENTED_EDGE('',*,*,#2584,.F.);
#8957 = B_SPLINE_SURFACE_WITH_KNOTS('',3,1,(
    (#8958,#8959)
    ,(#8960,#8961)
    ,(#8962,#8963)
    ,(#8964,#8965
    )),.UNSPECIFIED.,.F.,.F.,.F.,(4,4),(2,2),(5.,6.),(0.,1.),
  .PIECEWISE_BEZIER_KNOTS.);
#8958 = CARTESIAN_POINT('',(-0.430758882224,4.2505,5.384052347856));
#8959 = CARTESIAN_POINT('',(-0.430758882224,4.2495,5.384052347856));
#8960 = CARTESIAN_POINT('',(-0.424891032156,4.2505,5.370368815063));
#8961 = CARTESIAN_POINT('',(-0.424891032156,4.2495,5.370368815063));
#8962 = CARTESIAN_POINT('',(-0.416161339938,4.2505,5.363672132722));
#8963 = CARTESIAN_POINT('',(-0.416161339938,4.2495,5.363672132722));
#8964 = CARTESIAN_POINT('',(-0.404516344152,4.2505,5.363754723188));
#8965 = CARTESIAN_POINT('',(-0.404516344152,4.2495,5.363754723188));
#8966 = ADVANCED_FACE('',(#8967),#8985,.F.);
#8967 = FACE_BOUND('',#8968,.F.);
#8968 = EDGE_LOOP('',(#8969,#8970,#8979,#8984));
#8969 = ORIENTED_EDGE('',*,*,#8952,.F.);
#8970 = ORIENTED_EDGE('',*,*,#8971,.T.);
#8971 = EDGE_CURVE('',#8944,#8972,#8974,.T.);
#8972 = VERTEX_POINT('',#8973);
#8973 = CARTESIAN_POINT('',(-0.390084720213,4.2505,5.366768472803));
#8974 = B_SPLINE_CURVE_WITH_KNOTS('',3,(#8975,#8976,#8977,#8978),
  .UNSPECIFIED.,.F.,.F.,(4,4),(4.,5.),.PIECEWISE_BEZIER_KNOTS.);
#8975 = CARTESIAN_POINT('',(-0.404516344152,4.2505,5.363754723188));
#8976 = CARTESIAN_POINT('',(-0.399837551202,4.2505,5.363787906857));
#8977 = CARTESIAN_POINT('',(-0.39506142181,4.2505,5.364757586532));
#8978 = CARTESIAN_POINT('',(-0.390084720213,4.2505,5.366768472803));
#8979 = ORIENTED_EDGE('',*,*,#8980,.T.);
#8980 = EDGE_CURVE('',#8972,#2569,#8981,.T.);
#8981 = B_SPLINE_CURVE_WITH_KNOTS('',1,(#8982,#8983),.UNSPECIFIED.,.F.,
  .F.,(2,2),(-0.,1.E-03),.PIECEWISE_BEZIER_KNOTS.);
#8982 = CARTESIAN_POINT('',(-0.390084720213,4.2505,5.366768472803));
#8983 = CARTESIAN_POINT('',(-0.390084720213,4.2495,5.366768472803));
#8984 = ORIENTED_EDGE('',*,*,#2575,.F.);
#8985 = B_SPLINE_SURFACE_WITH_KNOTS('',3,1,(
    (#8986,#8987)
    ,(#8988,#8989)
    ,(#8990,#8991)
    ,(#8992,#8993
    )),.UNSPECIFIED.,.F.,.F.,.F.,(4,4),(2,2),(4.,5.),(0.,1.),
  .PIECEWISE_BEZIER_KNOTS.);
#8986 = CARTESIAN_POINT('',(-0.404516344152,4.2505,5.363754723188));
#8987 = CARTESIAN_POINT('',(-0.404516344152,4.2495,5.363754723188));
#8988 = CARTESIAN_POINT('',(-0.399837551202,4.2505,5.363787906857));
#8989 = CARTESIAN_POINT('',(-0.399837551202,4.2495,5.363787906857));
#8990 = CARTESIAN_POINT('',(-0.39506142181,4.2505,5.364757586532));
#8991 = CARTESIAN_POINT('',(-0.39506142181,4.2495,5.364757586532));
#8992 = CARTESIAN_POINT('',(-0.390084720213,4.2505,5.366768472803));
#8993 = CARTESIAN_POINT('',(-0.390084720213,4.2495,5.366768472803));
#8994 = ADVANCED_FACE('',(#8995),#9011,.F.);
#8995 = FACE_BOUND('',#8996,.T.);
#8996 = EDGE_LOOP('',(#8997,#8998,#9005,#9010));
#8997 = ORIENTED_EDGE('',*,*,#2568,.T.);
#8998 = ORIENTED_EDGE('',*,*,#8999,.F.);
#8999 = EDGE_CURVE('',#9000,#2560,#9002,.T.);
#9000 = VERTEX_POINT('',#9001);
#9001 = CARTESIAN_POINT('',(-0.38992396377,4.2505,5.34410232029));
#9002 = B_SPLINE_CURVE_WITH_KNOTS('',1,(#9003,#9004),.UNSPECIFIED.,.F.,
  .F.,(2,2),(-0.,1.E-03),.PIECEWISE_BEZIER_KNOTS.);
#9003 = CARTESIAN_POINT('',(-0.38992396377,4.2505,5.34410232029));
#9004 = CARTESIAN_POINT('',(-0.38992396377,4.2495,5.34410232029));
#9005 = ORIENTED_EDGE('',*,*,#9006,.F.);
#9006 = EDGE_CURVE('',#8972,#9000,#9007,.T.);
#9007 = B_SPLINE_CURVE_WITH_KNOTS('',1,(#9008,#9009),.UNSPECIFIED.,.F.,
  .F.,(2,2),(-2.266672257622E-02,0.),.PIECEWISE_BEZIER_KNOTS.);
#9008 = CARTESIAN_POINT('',(-0.390084720213,4.2505,5.366768472803));
#9009 = CARTESIAN_POINT('',(-0.38992396377,4.2505,5.34410232029));
#9010 = ORIENTED_EDGE('',*,*,#8980,.T.);
#9011 = B_SPLINE_SURFACE_WITH_KNOTS('',1,1,(
    (#9012,#9013)
    ,(#9014,#9015
    )),.UNSPECIFIED.,.F.,.F.,.F.,(2,2),(2,2),(0.,2.266672257622E-02),(
    -1.E-03,0.),.PIECEWISE_BEZIER_KNOTS.);
#9012 = CARTESIAN_POINT('',(-0.38992396377,4.2495,5.34410232029));
#9013 = CARTESIAN_POINT('',(-0.38992396377,4.2505,5.34410232029));
#9014 = CARTESIAN_POINT('',(-0.390084720213,4.2495,5.366768472803));
#9015 = CARTESIAN_POINT('',(-0.390084720213,4.2505,5.366768472803));
#9016 = ADVANCED_FACE('',(#9017),#9035,.F.);
#9017 = FACE_BOUND('',#9018,.F.);
#9018 = EDGE_LOOP('',(#9019,#9020,#9029,#9034));
#9019 = ORIENTED_EDGE('',*,*,#8999,.F.);
#9020 = ORIENTED_EDGE('',*,*,#9021,.T.);
#9021 = EDGE_CURVE('',#9000,#9022,#9024,.T.);
#9022 = VERTEX_POINT('',#9023);
#9023 = CARTESIAN_POINT('',(-0.406336977385,4.2505,5.341906345206));
#9024 = B_SPLINE_CURVE_WITH_KNOTS('',3,(#9025,#9026,#9027,#9028),
  .UNSPECIFIED.,.F.,.F.,(4,4),(2.,3.),.PIECEWISE_BEZIER_KNOTS.);
#9025 = CARTESIAN_POINT('',(-0.38992396377,4.2505,5.34410232029));
#9026 = CARTESIAN_POINT('',(-0.394437210561,4.2505,5.342718591447));
#9027 = CARTESIAN_POINT('',(-0.39994262702,4.2505,5.341951696221));
#9028 = CARTESIAN_POINT('',(-0.406336977385,4.2505,5.341906345206));
#9029 = ORIENTED_EDGE('',*,*,#9030,.T.);
#9030 = EDGE_CURVE('',#9022,#2551,#9031,.T.);
#9031 = B_SPLINE_CURVE_WITH_KNOTS('',1,(#9032,#9033),.UNSPECIFIED.,.F.,
  .F.,(2,2),(-0.,1.E-03),.PIECEWISE_BEZIER_KNOTS.);
#9032 = CARTESIAN_POINT('',(-0.406336977385,4.2505,5.341906345206));
#9033 = CARTESIAN_POINT('',(-0.406336977385,4.2495,5.341906345206));
#9034 = ORIENTED_EDGE('',*,*,#2559,.F.);
#9035 = B_SPLINE_SURFACE_WITH_KNOTS('',3,1,(
    (#9036,#9037)
    ,(#9038,#9039)
    ,(#9040,#9041)
    ,(#9042,#9043
    )),.UNSPECIFIED.,.F.,.F.,.F.,(4,4),(2,2),(2.,3.),(0.,1.),
  .PIECEWISE_BEZIER_KNOTS.);
#9036 = CARTESIAN_POINT('',(-0.38992396377,4.2505,5.34410232029));
#9037 = CARTESIAN_POINT('',(-0.38992396377,4.2495,5.34410232029));
#9038 = CARTESIAN_POINT('',(-0.394437210561,4.2505,5.342718591447));
#9039 = CARTESIAN_POINT('',(-0.394437210561,4.2495,5.342718591447));
#9040 = CARTESIAN_POINT('',(-0.39994262702,4.2505,5.341951696221));
#9041 = CARTESIAN_POINT('',(-0.39994262702,4.2495,5.341951696221));
#9042 = CARTESIAN_POINT('',(-0.406336977385,4.2505,5.341906345206));
#9043 = CARTESIAN_POINT('',(-0.406336977385,4.2495,5.341906345206));
#9044 = ADVANCED_FACE('',(#9045),#9063,.F.);
#9045 = FACE_BOUND('',#9046,.F.);
#9046 = EDGE_LOOP('',(#9047,#9048,#9057,#9062));
#9047 = ORIENTED_EDGE('',*,*,#9030,.F.);
#9048 = ORIENTED_EDGE('',*,*,#9049,.T.);
#9049 = EDGE_CURVE('',#9022,#9050,#9052,.T.);
#9050 = VERTEX_POINT('',#9051);
#9051 = CARTESIAN_POINT('',(-0.458497230399,4.2505,5.388014753859));
#9052 = B_SPLINE_CURVE_WITH_KNOTS('',3,(#9053,#9054,#9055,#9056),
  .UNSPECIFIED.,.F.,.F.,(4,4),(1.,2.),.PIECEWISE_BEZIER_KNOTS.);
#9053 = CARTESIAN_POINT('',(-0.406336977385,4.2505,5.341906345206));
#9054 = CARTESIAN_POINT('',(-0.428639223778,4.2505,5.341748169716));
#9055 = CARTESIAN_POINT('',(-0.44600864592,4.2505,5.357117762169));
#9056 = CARTESIAN_POINT('',(-0.458497230399,4.2505,5.388014753859));
#9057 = ORIENTED_EDGE('',*,*,#9058,.T.);
#9058 = EDGE_CURVE('',#9050,#2544,#9059,.T.);
#9059 = B_SPLINE_CURVE_WITH_KNOTS('',1,(#9060,#9061),.UNSPECIFIED.,.F.,
  .F.,(2,2),(-0.,9.999999999994E-04),.PIECEWISE_BEZIER_KNOTS.);
#9060 = CARTESIAN_POINT('',(-0.458497230399,4.2505,5.388014753859));
#9061 = CARTESIAN_POINT('',(-0.458497230399,4.2495,5.388014753859));
#9062 = ORIENTED_EDGE('',*,*,#2550,.F.);
#9063 = B_SPLINE_SURFACE_WITH_KNOTS('',3,1,(
    (#9064,#9065)
    ,(#9066,#9067)
    ,(#9068,#9069)
    ,(#9070,#9071
    )),.UNSPECIFIED.,.F.,.F.,.F.,(4,4),(2,2),(1.,2.),(0.,1.),
  .PIECEWISE_BEZIER_KNOTS.);
#9064 = CARTESIAN_POINT('',(-0.406336977385,4.2505,5.341906345206));
#9065 = CARTESIAN_POINT('',(-0.406336977385,4.2495,5.341906345206));
#9066 = CARTESIAN_POINT('',(-0.428639223778,4.2505,5.341748169716));
#9067 = CARTESIAN_POINT('',(-0.428639223778,4.2495,5.341748169716));
#9068 = CARTESIAN_POINT('',(-0.44600864592,4.2505,5.357117762169));
#9069 = CARTESIAN_POINT('',(-0.44600864592,4.2495,5.357117762169));
#9070 = CARTESIAN_POINT('',(-0.458497230399,4.2505,5.388014753859));
#9071 = CARTESIAN_POINT('',(-0.458497230399,4.2495,5.388014753859));
#9072 = ADVANCED_FACE('',(#9073),#9083,.F.);
#9073 = FACE_BOUND('',#9074,.T.);
#9074 = EDGE_LOOP('',(#9075,#9076,#9077,#9082));
#9075 = ORIENTED_EDGE('',*,*,#2543,.T.);
#9076 = ORIENTED_EDGE('',*,*,#8747,.F.);
#9077 = ORIENTED_EDGE('',*,*,#9078,.F.);
#9078 = EDGE_CURVE('',#9050,#8741,#9079,.T.);
#9079 = B_SPLINE_CURVE_WITH_KNOTS('',1,(#9080,#9081),.UNSPECIFIED.,.F.,
  .F.,(2,2),(-0.179719381221,0.),.PIECEWISE_BEZIER_KNOTS.);
#9080 = CARTESIAN_POINT('',(-0.458497230399,4.2505,5.388014753859));
#9081 = CARTESIAN_POINT('',(-0.52560198752,4.2505,5.554736100897));
#9082 = ORIENTED_EDGE('',*,*,#9058,.T.);
#9083 = B_SPLINE_SURFACE_WITH_KNOTS('',1,1,(
    (#9084,#9085)
    ,(#9086,#9087
    )),.UNSPECIFIED.,.F.,.F.,.F.,(2,2),(2,2),(-1.303671343872E-18,
    0.179719381221),(-1.000000000001E-03,0.),.PIECEWISE_BEZIER_KNOTS.);
#9084 = CARTESIAN_POINT('',(-0.52560198752,4.2495,5.554736100897));
#9085 = CARTESIAN_POINT('',(-0.52560198752,4.2505,5.554736100897));
#9086 = CARTESIAN_POINT('',(-0.458497230399,4.2495,5.388014753859));
#9087 = CARTESIAN_POINT('',(-0.458497230399,4.2505,5.388014753859));
#9088 = ADVANCED_FACE('',(#9089),#9106,.T.);
#9089 = FACE_BOUND('',#9090,.T.);
#9090 = EDGE_LOOP('',(#9091,#9092,#9093,#9094,#9095,#9096,#9097,#9098,
    #9099,#9100,#9101,#9102,#9103,#9104,#9105));
#9091 = ORIENTED_EDGE('',*,*,#8740,.T.);
#9092 = ORIENTED_EDGE('',*,*,#8768,.T.);
#9093 = ORIENTED_EDGE('',*,*,#8783,.T.);
#9094 = ORIENTED_EDGE('',*,*,#8818,.T.);
#9095 = ORIENTED_EDGE('',*,*,#8840,.T.);
#9096 = ORIENTED_EDGE('',*,*,#8862,.T.);
#9097 = ORIENTED_EDGE('',*,*,#8884,.T.);
#9098 = ORIENTED_EDGE('',*,*,#8906,.T.);
#9099 = ORIENTED_EDGE('',*,*,#8928,.T.);
#9100 = ORIENTED_EDGE('',*,*,#8943,.T.);
#9101 = ORIENTED_EDGE('',*,*,#8971,.T.);
#9102 = ORIENTED_EDGE('',*,*,#9006,.T.);
#9103 = ORIENTED_EDGE('',*,*,#9021,.T.);
#9104 = ORIENTED_EDGE('',*,*,#9049,.T.);
#9105 = ORIENTED_EDGE('',*,*,#9078,.T.);
#9106 = B_SPLINE_SURFACE_WITH_KNOTS('',1,1,(
    (#9107,#9108)
    ,(#9109,#9110
    )),.UNSPECIFIED.,.F.,.F.,.F.,(2,2),(2,2),(-1.156669212432E-02,
    0.202410112404),(-8.950476041E-02,4.992326949068E-02),
  .PIECEWISE_BEZIER_KNOTS.);
#9107 = CARTESIAN_POINT('',(-0.52560198752,4.2505,5.341748169716));
#9108 = CARTESIAN_POINT('',(-0.386173957619,4.2505,5.341748169716));
#9109 = CARTESIAN_POINT('',(-0.52560198752,4.2505,5.555724974244));
#9110 = CARTESIAN_POINT('',(-0.386173957619,4.2505,5.555724974244));
#9111 = ADVANCED_FACE('',(#9112),#9134,.F.);
#9112 = FACE_BOUND('',#9113,.T.);
#9113 = EDGE_LOOP('',(#9114,#9115,#9122,#9129));
#9114 = ORIENTED_EDGE('',*,*,#2450,.T.);
#9115 = ORIENTED_EDGE('',*,*,#9116,.F.);
#9116 = EDGE_CURVE('',#9117,#2442,#9119,.T.);
#9117 = VERTEX_POINT('',#9118);
#9118 = CARTESIAN_POINT('',(-0.661564962942,4.2505,5.431701153523));
#9119 = B_SPLINE_CURVE_WITH_KNOTS('',1,(#9120,#9121),.UNSPECIFIED.,.F.,
  .F.,(2,2),(-0.,1.E-03),.PIECEWISE_BEZIER_KNOTS.);
#9120 = CARTESIAN_POINT('',(-0.661564962942,4.2505,5.431701153523));
#9121 = CARTESIAN_POINT('',(-0.661564962942,4.2495,5.431701153523));
#9122 = ORIENTED_EDGE('',*,*,#9123,.F.);
#9123 = EDGE_CURVE('',#9124,#9117,#9126,.T.);
#9124 = VERTEX_POINT('',#9125);
#9125 = CARTESIAN_POINT('',(-0.661400519425,4.2505,5.408515135128));
#9126 = B_SPLINE_CURVE_WITH_KNOTS('',1,(#9127,#9128),.UNSPECIFIED.,.F.,
  .F.,(2,2),(-2.318660153379E-02,0.),.PIECEWISE_BEZIER_KNOTS.);
#9127 = CARTESIAN_POINT('',(-0.661400519425,4.2505,5.408515135128));
#9128 = CARTESIAN_POINT('',(-0.661564962942,4.2505,5.431701153523));
#9129 = ORIENTED_EDGE('',*,*,#9130,.T.);
#9130 = EDGE_CURVE('',#9124,#2451,#9131,.T.);
#9131 = B_SPLINE_CURVE_WITH_KNOTS('',1,(#9132,#9133),.UNSPECIFIED.,.F.,
  .F.,(2,2),(-0.,1.E-03),.PIECEWISE_BEZIER_KNOTS.);
#9132 = CARTESIAN_POINT('',(-0.661400519425,4.2505,5.408515135128));
#9133 = CARTESIAN_POINT('',(-0.661400519425,4.2495,5.408515135128));
#9134 = B_SPLINE_SURFACE_WITH_KNOTS('',1,1,(
    (#9135,#9136)
    ,(#9137,#9138
    )),.UNSPECIFIED.,.F.,.F.,.F.,(2,2),(2,2),(-2.47622089193E-20,
    2.318660153379E-02),(-1.E-03,0.),.PIECEWISE_BEZIER_KNOTS.);
#9135 = CARTESIAN_POINT('',(-0.661564962942,4.2495,5.431701153523));
#9136 = CARTESIAN_POINT('',(-0.661564962942,4.2505,5.431701153523));
#9137 = CARTESIAN_POINT('',(-0.661400519425,4.2495,5.408515135128));
#9138 = CARTESIAN_POINT('',(-0.661400519425,4.2505,5.408515135128));
#9139 = ADVANCED_FACE('',(#9140),#9156,.F.);
#9140 = FACE_BOUND('',#9141,.T.);
#9141 = EDGE_LOOP('',(#9142,#9143,#9150,#9155));
#9142 = ORIENTED_EDGE('',*,*,#2441,.T.);
#9143 = ORIENTED_EDGE('',*,*,#9144,.F.);
#9144 = EDGE_CURVE('',#9145,#2444,#9147,.T.);
#9145 = VERTEX_POINT('',#9146);
#9146 = CARTESIAN_POINT('',(-0.578438408203,4.2505,5.432290716716));
#9147 = B_SPLINE_CURVE_WITH_KNOTS('',1,(#9148,#9149),.UNSPECIFIED.,.F.,
  .F.,(2,2),(-0.,1.E-03),.PIECEWISE_BEZIER_KNOTS.);
#9148 = CARTESIAN_POINT('',(-0.578438408203,4.2505,5.432290716716));
#9149 = CARTESIAN_POINT('',(-0.578438408203,4.2495,5.432290716716));
#9150 = ORIENTED_EDGE('',*,*,#9151,.F.);
#9151 = EDGE_CURVE('',#9117,#9145,#9152,.T.);
#9152 = B_SPLINE_CURVE_WITH_KNOTS('',1,(#9153,#9154),.UNSPECIFIED.,.F.,
  .F.,(2,2),(-8.312864540908E-02,0.),.PIECEWISE_BEZIER_KNOTS.);
#9153 = CARTESIAN_POINT('',(-0.661564962942,4.2505,5.431701153523));
#9154 = CARTESIAN_POINT('',(-0.578438408203,4.2505,5.432290716716));
#9155 = ORIENTED_EDGE('',*,*,#9116,.T.);
#9156 = B_SPLINE_SURFACE_WITH_KNOTS('',1,1,(
    (#9157,#9158)
    ,(#9159,#9160
    )),.UNSPECIFIED.,.F.,.F.,.F.,(2,2),(2,2),(-0.,8.312864540908E-02),(
    -1.E-03,4.814824860968E-33),.PIECEWISE_BEZIER_KNOTS.);
#9157 = CARTESIAN_POINT('',(-0.578438408203,4.2495,5.432290716716));
#9158 = CARTESIAN_POINT('',(-0.578438408203,4.2505,5.432290716716));
#9159 = CARTESIAN_POINT('',(-0.661564962942,4.2495,5.431701153523));
#9160 = CARTESIAN_POINT('',(-0.661564962942,4.2505,5.431701153523));
#9161 = ADVANCED_FACE('',(#9162),#9178,.F.);
#9162 = FACE_BOUND('',#9163,.T.);
#9163 = EDGE_LOOP('',(#9164,#9165,#9172,#9177));
#9164 = ORIENTED_EDGE('',*,*,#2520,.T.);
#9165 = ORIENTED_EDGE('',*,*,#9166,.F.);
#9166 = EDGE_CURVE('',#9167,#2514,#9169,.T.);
#9167 = VERTEX_POINT('',#9168);
#9168 = CARTESIAN_POINT('',(-0.57892362719,4.2505,5.500705066958));
#9169 = B_SPLINE_CURVE_WITH_KNOTS('',1,(#9170,#9171),.UNSPECIFIED.,.F.,
  .F.,(2,2),(-0.,1.E-03),.PIECEWISE_BEZIER_KNOTS.);
#9170 = CARTESIAN_POINT('',(-0.57892362719,4.2505,5.500705066958));
#9171 = CARTESIAN_POINT('',(-0.57892362719,4.2495,5.500705066958));
#9172 = ORIENTED_EDGE('',*,*,#9173,.F.);
#9173 = EDGE_CURVE('',#9145,#9167,#9174,.T.);
#9174 = B_SPLINE_CURVE_WITH_KNOTS('',1,(#9175,#9176),.UNSPECIFIED.,.F.,
  .F.,(2,2),(-6.841607089331E-02,0.),.PIECEWISE_BEZIER_KNOTS.);
#9175 = CARTESIAN_POINT('',(-0.578438408203,4.2505,5.432290716716));
#9176 = CARTESIAN_POINT('',(-0.57892362719,4.2505,5.500705066958));
#9177 = ORIENTED_EDGE('',*,*,#9144,.T.);
#9178 = B_SPLINE_SURFACE_WITH_KNOTS('',1,1,(
    (#9179,#9180)
    ,(#9181,#9182
    )),.UNSPECIFIED.,.F.,.F.,.F.,(2,2),(2,2),(-2.476220891929E-20,
    6.841607089331E-02),(-1.E-03,3.428155301009E-32),
  .PIECEWISE_BEZIER_KNOTS.);
#9179 = CARTESIAN_POINT('',(-0.57892362719,4.2495,5.500705066958));
#9180 = CARTESIAN_POINT('',(-0.57892362719,4.2505,5.500705066958));
#9181 = CARTESIAN_POINT('',(-0.578438408203,4.2495,5.432290716716));
#9182 = CARTESIAN_POINT('',(-0.578438408203,4.2505,5.432290716716));
#9183 = ADVANCED_FACE('',(#9184),#9200,.F.);
#9184 = FACE_BOUND('',#9185,.T.);
#9185 = EDGE_LOOP('',(#9186,#9187,#9194,#9199));
#9186 = ORIENTED_EDGE('',*,*,#2513,.T.);
#9187 = ORIENTED_EDGE('',*,*,#9188,.F.);
#9188 = EDGE_CURVE('',#9189,#2507,#9191,.T.);
#9189 = VERTEX_POINT('',#9190);
#9190 = CARTESIAN_POINT('',(-0.651652864263,4.2505,5.500189245253));
#9191 = B_SPLINE_CURVE_WITH_KNOTS('',1,(#9192,#9193),.UNSPECIFIED.,.F.,
  .F.,(2,2),(-0.,1.E-03),.PIECEWISE_BEZIER_KNOTS.);
#9192 = CARTESIAN_POINT('',(-0.651652864263,4.2505,5.500189245253));
#9193 = CARTESIAN_POINT('',(-0.651652864263,4.2495,5.500189245253));
#9194 = ORIENTED_EDGE('',*,*,#9195,.F.);
#9195 = EDGE_CURVE('',#9167,#9189,#9196,.T.);
#9196 = B_SPLINE_CURVE_WITH_KNOTS('',1,(#9197,#9198),.UNSPECIFIED.,.F.,
  .F.,(2,2),(-7.273106624528E-02,-0.),.PIECEWISE_BEZIER_KNOTS.);
#9197 = CARTESIAN_POINT('',(-0.57892362719,4.2505,5.500705066958));
#9198 = CARTESIAN_POINT('',(-0.651652864263,4.2505,5.500189245253));
#9199 = ORIENTED_EDGE('',*,*,#9166,.T.);
#9200 = B_SPLINE_SURFACE_WITH_KNOTS('',1,1,(
    (#9201,#9202)
    ,(#9203,#9204
    )),.UNSPECIFIED.,.F.,.F.,.F.,(2,2),(2,2),(-3.491393528737E-18,
    7.273106624528E-02),(-1.E-03,1.71528135672E-33),
  .PIECEWISE_BEZIER_KNOTS.);
#9201 = CARTESIAN_POINT('',(-0.651652864263,4.2495,5.500189245253));
#9202 = CARTESIAN_POINT('',(-0.651652864263,4.2505,5.500189245253));
#9203 = CARTESIAN_POINT('',(-0.57892362719,4.2495,5.500705066958));
#9204 = CARTESIAN_POINT('',(-0.57892362719,4.2505,5.500705066958));
#9205 = ADVANCED_FACE('',(#9206),#9222,.F.);
#9206 = FACE_BOUND('',#9207,.T.);
#9207 = EDGE_LOOP('',(#9208,#9209,#9216,#9221));
#9208 = ORIENTED_EDGE('',*,*,#2506,.T.);
#9209 = ORIENTED_EDGE('',*,*,#9210,.F.);
#9210 = EDGE_CURVE('',#9211,#2500,#9213,.T.);
#9211 = VERTEX_POINT('',#9212);
#9212 = CARTESIAN_POINT('',(-0.651818045195,4.2505,5.523479236824));
#9213 = B_SPLINE_CURVE_WITH_KNOTS('',1,(#9214,#9215),.UNSPECIFIED.,.F.,
  .F.,(2,2),(-0.,1.E-03),.PIECEWISE_BEZIER_KNOTS.);
#9214 = CARTESIAN_POINT('',(-0.651818045195,4.2505,5.523479236824));
#9215 = CARTESIAN_POINT('',(-0.651818045195,4.2495,5.523479236824));
#9216 = ORIENTED_EDGE('',*,*,#9217,.F.);
#9217 = EDGE_CURVE('',#9189,#9211,#9218,.T.);
#9218 = B_SPLINE_CURVE_WITH_KNOTS('',1,(#9219,#9220),.UNSPECIFIED.,.F.,
  .F.,(2,2),(-2.32905773253E-02,0.),.PIECEWISE_BEZIER_KNOTS.);
#9219 = CARTESIAN_POINT('',(-0.651652864263,4.2505,5.500189245253));
#9220 = CARTESIAN_POINT('',(-0.651818045195,4.2505,5.523479236824));
#9221 = ORIENTED_EDGE('',*,*,#9188,.T.);
#9222 = B_SPLINE_SURFACE_WITH_KNOTS('',1,1,(
    (#9223,#9224)
    ,(#9225,#9226
    )),.UNSPECIFIED.,.F.,.F.,.F.,(2,2),(2,2),(-2.476220891928E-20,
    2.32905773253E-02),(-1.E-03,0.),.PIECEWISE_BEZIER_KNOTS.);
#9223 = CARTESIAN_POINT('',(-0.651818045195,4.2495,5.523479236824));
#9224 = CARTESIAN_POINT('',(-0.651818045195,4.2505,5.523479236824));
#9225 = CARTESIAN_POINT('',(-0.651652864263,4.2495,5.500189245253));
#9226 = CARTESIAN_POINT('',(-0.651652864263,4.2505,5.500189245253));
#9227 = ADVANCED_FACE('',(#9228),#9244,.F.);
#9228 = FACE_BOUND('',#9229,.T.);
#9229 = EDGE_LOOP('',(#9230,#9231,#9238,#9243));
#9230 = ORIENTED_EDGE('',*,*,#2499,.T.);
#9231 = ORIENTED_EDGE('',*,*,#9232,.F.);
#9232 = EDGE_CURVE('',#9233,#2493,#9235,.T.);
#9233 = VERTEX_POINT('',#9234);
#9234 = CARTESIAN_POINT('',(-0.579088808122,4.2505,5.523995058529));
#9235 = B_SPLINE_CURVE_WITH_KNOTS('',1,(#9236,#9237),.UNSPECIFIED.,.F.,
  .F.,(2,2),(-0.,1.E-03),.PIECEWISE_BEZIER_KNOTS.);
#9236 = CARTESIAN_POINT('',(-0.579088808122,4.2505,5.523995058529));
#9237 = CARTESIAN_POINT('',(-0.579088808122,4.2495,5.523995058529));
#9238 = ORIENTED_EDGE('',*,*,#9239,.F.);
#9239 = EDGE_CURVE('',#9211,#9233,#9240,.T.);
#9240 = B_SPLINE_CURVE_WITH_KNOTS('',1,(#9241,#9242),.UNSPECIFIED.,.F.,
  .F.,(2,2),(-7.273106624528E-02,0.),.PIECEWISE_BEZIER_KNOTS.);
#9241 = CARTESIAN_POINT('',(-0.651818045195,4.2505,5.523479236824));
#9242 = CARTESIAN_POINT('',(-0.579088808122,4.2505,5.523995058529));
#9243 = ORIENTED_EDGE('',*,*,#9210,.T.);
#9244 = B_SPLINE_SURFACE_WITH_KNOTS('',1,1,(
    (#9245,#9246)
    ,(#9247,#9248
    )),.UNSPECIFIED.,.F.,.F.,.F.,(2,2),(2,2),(-0.,7.273106624528E-02),(
    -1.E-03,0.),.PIECEWISE_BEZIER_KNOTS.);
#9245 = CARTESIAN_POINT('',(-0.579088808122,4.2495,5.523995058529));
#9246 = CARTESIAN_POINT('',(-0.579088808122,4.2505,5.523995058529));
#9247 = CARTESIAN_POINT('',(-0.651818045195,4.2495,5.523479236824));
#9248 = CARTESIAN_POINT('',(-0.651818045195,4.2505,5.523479236824));
#9249 = ADVANCED_FACE('',(#9250),#9266,.F.);
#9250 = FACE_BOUND('',#9251,.T.);
#9251 = EDGE_LOOP('',(#9252,#9253,#9260,#9265));
#9252 = ORIENTED_EDGE('',*,*,#2492,.T.);
#9253 = ORIENTED_EDGE('',*,*,#9254,.F.);
#9254 = EDGE_CURVE('',#9255,#2486,#9257,.T.);
#9255 = VERTEX_POINT('',#9256);
#9256 = CARTESIAN_POINT('',(-0.579550429834,4.2505,5.589082267119));
#9257 = B_SPLINE_CURVE_WITH_KNOTS('',1,(#9258,#9259),.UNSPECIFIED.,.F.,
  .F.,(2,2),(-0.,1.E-03),.PIECEWISE_BEZIER_KNOTS.);
#9258 = CARTESIAN_POINT('',(-0.579550429834,4.2505,5.589082267119));
#9259 = CARTESIAN_POINT('',(-0.579550429834,4.2495,5.589082267119));
#9260 = ORIENTED_EDGE('',*,*,#9261,.F.);
#9261 = EDGE_CURVE('',#9233,#9255,#9262,.T.);
#9262 = B_SPLINE_CURVE_WITH_KNOTS('',1,(#9263,#9264),.UNSPECIFIED.,.F.,
  .F.,(2,2),(-6.508884556213E-02,0.),.PIECEWISE_BEZIER_KNOTS.);
#9263 = CARTESIAN_POINT('',(-0.579088808122,4.2505,5.523995058529));
#9264 = CARTESIAN_POINT('',(-0.579550429834,4.2505,5.589082267119));
#9265 = ORIENTED_EDGE('',*,*,#9232,.T.);
#9266 = B_SPLINE_SURFACE_WITH_KNOTS('',1,1,(
    (#9267,#9268)
    ,(#9269,#9270
    )),.UNSPECIFIED.,.F.,.F.,.F.,(2,2),(2,2),(-2.47622089193E-20,
    6.508884556213E-02),(-1.E-03,0.),.PIECEWISE_BEZIER_KNOTS.);
#9267 = CARTESIAN_POINT('',(-0.579550429834,4.2495,5.589082267119));
#9268 = CARTESIAN_POINT('',(-0.579550429834,4.2505,5.589082267119));
#9269 = CARTESIAN_POINT('',(-0.579088808122,4.2495,5.523995058529));
#9270 = CARTESIAN_POINT('',(-0.579088808122,4.2505,5.523995058529));
#9271 = ADVANCED_FACE('',(#9272),#9288,.F.);
#9272 = FACE_BOUND('',#9273,.T.);
#9273 = EDGE_LOOP('',(#9274,#9275,#9282,#9287));
#9274 = ORIENTED_EDGE('',*,*,#2485,.T.);
#9275 = ORIENTED_EDGE('',*,*,#9276,.F.);
#9276 = EDGE_CURVE('',#9277,#2479,#9279,.T.);
#9277 = VERTEX_POINT('',#9278);
#9278 = CARTESIAN_POINT('',(-0.658050178212,4.2505,5.588525518889));
#9279 = B_SPLINE_CURVE_WITH_KNOTS('',1,(#9280,#9281),.UNSPECIFIED.,.F.,
  .F.,(2,2),(-0.,1.E-03),.PIECEWISE_BEZIER_KNOTS.);
#9280 = CARTESIAN_POINT('',(-0.658050178212,4.2505,5.588525518889));
#9281 = CARTESIAN_POINT('',(-0.658050178212,4.2495,5.588525518889));
#9282 = ORIENTED_EDGE('',*,*,#9283,.F.);
#9283 = EDGE_CURVE('',#9255,#9277,#9284,.T.);
#9284 = B_SPLINE_CURVE_WITH_KNOTS('',1,(#9285,#9286),.UNSPECIFIED.,.F.,
  .F.,(2,2),(-7.850172268119E-02,-0.),.PIECEWISE_BEZIER_KNOTS.);
#9285 = CARTESIAN_POINT('',(-0.579550429834,4.2505,5.589082267119));
#9286 = CARTESIAN_POINT('',(-0.658050178212,4.2505,5.588525518889));
#9287 = ORIENTED_EDGE('',*,*,#9254,.T.);
#9288 = B_SPLINE_SURFACE_WITH_KNOTS('',1,1,(
    (#9289,#9290)
    ,(#9291,#9292
    )),.UNSPECIFIED.,.F.,.F.,.F.,(2,2),(2,2),(-3.491393528737E-18,
    7.850172268119E-02),(-1.E-03,0.),.PIECEWISE_BEZIER_KNOTS.);
#9289 = CARTESIAN_POINT('',(-0.658050178212,4.2495,5.588525518889));
#9290 = CARTESIAN_POINT('',(-0.658050178212,4.2505,5.588525518889));
#9291 = CARTESIAN_POINT('',(-0.579550429834,4.2495,5.589082267119));
#9292 = CARTESIAN_POINT('',(-0.579550429834,4.2505,5.589082267119));
#9293 = ADVANCED_FACE('',(#9294),#9310,.F.);
#9294 = FACE_BOUND('',#9295,.T.);
#9295 = EDGE_LOOP('',(#9296,#9297,#9304,#9309));
#9296 = ORIENTED_EDGE('',*,*,#2478,.T.);
#9297 = ORIENTED_EDGE('',*,*,#9298,.F.);
#9298 = EDGE_CURVE('',#9299,#2472,#9301,.T.);
#9299 = VERTEX_POINT('',#9300);
#9300 = CARTESIAN_POINT('',(-0.658216096558,4.2505,5.611919483637));
#9301 = B_SPLINE_CURVE_WITH_KNOTS('',1,(#9302,#9303),.UNSPECIFIED.,.F.,
  .F.,(2,2),(-0.,1.E-03),.PIECEWISE_BEZIER_KNOTS.);
#9302 = CARTESIAN_POINT('',(-0.658216096558,4.2505,5.611919483637));
#9303 = CARTESIAN_POINT('',(-0.658216096558,4.2495,5.611919483637));
#9304 = ORIENTED_EDGE('',*,*,#9305,.F.);
#9305 = EDGE_CURVE('',#9277,#9299,#9306,.T.);
#9306 = B_SPLINE_CURVE_WITH_KNOTS('',1,(#9307,#9308),.UNSPECIFIED.,.F.,
  .F.,(2,2),(-2.339455311681E-02,0.),.PIECEWISE_BEZIER_KNOTS.);
#9307 = CARTESIAN_POINT('',(-0.658050178212,4.2505,5.588525518889));
#9308 = CARTESIAN_POINT('',(-0.658216096558,4.2505,5.611919483637));
#9309 = ORIENTED_EDGE('',*,*,#9276,.T.);
#9310 = B_SPLINE_SURFACE_WITH_KNOTS('',1,1,(
    (#9311,#9312)
    ,(#9313,#9314
    )),.UNSPECIFIED.,.F.,.F.,.F.,(2,2),(2,2),(-2.476220891929E-20,
    2.339455311681E-02),(-1.E-03,7.209003261315E-35),
  .PIECEWISE_BEZIER_KNOTS.);
#9311 = CARTESIAN_POINT('',(-0.658216096558,4.2495,5.611919483637));
#9312 = CARTESIAN_POINT('',(-0.658216096558,4.2505,5.611919483637));
#9313 = CARTESIAN_POINT('',(-0.658050178212,4.2495,5.588525518889));
#9314 = CARTESIAN_POINT('',(-0.658050178212,4.2505,5.588525518889));
#9315 = ADVANCED_FACE('',(#9316),#9332,.F.);
#9316 = FACE_BOUND('',#9317,.T.);
#9317 = EDGE_LOOP('',(#9318,#9319,#9326,#9331));
#9318 = ORIENTED_EDGE('',*,*,#2471,.T.);
#9319 = ORIENTED_EDGE('',*,*,#9320,.F.);
#9320 = EDGE_CURVE('',#9321,#2465,#9323,.T.);
#9321 = VERTEX_POINT('',#9322);
#9322 = CARTESIAN_POINT('',(-0.553463121074,4.2505,5.612662429123));
#9323 = B_SPLINE_CURVE_WITH_KNOTS('',1,(#9324,#9325),.UNSPECIFIED.,.F.,
  .F.,(2,2),(-0.,1.E-03),.PIECEWISE_BEZIER_KNOTS.);
#9324 = CARTESIAN_POINT('',(-0.553463121074,4.2505,5.612662429123));
#9325 = CARTESIAN_POINT('',(-0.553463121074,4.2495,5.612662429123));
#9326 = ORIENTED_EDGE('',*,*,#9327,.F.);
#9327 = EDGE_CURVE('',#9299,#9321,#9328,.T.);
#9328 = B_SPLINE_CURVE_WITH_KNOTS('',1,(#9329,#9330),.UNSPECIFIED.,.F.,
  .F.,(2,2),(-0.104755610069,0.),.PIECEWISE_BEZIER_KNOTS.);
#9329 = CARTESIAN_POINT('',(-0.658216096558,4.2505,5.611919483637));
#9330 = CARTESIAN_POINT('',(-0.553463121074,4.2505,5.612662429123));
#9331 = ORIENTED_EDGE('',*,*,#9298,.T.);
#9332 = B_SPLINE_SURFACE_WITH_KNOTS('',1,1,(
    (#9333,#9334)
    ,(#9335,#9336
    )),.UNSPECIFIED.,.F.,.F.,.F.,(2,2),(2,2),(-0.,0.104755610069),(
    -1.E-03,4.628250397606E-33),.PIECEWISE_BEZIER_KNOTS.);
#9333 = CARTESIAN_POINT('',(-0.553463121074,4.2495,5.612662429123));
#9334 = CARTESIAN_POINT('',(-0.553463121074,4.2505,5.612662429123));
#9335 = CARTESIAN_POINT('',(-0.658216096558,4.2495,5.611919483637));
#9336 = CARTESIAN_POINT('',(-0.658216096558,4.2505,5.611919483637));
#9337 = ADVANCED_FACE('',(#9338),#9354,.F.);
#9338 = FACE_BOUND('',#9339,.T.);
#9339 = EDGE_LOOP('',(#9340,#9341,#9348,#9353));
#9340 = ORIENTED_EDGE('',*,*,#2464,.T.);
#9341 = ORIENTED_EDGE('',*,*,#9342,.F.);
#9342 = EDGE_CURVE('',#9343,#2458,#9345,.T.);
#9343 = VERTEX_POINT('',#9344);
#9344 = CARTESIAN_POINT('',(-0.552020737578,4.2505,5.409290895577));
#9345 = B_SPLINE_CURVE_WITH_KNOTS('',1,(#9346,#9347),.UNSPECIFIED.,.F.,
  .F.,(2,2),(-0.,1.E-03),.PIECEWISE_BEZIER_KNOTS.);
#9346 = CARTESIAN_POINT('',(-0.552020737578,4.2505,5.409290895577));
#9347 = CARTESIAN_POINT('',(-0.552020737578,4.2495,5.409290895577));
#9348 = ORIENTED_EDGE('',*,*,#9349,.F.);
#9349 = EDGE_CURVE('',#9321,#9343,#9350,.T.);
#9350 = B_SPLINE_CURVE_WITH_KNOTS('',1,(#9351,#9352),.UNSPECIFIED.,.F.,
  .F.,(2,2),(-0.203376648431,0.),.PIECEWISE_BEZIER_KNOTS.);
#9351 = CARTESIAN_POINT('',(-0.553463121074,4.2505,5.612662429123));
#9352 = CARTESIAN_POINT('',(-0.552020737578,4.2505,5.409290895577));
#9353 = ORIENTED_EDGE('',*,*,#9320,.T.);
#9354 = B_SPLINE_SURFACE_WITH_KNOTS('',1,1,(
    (#9355,#9356)
    ,(#9357,#9358
    )),.UNSPECIFIED.,.F.,.F.,.F.,(2,2),(2,2),(0.,0.203376648431),(
    -1.E-03,9.090389337508E-32),.PIECEWISE_BEZIER_KNOTS.);
#9355 = CARTESIAN_POINT('',(-0.552020737578,4.2495,5.409290895577));
#9356 = CARTESIAN_POINT('',(-0.552020737578,4.2505,5.409290895577));
#9357 = CARTESIAN_POINT('',(-0.553463121074,4.2495,5.612662429123));
#9358 = CARTESIAN_POINT('',(-0.553463121074,4.2505,5.612662429123));
#9359 = ADVANCED_FACE('',(#9360),#9370,.F.);
#9360 = FACE_BOUND('',#9361,.T.);
#9361 = EDGE_LOOP('',(#9362,#9363,#9364,#9369));
#9362 = ORIENTED_EDGE('',*,*,#2457,.T.);
#9363 = ORIENTED_EDGE('',*,*,#9130,.F.);
#9364 = ORIENTED_EDGE('',*,*,#9365,.F.);
#9365 = EDGE_CURVE('',#9343,#9124,#9366,.T.);
#9366 = B_SPLINE_CURVE_WITH_KNOTS('',1,(#9367,#9368),.UNSPECIFIED.,.F.,
  .F.,(2,2),(-0.109382532797,-0.),.PIECEWISE_BEZIER_KNOTS.);
#9367 = CARTESIAN_POINT('',(-0.552020737578,4.2505,5.409290895577));
#9368 = CARTESIAN_POINT('',(-0.661400519425,4.2505,5.408515135128));
#9369 = ORIENTED_EDGE('',*,*,#9342,.T.);
#9370 = B_SPLINE_SURFACE_WITH_KNOTS('',1,1,(
    (#9371,#9372)
    ,(#9373,#9374
    )),.UNSPECIFIED.,.F.,.F.,.F.,(2,2),(2,2),(-3.491393528737E-18,
    0.109382532797),(-1.E-03,3.695378080793E-33),
  .PIECEWISE_BEZIER_KNOTS.);
#9371 = CARTESIAN_POINT('',(-0.661400519425,4.2495,5.408515135128));
#9372 = CARTESIAN_POINT('',(-0.661400519425,4.2505,5.408515135128));
#9373 = CARTESIAN_POINT('',(-0.552020737578,4.2495,5.409290895577));
#9374 = CARTESIAN_POINT('',(-0.552020737578,4.2505,5.409290895577));
#9375 = ADVANCED_FACE('',(#9376),#9390,.F.);
#9376 = FACE_BOUND('',#9377,.T.);
#9377 = EDGE_LOOP('',(#9378,#9379,#9380,#9381,#9382,#9383,#9384,#9385,
    #9386,#9387,#9388,#9389));
#9378 = ORIENTED_EDGE('',*,*,#9123,.T.);
#9379 = ORIENTED_EDGE('',*,*,#9151,.T.);
#9380 = ORIENTED_EDGE('',*,*,#9173,.T.);
#9381 = ORIENTED_EDGE('',*,*,#9195,.T.);
#9382 = ORIENTED_EDGE('',*,*,#9217,.T.);
#9383 = ORIENTED_EDGE('',*,*,#9239,.T.);
#9384 = ORIENTED_EDGE('',*,*,#9261,.T.);
#9385 = ORIENTED_EDGE('',*,*,#9283,.T.);
#9386 = ORIENTED_EDGE('',*,*,#9305,.T.);
#9387 = ORIENTED_EDGE('',*,*,#9327,.T.);
#9388 = ORIENTED_EDGE('',*,*,#9349,.T.);
#9389 = ORIENTED_EDGE('',*,*,#9365,.T.);
#9390 = B_SPLINE_SURFACE_WITH_KNOTS('',1,1,(
    (#9391,#9392)
    ,(#9393,#9394
    )),.UNSPECIFIED.,.F.,.F.,.F.,(2,2),(2,2),(2.387337670877,
    2.591484964872),(-0.611564962942,-0.502020737578),
  .PIECEWISE_BEZIER_KNOTS.);
#9391 = CARTESIAN_POINT('',(-0.661564962942,4.2505,5.612662429123));
#9392 = CARTESIAN_POINT('',(-0.552020737578,4.2505,5.612662429123));
#9393 = CARTESIAN_POINT('',(-0.661564962942,4.2505,5.408515135128));
#9394 = CARTESIAN_POINT('',(-0.552020737578,4.2505,5.408515135128));
#9395 = ADVANCED_FACE('',(#9396,#9455),#9514,.T.);
#9396 = FACE_BOUND('',#9397,.T.);
#9397 = EDGE_LOOP('',(#9398,#9407,#9416,#9425,#9434,#9443,#9450));
#9398 = ORIENTED_EDGE('',*,*,#9399,.T.);
#9399 = EDGE_CURVE('',#9400,#9402,#9404,.T.);
#9400 = VERTEX_POINT('',#9401);
#9401 = CARTESIAN_POINT('',(-0.699818608201,4.2505,5.408242660332));
#9402 = VERTEX_POINT('',#9403);
#9403 = CARTESIAN_POINT('',(-0.755756177244,4.2505,5.407845931129));
#9404 = B_SPLINE_CURVE_WITH_KNOTS('',1,(#9405,#9406),.UNSPECIFIED.,.F.,
  .F.,(2,2),(-5.593897589787E-02,-1.078699503216E-16),
  .PIECEWISE_BEZIER_KNOTS.);
#9405 = CARTESIAN_POINT('',(-0.699818608201,4.2505,5.408242660332));
#9406 = CARTESIAN_POINT('',(-0.755756177244,4.2505,5.407845931129));
#9407 = ORIENTED_EDGE('',*,*,#9408,.T.);
#9408 = EDGE_CURVE('',#9402,#9409,#9411,.T.);
#9409 = VERTEX_POINT('',#9410);
#9410 = CARTESIAN_POINT('',(-0.834925856592,4.2505,5.435774514936));
#9411 = B_SPLINE_CURVE_WITH_KNOTS('',3,(#9412,#9413,#9414,#9415),
  .UNSPECIFIED.,.F.,.F.,(4,4),(5.,6.),.PIECEWISE_BEZIER_KNOTS.);
#9412 = CARTESIAN_POINT('',(-0.755756177244,4.2505,5.407845931129));
#9413 = CARTESIAN_POINT('',(-0.78793587542,4.2505,5.407617701225));
#9414 = CARTESIAN_POINT('',(-0.814360180457,4.2505,5.41689232563));
#9415 = CARTESIAN_POINT('',(-0.834925856592,4.2505,5.435774514936));
#9416 = ORIENTED_EDGE('',*,*,#9417,.T.);
#9417 = EDGE_CURVE('',#9409,#9418,#9420,.T.);
#9418 = VERTEX_POINT('',#9419);
#9419 = CARTESIAN_POINT('',(-0.866135519151,4.2505,5.511353423332));
#9420 = B_SPLINE_CURVE_WITH_KNOTS('',3,(#9421,#9422,#9423,#9424),
  .UNSPECIFIED.,.F.,.F.,(4,4),(4.,5.),.PIECEWISE_BEZIER_KNOTS.);
#9421 = CARTESIAN_POINT('',(-0.834925856592,4.2505,5.435774514936));
#9422 = CARTESIAN_POINT('',(-0.855491532728,4.2505,5.454656704242));
#9423 = CARTESIAN_POINT('',(-0.865912082444,4.2505,5.479849550804));
#9424 = CARTESIAN_POINT('',(-0.866135519151,4.2505,5.511353423332));
#9425 = ORIENTED_EDGE('',*,*,#9426,.T.);
#9426 = EDGE_CURVE('',#9418,#9427,#9429,.T.);
#9427 = VERTEX_POINT('',#9428);
#9428 = CARTESIAN_POINT('',(-0.835975197959,4.2505,5.583728345323));
#9429 = B_SPLINE_CURVE_WITH_KNOTS('',3,(#9430,#9431,#9432,#9433),
  .UNSPECIFIED.,.F.,.F.,(4,4),(3.,4.),.PIECEWISE_BEZIER_KNOTS.);
#9430 = CARTESIAN_POINT('',(-0.866135519151,4.2505,5.511353423332));
#9431 = CARTESIAN_POINT('',(-0.866349369465,4.2505,5.541505644564));
#9432 = CARTESIAN_POINT('',(-0.856278354399,4.2505,5.565596083738));
#9433 = CARTESIAN_POINT('',(-0.835975197959,4.2505,5.583728345323));
#9434 = ORIENTED_EDGE('',*,*,#9435,.T.);
#9435 = EDGE_CURVE('',#9427,#9436,#9438,.T.);
#9436 = VERTEX_POINT('',#9437);
#9437 = CARTESIAN_POINT('',(-0.759278024272,4.2505,5.611202716378));
#9438 = B_SPLINE_CURVE_WITH_KNOTS('',3,(#9439,#9440,#9441,#9442),
  .UNSPECIFIED.,.F.,.F.,(4,4),(2.,3.),.PIECEWISE_BEZIER_KNOTS.);
#9439 = CARTESIAN_POINT('',(-0.835975197959,4.2505,5.583728345323));
#9440 = CARTESIAN_POINT('',(-0.815672041519,4.2505,5.601860606907));
#9441 = CARTESIAN_POINT('',(-0.790106071151,4.2505,5.610984072868));
#9442 = CARTESIAN_POINT('',(-0.759278024272,4.2505,5.611202716378));
#9443 = ORIENTED_EDGE('',*,*,#9444,.T.);
#9444 = EDGE_CURVE('',#9436,#9445,#9447,.T.);
#9445 = VERTEX_POINT('',#9446);
#9446 = CARTESIAN_POINT('',(-0.701260991696,4.2505,5.611614193878));
#9447 = B_SPLINE_CURVE_WITH_KNOTS('',1,(#9448,#9449),.UNSPECIFIED.,.F.,
  .F.,(2,2),(-5.801849172952E-02,0.),.PIECEWISE_BEZIER_KNOTS.);
#9448 = CARTESIAN_POINT('',(-0.759278024272,4.2505,5.611202716378));
#9449 = CARTESIAN_POINT('',(-0.701260991696,4.2505,5.611614193878));
#9450 = ORIENTED_EDGE('',*,*,#9451,.T.);
#9451 = EDGE_CURVE('',#9445,#9400,#9452,.T.);
#9452 = B_SPLINE_CURVE_WITH_KNOTS('',1,(#9453,#9454),.UNSPECIFIED.,.F.,
  .F.,(2,2),(-0.203376648431,0.),.PIECEWISE_BEZIER_KNOTS.);
#9453 = CARTESIAN_POINT('',(-0.701260991696,4.2505,5.611614193878));
#9454 = CARTESIAN_POINT('',(-0.699818608201,4.2505,5.408242660332));
#9455 = FACE_BOUND('',#9456,.T.);
#9456 = EDGE_LOOP('',(#9457,#9466,#9473,#9482,#9491,#9500,#9509));
#9457 = ORIENTED_EDGE('',*,*,#9458,.F.);
#9458 = EDGE_CURVE('',#9459,#9461,#9463,.T.);
#9459 = VERTEX_POINT('',#9460);
#9460 = CARTESIAN_POINT('',(-0.727348300455,4.2505,5.588034031874));
#9461 = VERTEX_POINT('',#9462);
#9462 = CARTESIAN_POINT('',(-0.726236278824,4.2505,5.431242481471));
#9463 = B_SPLINE_CURVE_WITH_KNOTS('',1,(#9464,#9465),.UNSPECIFIED.,.F.,
  .F.,(2,2),(0.,0.156795493781),.PIECEWISE_BEZIER_KNOTS.);
#9464 = CARTESIAN_POINT('',(-0.727348300455,4.2505,5.588034031874));
#9465 = CARTESIAN_POINT('',(-0.726236278824,4.2505,5.431242481471));
#9466 = ORIENTED_EDGE('',*,*,#9467,.F.);
#9467 = EDGE_CURVE('',#9468,#9459,#9470,.T.);
#9468 = VERTEX_POINT('',#9469);
#9469 = CARTESIAN_POINT('',(-0.758072374158,4.2505,5.587816125779));
#9470 = B_SPLINE_CURVE_WITH_KNOTS('',1,(#9471,#9472),.UNSPECIFIED.,.F.,
  .F.,(2,2),(-3.149559950603E-18,3.072484642681E-02),
  .PIECEWISE_BEZIER_KNOTS.);
#9471 = CARTESIAN_POINT('',(-0.758072374158,4.2505,5.587816125779));
#9472 = CARTESIAN_POINT('',(-0.727348300455,4.2505,5.588034031874));
#9473 = ORIENTED_EDGE('',*,*,#9474,.F.);
#9474 = EDGE_CURVE('',#9475,#9468,#9477,.T.);
#9475 = VERTEX_POINT('',#9476);
#9476 = CARTESIAN_POINT('',(-0.816629548045,4.2505,5.568268790576));
#9477 = B_SPLINE_CURVE_WITH_KNOTS('',3,(#9478,#9479,#9480,#9481),
  .UNSPECIFIED.,.F.,.F.,(4,4),(5.,6.),.PIECEWISE_BEZIER_KNOTS.);
#9478 = CARTESIAN_POINT('',(-0.816629548045,4.2505,5.568268790576));
#9479 = CARTESIAN_POINT('',(-0.801852085813,4.2505,5.581162941632));
#9480 = CARTESIAN_POINT('',(-0.78229812432,4.2505,5.587644308113));
#9481 = CARTESIAN_POINT('',(-0.758072374158,4.2505,5.587816125779));
#9482 = ORIENTED_EDGE('',*,*,#9483,.F.);
#9483 = EDGE_CURVE('',#9484,#9475,#9486,.T.);
#9484 = VERTEX_POINT('',#9485);
#9485 = CARTESIAN_POINT('',(-0.838525478842,4.2505,5.510821394746));
#9486 = B_SPLINE_CURVE_WITH_KNOTS('',3,(#9487,#9488,#9489,#9490),
  .UNSPECIFIED.,.F.,.F.,(4,4),(4.,5.),.PIECEWISE_BEZIER_KNOTS.);
#9487 = CARTESIAN_POINT('',(-0.838525478842,4.2505,5.510821394746));
#9488 = CARTESIAN_POINT('',(-0.838705408072,4.2505,5.536190849851));
#9489 = CARTESIAN_POINT('',(-0.831407010278,4.2505,5.555374639519));
#9490 = CARTESIAN_POINT('',(-0.816629548045,4.2505,5.568268790576));
#9491 = ORIENTED_EDGE('',*,*,#9492,.F.);
#9492 = EDGE_CURVE('',#9493,#9484,#9495,.T.);
#9493 = VERTEX_POINT('',#9494);
#9494 = CARTESIAN_POINT('',(-0.816375495858,4.2505,5.451814776935));
#9495 = B_SPLINE_CURVE_WITH_KNOTS('',3,(#9496,#9497,#9498,#9499),
  .UNSPECIFIED.,.F.,.F.,(4,4),(3.,4.),.PIECEWISE_BEZIER_KNOTS.);
#9496 = CARTESIAN_POINT('',(-0.816375495858,4.2505,5.451814776935));
#9497 = CARTESIAN_POINT('',(-0.83097930501,4.2505,5.46574828641));
#9498 = CARTESIAN_POINT('',(-0.838345549613,4.2505,5.485451939641));
#9499 = CARTESIAN_POINT('',(-0.838525478842,4.2505,5.510821394746));
#9500 = ORIENTED_EDGE('',*,*,#9501,.F.);
#9501 = EDGE_CURVE('',#9502,#9493,#9504,.T.);
#9502 = VERTEX_POINT('',#9503);
#9503 = CARTESIAN_POINT('',(-0.755764660995,4.2505,5.431033055647));
#9504 = B_SPLINE_CURVE_WITH_KNOTS('',3,(#9505,#9506,#9507,#9508),
  .UNSPECIFIED.,.F.,.F.,(4,4),(2.,3.),.PIECEWISE_BEZIER_KNOTS.);
#9505 = CARTESIAN_POINT('',(-0.755764660995,4.2505,5.431033055647));
#9506 = CARTESIAN_POINT('',(-0.781601995395,4.2505,5.43084980805));
#9507 = CARTESIAN_POINT('',(-0.801822935879,4.2505,5.437776925576));
#9508 = CARTESIAN_POINT('',(-0.816375495858,4.2505,5.451814776935));
#9509 = ORIENTED_EDGE('',*,*,#9510,.F.);
#9510 = EDGE_CURVE('',#9461,#9502,#9511,.T.);
#9511 = B_SPLINE_CURVE_WITH_KNOTS('',1,(#9512,#9513),.UNSPECIFIED.,.F.,
  .F.,(2,2),(0.,2.952912482302E-02),.PIECEWISE_BEZIER_KNOTS.);
#9512 = CARTESIAN_POINT('',(-0.726236278824,4.2505,5.431242481471));
#9513 = CARTESIAN_POINT('',(-0.755764660995,4.2505,5.431033055647));
#9514 = B_SPLINE_SURFACE_WITH_KNOTS('',1,1,(
    (#9515,#9516)
    ,(#9517,#9518
    )),.UNSPECIFIED.,.F.,.F.,.F.,(2,2),(2,2),(-0.196565436403,
    7.431056250012E-03),(-6.477592443479E-02,0.101754836829),
  .PIECEWISE_BEZIER_KNOTS.);
#9515 = CARTESIAN_POINT('',(-0.866349369465,4.2505,5.407617701225));
#9516 = CARTESIAN_POINT('',(-0.699818608201,4.2505,5.407617701225));
#9517 = CARTESIAN_POINT('',(-0.866349369465,4.2505,5.611614193878));
#9518 = CARTESIAN_POINT('',(-0.699818608201,4.2505,5.611614193878));
#9519 = ADVANCED_FACE('',(#9520),#9534,.F.);
#9520 = FACE_BOUND('',#9521,.T.);
#9521 = EDGE_LOOP('',(#9522,#9523,#9528,#9529));
#9522 = ORIENTED_EDGE('',*,*,#3445,.T.);
#9523 = ORIENTED_EDGE('',*,*,#9524,.F.);
#9524 = EDGE_CURVE('',#9402,#3435,#9525,.T.);
#9525 = B_SPLINE_CURVE_WITH_KNOTS('',1,(#9526,#9527),.UNSPECIFIED.,.F.,
  .F.,(2,2),(-0.,1.E-03),.PIECEWISE_BEZIER_KNOTS.);
#9526 = CARTESIAN_POINT('',(-0.755756177244,4.2505,5.407845931129));
#9527 = CARTESIAN_POINT('',(-0.755756177244,4.2495,5.407845931129));
#9528 = ORIENTED_EDGE('',*,*,#9399,.F.);
#9529 = ORIENTED_EDGE('',*,*,#9530,.T.);
#9530 = EDGE_CURVE('',#9400,#3446,#9531,.T.);
#9531 = B_SPLINE_CURVE_WITH_KNOTS('',1,(#9532,#9533),.UNSPECIFIED.,.F.,
  .F.,(2,2),(-0.,1.E-03),.PIECEWISE_BEZIER_KNOTS.);
#9532 = CARTESIAN_POINT('',(-0.699818608201,4.2505,5.408242660332));
#9533 = CARTESIAN_POINT('',(-0.699818608201,4.2495,5.408242660332));
#9534 = B_SPLINE_SURFACE_WITH_KNOTS('',1,1,(
    (#9535,#9536)
    ,(#9537,#9538
    )),.UNSPECIFIED.,.F.,.F.,.F.,(2,2),(2,2),(1.075281167435E-16,
    5.593897589787E-02),(-1.E-03,8.881784197001E-16),
  .PIECEWISE_BEZIER_KNOTS.);
#9535 = CARTESIAN_POINT('',(-0.755756177244,4.2495,5.407845931129));
#9536 = CARTESIAN_POINT('',(-0.755756177244,4.2505,5.407845931129));
#9537 = CARTESIAN_POINT('',(-0.699818608201,4.2495,5.408242660332));
#9538 = CARTESIAN_POINT('',(-0.699818608201,4.2505,5.408242660332));
#9539 = ADVANCED_FACE('',(#9540),#9550,.F.);
#9540 = FACE_BOUND('',#9541,.F.);
#9541 = EDGE_LOOP('',(#9542,#9543,#9544,#9549));
#9542 = ORIENTED_EDGE('',*,*,#9524,.F.);
#9543 = ORIENTED_EDGE('',*,*,#9408,.T.);
#9544 = ORIENTED_EDGE('',*,*,#9545,.T.);
#9545 = EDGE_CURVE('',#9409,#3437,#9546,.T.);
#9546 = B_SPLINE_CURVE_WITH_KNOTS('',1,(#9547,#9548),.UNSPECIFIED.,.F.,
  .F.,(2,2),(-0.,1.E-03),.PIECEWISE_BEZIER_KNOTS.);
#9547 = CARTESIAN_POINT('',(-0.834925856592,4.2505,5.435774514936));
#9548 = CARTESIAN_POINT('',(-0.834925856592,4.2495,5.435774514936));
#9549 = ORIENTED_EDGE('',*,*,#3434,.F.);
#9550 = B_SPLINE_SURFACE_WITH_KNOTS('',3,1,(
    (#9551,#9552)
    ,(#9553,#9554)
    ,(#9555,#9556)
    ,(#9557,#9558
    )),.UNSPECIFIED.,.F.,.F.,.F.,(4,4),(2,2),(5.,6.),(0.,1.),
  .PIECEWISE_BEZIER_KNOTS.);
#9551 = CARTESIAN_POINT('',(-0.755756177244,4.2505,5.407845931129));
#9552 = CARTESIAN_POINT('',(-0.755756177244,4.2495,5.407845931129));
#9553 = CARTESIAN_POINT('',(-0.78793587542,4.2505,5.407617701225));
#9554 = CARTESIAN_POINT('',(-0.78793587542,4.2495,5.407617701225));
#9555 = CARTESIAN_POINT('',(-0.814360180457,4.2505,5.41689232563));
#9556 = CARTESIAN_POINT('',(-0.814360180457,4.2495,5.41689232563));
#9557 = CARTESIAN_POINT('',(-0.834925856592,4.2505,5.435774514936));
#9558 = CARTESIAN_POINT('',(-0.834925856592,4.2495,5.435774514936));
#9559 = ADVANCED_FACE('',(#9560),#9570,.F.);
#9560 = FACE_BOUND('',#9561,.F.);
#9561 = EDGE_LOOP('',(#9562,#9563,#9564,#9569));
#9562 = ORIENTED_EDGE('',*,*,#9545,.F.);
#9563 = ORIENTED_EDGE('',*,*,#9417,.T.);
#9564 = ORIENTED_EDGE('',*,*,#9565,.T.);
#9565 = EDGE_CURVE('',#9418,#3476,#9566,.T.);
#9566 = B_SPLINE_CURVE_WITH_KNOTS('',1,(#9567,#9568),.UNSPECIFIED.,.F.,
  .F.,(2,2),(-0.,1.E-03),.PIECEWISE_BEZIER_KNOTS.);
#9567 = CARTESIAN_POINT('',(-0.866135519151,4.2505,5.511353423332));
#9568 = CARTESIAN_POINT('',(-0.866135519151,4.2495,5.511353423332));
#9569 = ORIENTED_EDGE('',*,*,#3484,.F.);
#9570 = B_SPLINE_SURFACE_WITH_KNOTS('',3,1,(
    (#9571,#9572)
    ,(#9573,#9574)
    ,(#9575,#9576)
    ,(#9577,#9578
    )),.UNSPECIFIED.,.F.,.F.,.F.,(4,4),(2,2),(4.,5.),(0.,1.),
  .PIECEWISE_BEZIER_KNOTS.);
#9571 = CARTESIAN_POINT('',(-0.834925856592,4.2505,5.435774514936));
#9572 = CARTESIAN_POINT('',(-0.834925856592,4.2495,5.435774514936));
#9573 = CARTESIAN_POINT('',(-0.855491532728,4.2505,5.454656704242));
#9574 = CARTESIAN_POINT('',(-0.855491532728,4.2495,5.454656704242));
#9575 = CARTESIAN_POINT('',(-0.865912082444,4.2505,5.479849550804));
#9576 = CARTESIAN_POINT('',(-0.865912082444,4.2495,5.479849550804));
#9577 = CARTESIAN_POINT('',(-0.866135519151,4.2505,5.511353423332));
#9578 = CARTESIAN_POINT('',(-0.866135519151,4.2495,5.511353423332));
#9579 = ADVANCED_FACE('',(#9580),#9590,.F.);
#9580 = FACE_BOUND('',#9581,.F.);
#9581 = EDGE_LOOP('',(#9582,#9583,#9584,#9589));
#9582 = ORIENTED_EDGE('',*,*,#9565,.F.);
#9583 = ORIENTED_EDGE('',*,*,#9426,.T.);
#9584 = ORIENTED_EDGE('',*,*,#9585,.T.);
#9585 = EDGE_CURVE('',#9427,#3467,#9586,.T.);
#9586 = B_SPLINE_CURVE_WITH_KNOTS('',1,(#9587,#9588),.UNSPECIFIED.,.F.,
  .F.,(2,2),(-0.,1.E-03),.PIECEWISE_BEZIER_KNOTS.);
#9587 = CARTESIAN_POINT('',(-0.835975197959,4.2505,5.583728345323));
#9588 = CARTESIAN_POINT('',(-0.835975197959,4.2495,5.583728345323));
#9589 = ORIENTED_EDGE('',*,*,#3475,.F.);
#9590 = B_SPLINE_SURFACE_WITH_KNOTS('',3,1,(
    (#9591,#9592)
    ,(#9593,#9594)
    ,(#9595,#9596)
    ,(#9597,#9598
    )),.UNSPECIFIED.,.F.,.F.,.F.,(4,4),(2,2),(3.,4.),(0.,1.),
  .PIECEWISE_BEZIER_KNOTS.);
#9591 = CARTESIAN_POINT('',(-0.866135519151,4.2505,5.511353423332));
#9592 = CARTESIAN_POINT('',(-0.866135519151,4.2495,5.511353423332));
#9593 = CARTESIAN_POINT('',(-0.866349369465,4.2505,5.541505644564));
#9594 = CARTESIAN_POINT('',(-0.866349369465,4.2495,5.541505644564));
#9595 = CARTESIAN_POINT('',(-0.856278354399,4.2505,5.565596083738));
#9596 = CARTESIAN_POINT('',(-0.856278354399,4.2495,5.565596083738));
#9597 = CARTESIAN_POINT('',(-0.835975197959,4.2505,5.583728345323));
#9598 = CARTESIAN_POINT('',(-0.835975197959,4.2495,5.583728345323));
#9599 = ADVANCED_FACE('',(#9600),#9610,.F.);
#9600 = FACE_BOUND('',#9601,.F.);
#9601 = EDGE_LOOP('',(#9602,#9603,#9604,#9609));
#9602 = ORIENTED_EDGE('',*,*,#9585,.F.);
#9603 = ORIENTED_EDGE('',*,*,#9435,.T.);
#9604 = ORIENTED_EDGE('',*,*,#9605,.T.);
#9605 = EDGE_CURVE('',#9436,#3460,#9606,.T.);
#9606 = B_SPLINE_CURVE_WITH_KNOTS('',1,(#9607,#9608),.UNSPECIFIED.,.F.,
  .F.,(2,2),(-0.,1.E-03),.PIECEWISE_BEZIER_KNOTS.);
#9607 = CARTESIAN_POINT('',(-0.759278024272,4.2505,5.611202716378));
#9608 = CARTESIAN_POINT('',(-0.759278024272,4.2495,5.611202716378));
#9609 = ORIENTED_EDGE('',*,*,#3466,.F.);
#9610 = B_SPLINE_SURFACE_WITH_KNOTS('',3,1,(
    (#9611,#9612)
    ,(#9613,#9614)
    ,(#9615,#9616)
    ,(#9617,#9618
    )),.UNSPECIFIED.,.F.,.F.,.F.,(4,4),(2,2),(2.,3.),(0.,1.),
  .PIECEWISE_BEZIER_KNOTS.);
#9611 = CARTESIAN_POINT('',(-0.835975197959,4.2505,5.583728345323));
#9612 = CARTESIAN_POINT('',(-0.835975197959,4.2495,5.583728345323));
#9613 = CARTESIAN_POINT('',(-0.815672041519,4.2505,5.601860606907));
#9614 = CARTESIAN_POINT('',(-0.815672041519,4.2495,5.601860606907));
#9615 = CARTESIAN_POINT('',(-0.790106071151,4.2505,5.610984072868));
#9616 = CARTESIAN_POINT('',(-0.790106071151,4.2495,5.610984072868));
#9617 = CARTESIAN_POINT('',(-0.759278024272,4.2505,5.611202716378));
#9618 = CARTESIAN_POINT('',(-0.759278024272,4.2495,5.611202716378));
#9619 = ADVANCED_FACE('',(#9620),#9630,.F.);
#9620 = FACE_BOUND('',#9621,.T.);
#9621 = EDGE_LOOP('',(#9622,#9623,#9628,#9629));
#9622 = ORIENTED_EDGE('',*,*,#3459,.T.);
#9623 = ORIENTED_EDGE('',*,*,#9624,.F.);
#9624 = EDGE_CURVE('',#9445,#3453,#9625,.T.);
#9625 = B_SPLINE_CURVE_WITH_KNOTS('',1,(#9626,#9627),.UNSPECIFIED.,.F.,
  .F.,(2,2),(-0.,1.E-03),.PIECEWISE_BEZIER_KNOTS.);
#9626 = CARTESIAN_POINT('',(-0.701260991696,4.2505,5.611614193878));
#9627 = CARTESIAN_POINT('',(-0.701260991696,4.2495,5.611614193878));
#9628 = ORIENTED_EDGE('',*,*,#9444,.F.);
#9629 = ORIENTED_EDGE('',*,*,#9605,.T.);
#9630 = B_SPLINE_SURFACE_WITH_KNOTS('',1,1,(
    (#9631,#9632)
    ,(#9633,#9634
    )),.UNSPECIFIED.,.F.,.F.,.F.,(2,2),(2,2),(-7.802861318562E-16,
    5.801849172952E-02),(-1.E-03,2.226856498198E-33),
  .PIECEWISE_BEZIER_KNOTS.);
#9631 = CARTESIAN_POINT('',(-0.701260991696,4.2495,5.611614193878));
#9632 = CARTESIAN_POINT('',(-0.701260991696,4.2505,5.611614193878));
#9633 = CARTESIAN_POINT('',(-0.759278024272,4.2495,5.611202716378));
#9634 = CARTESIAN_POINT('',(-0.759278024272,4.2505,5.611202716378));
#9635 = ADVANCED_FACE('',(#9636),#9642,.F.);
#9636 = FACE_BOUND('',#9637,.T.);
#9637 = EDGE_LOOP('',(#9638,#9639,#9640,#9641));
#9638 = ORIENTED_EDGE('',*,*,#3452,.T.);
#9639 = ORIENTED_EDGE('',*,*,#9530,.F.);
#9640 = ORIENTED_EDGE('',*,*,#9451,.F.);
#9641 = ORIENTED_EDGE('',*,*,#9624,.T.);
#9642 = B_SPLINE_SURFACE_WITH_KNOTS('',1,1,(
    (#9643,#9644)
    ,(#9645,#9646
    )),.UNSPECIFIED.,.F.,.F.,.F.,(2,2),(2,2),(0.,0.203376648431),(
    -1.E-03,9.090389337508E-32),.PIECEWISE_BEZIER_KNOTS.);
#9643 = CARTESIAN_POINT('',(-0.699818608201,4.2495,5.408242660332));
#9644 = CARTESIAN_POINT('',(-0.699818608201,4.2505,5.408242660332));
#9645 = CARTESIAN_POINT('',(-0.701260991696,4.2495,5.611614193878));
#9646 = CARTESIAN_POINT('',(-0.701260991696,4.2505,5.611614193878));
#9647 = ADVANCED_FACE('',(#9648),#9670,.T.);
#9648 = FACE_BOUND('',#9649,.T.);
#9649 = EDGE_LOOP('',(#9650,#9659,#9664,#9665));
#9650 = ORIENTED_EDGE('',*,*,#9651,.F.);
#9651 = EDGE_CURVE('',#9652,#9654,#9656,.T.);
#9652 = VERTEX_POINT('',#9653);
#9653 = CARTESIAN_POINT('',(-0.758072374158,4.2495,5.587816125779));
#9654 = VERTEX_POINT('',#9655);
#9655 = CARTESIAN_POINT('',(-0.727348300455,4.2495,5.588034031874));
#9656 = B_SPLINE_CURVE_WITH_KNOTS('',1,(#9657,#9658),.UNSPECIFIED.,.F.,
  .F.,(2,2),(-3.149559950603E-18,3.072484642681E-02),
  .PIECEWISE_BEZIER_KNOTS.);
#9657 = CARTESIAN_POINT('',(-0.758072374158,4.2495,5.587816125779));
#9658 = CARTESIAN_POINT('',(-0.727348300455,4.2495,5.588034031874));
#9659 = ORIENTED_EDGE('',*,*,#9660,.F.);
#9660 = EDGE_CURVE('',#9468,#9652,#9661,.T.);
#9661 = B_SPLINE_CURVE_WITH_KNOTS('',1,(#9662,#9663),.UNSPECIFIED.,.F.,
  .F.,(2,2),(-0.,1.E-03),.PIECEWISE_BEZIER_KNOTS.);
#9662 = CARTESIAN_POINT('',(-0.758072374158,4.2505,5.587816125779));
#9663 = CARTESIAN_POINT('',(-0.758072374158,4.2495,5.587816125779));
#9664 = ORIENTED_EDGE('',*,*,#9467,.T.);
#9665 = ORIENTED_EDGE('',*,*,#9666,.T.);
#9666 = EDGE_CURVE('',#9459,#9654,#9667,.T.);
#9667 = B_SPLINE_CURVE_WITH_KNOTS('',1,(#9668,#9669),.UNSPECIFIED.,.F.,
  .F.,(2,2),(-0.,9.999999999994E-04),.PIECEWISE_BEZIER_KNOTS.);
#9668 = CARTESIAN_POINT('',(-0.727348300455,4.2505,5.588034031874));
#9669 = CARTESIAN_POINT('',(-0.727348300455,4.2495,5.588034031874));
#9670 = B_SPLINE_SURFACE_WITH_KNOTS('',1,1,(
    (#9671,#9672)
    ,(#9673,#9674
    )),.UNSPECIFIED.,.F.,.F.,.F.,(2,2),(2,2),(-3.072484642681E-02,
    3.491393528737E-18),(-1.E-03,8.881784197001E-16),
  .PIECEWISE_BEZIER_KNOTS.);
#9671 = CARTESIAN_POINT('',(-0.727348300455,4.2495,5.588034031874));
#9672 = CARTESIAN_POINT('',(-0.727348300455,4.2505,5.588034031874));
#9673 = CARTESIAN_POINT('',(-0.758072374158,4.2495,5.587816125779));
#9674 = CARTESIAN_POINT('',(-0.758072374158,4.2505,5.587816125779));
#9675 = ADVANCED_FACE('',(#9676),#9692,.T.);
#9676 = FACE_BOUND('',#9677,.T.);
#9677 = EDGE_LOOP('',(#9678,#9685,#9686,#9687));
#9678 = ORIENTED_EDGE('',*,*,#9679,.F.);
#9679 = EDGE_CURVE('',#9654,#9680,#9682,.T.);
#9680 = VERTEX_POINT('',#9681);
#9681 = CARTESIAN_POINT('',(-0.726236278824,4.2495,5.431242481471));
#9682 = B_SPLINE_CURVE_WITH_KNOTS('',1,(#9683,#9684),.UNSPECIFIED.,.F.,
  .F.,(2,2),(-7.873899876514E-19,0.156795493781),
  .PIECEWISE_BEZIER_KNOTS.);
#9683 = CARTESIAN_POINT('',(-0.727348300455,4.2495,5.588034031874));
#9684 = CARTESIAN_POINT('',(-0.726236278824,4.2495,5.431242481471));
#9685 = ORIENTED_EDGE('',*,*,#9666,.F.);
#9686 = ORIENTED_EDGE('',*,*,#9458,.T.);
#9687 = ORIENTED_EDGE('',*,*,#9688,.T.);
#9688 = EDGE_CURVE('',#9461,#9680,#9689,.T.);
#9689 = B_SPLINE_CURVE_WITH_KNOTS('',1,(#9690,#9691),.UNSPECIFIED.,.F.,
  .F.,(2,2),(-0.,9.999999999994E-04),.PIECEWISE_BEZIER_KNOTS.);
#9690 = CARTESIAN_POINT('',(-0.726236278824,4.2505,5.431242481471));
#9691 = CARTESIAN_POINT('',(-0.726236278824,4.2495,5.431242481471));
#9692 = B_SPLINE_SURFACE_WITH_KNOTS('',1,1,(
    (#9693,#9694)
    ,(#9695,#9696
    )),.UNSPECIFIED.,.F.,.F.,.F.,(2,2),(2,2),(-0.156795493781,
    7.873899876514E-19),(-1.E-03,1.779559268614E-31),
  .PIECEWISE_BEZIER_KNOTS.);
#9693 = CARTESIAN_POINT('',(-0.726236278824,4.2495,5.431242481471));
#9694 = CARTESIAN_POINT('',(-0.726236278824,4.2505,5.431242481471));
#9695 = CARTESIAN_POINT('',(-0.727348300455,4.2495,5.588034031874));
#9696 = CARTESIAN_POINT('',(-0.727348300455,4.2505,5.588034031874));
#9697 = ADVANCED_FACE('',(#9698),#9714,.T.);
#9698 = FACE_BOUND('',#9699,.T.);
#9699 = EDGE_LOOP('',(#9700,#9707,#9708,#9709));
#9700 = ORIENTED_EDGE('',*,*,#9701,.F.);
#9701 = EDGE_CURVE('',#9680,#9702,#9704,.T.);
#9702 = VERTEX_POINT('',#9703);
#9703 = CARTESIAN_POINT('',(-0.755764660995,4.2495,5.431033055647));
#9704 = B_SPLINE_CURVE_WITH_KNOTS('',1,(#9705,#9706),.UNSPECIFIED.,.F.,
  .F.,(2,2),(0.,2.952912482302E-02),.PIECEWISE_BEZIER_KNOTS.);
#9705 = CARTESIAN_POINT('',(-0.726236278824,4.2495,5.431242481471));
#9706 = CARTESIAN_POINT('',(-0.755764660995,4.2495,5.431033055647));
#9707 = ORIENTED_EDGE('',*,*,#9688,.F.);
#9708 = ORIENTED_EDGE('',*,*,#9510,.T.);
#9709 = ORIENTED_EDGE('',*,*,#9710,.T.);
#9710 = EDGE_CURVE('',#9502,#9702,#9711,.T.);
#9711 = B_SPLINE_CURVE_WITH_KNOTS('',1,(#9712,#9713),.UNSPECIFIED.,.F.,
  .F.,(2,2),(-0.,9.999999999994E-04),.PIECEWISE_BEZIER_KNOTS.);
#9712 = CARTESIAN_POINT('',(-0.755764660995,4.2505,5.431033055647));
#9713 = CARTESIAN_POINT('',(-0.755764660995,4.2495,5.431033055647));
#9714 = B_SPLINE_SURFACE_WITH_KNOTS('',1,1,(
    (#9715,#9716)
    ,(#9717,#9718
    )),.UNSPECIFIED.,.F.,.F.,.F.,(2,2),(2,2),(-2.952912482302E-02,0.),(
    -1.E-03,2.132663464808E-36),.PIECEWISE_BEZIER_KNOTS.);
#9715 = CARTESIAN_POINT('',(-0.755764660995,4.2495,5.431033055647));
#9716 = CARTESIAN_POINT('',(-0.755764660995,4.2505,5.431033055647));
#9717 = CARTESIAN_POINT('',(-0.726236278824,4.2495,5.431242481471));
#9718 = CARTESIAN_POINT('',(-0.726236278824,4.2505,5.431242481471));
#9719 = ADVANCED_FACE('',(#9720),#9738,.T.);
#9720 = FACE_BOUND('',#9721,.T.);
#9721 = EDGE_LOOP('',(#9722,#9731,#9732,#9733));
#9722 = ORIENTED_EDGE('',*,*,#9723,.F.);
#9723 = EDGE_CURVE('',#9702,#9724,#9726,.T.);
#9724 = VERTEX_POINT('',#9725);
#9725 = CARTESIAN_POINT('',(-0.816375495858,4.2495,5.451814776935));
#9726 = B_SPLINE_CURVE_WITH_KNOTS('',3,(#9727,#9728,#9729,#9730),
  .UNSPECIFIED.,.F.,.F.,(4,4),(2.,3.),.PIECEWISE_BEZIER_KNOTS.);
#9727 = CARTESIAN_POINT('',(-0.755764660995,4.2495,5.431033055647));
#9728 = CARTESIAN_POINT('',(-0.781601995395,4.2495,5.43084980805));
#9729 = CARTESIAN_POINT('',(-0.801822935879,4.2495,5.437776925576));
#9730 = CARTESIAN_POINT('',(-0.816375495858,4.2495,5.451814776935));
#9731 = ORIENTED_EDGE('',*,*,#9710,.F.);
#9732 = ORIENTED_EDGE('',*,*,#9501,.T.);
#9733 = ORIENTED_EDGE('',*,*,#9734,.T.);
#9734 = EDGE_CURVE('',#9493,#9724,#9735,.T.);
#9735 = B_SPLINE_CURVE_WITH_KNOTS('',1,(#9736,#9737),.UNSPECIFIED.,.F.,
  .F.,(2,2),(-0.,1.E-03),.PIECEWISE_BEZIER_KNOTS.);
#9736 = CARTESIAN_POINT('',(-0.816375495858,4.2505,5.451814776935));
#9737 = CARTESIAN_POINT('',(-0.816375495858,4.2495,5.451814776935));
#9738 = B_SPLINE_SURFACE_WITH_KNOTS('',3,1,(
    (#9739,#9740)
    ,(#9741,#9742)
    ,(#9743,#9744)
    ,(#9745,#9746
    )),.UNSPECIFIED.,.F.,.F.,.F.,(4,4),(2,2),(2.,3.),(0.,1.),
  .PIECEWISE_BEZIER_KNOTS.);
#9739 = CARTESIAN_POINT('',(-0.755764660995,4.2505,5.431033055647));
#9740 = CARTESIAN_POINT('',(-0.755764660995,4.2495,5.431033055647));
#9741 = CARTESIAN_POINT('',(-0.781601995395,4.2505,5.43084980805));
#9742 = CARTESIAN_POINT('',(-0.781601995395,4.2495,5.43084980805));
#9743 = CARTESIAN_POINT('',(-0.801822935879,4.2505,5.437776925576));
#9744 = CARTESIAN_POINT('',(-0.801822935879,4.2495,5.437776925576));
#9745 = CARTESIAN_POINT('',(-0.816375495858,4.2505,5.451814776935));
#9746 = CARTESIAN_POINT('',(-0.816375495858,4.2495,5.451814776935));
#9747 = ADVANCED_FACE('',(#9748),#9766,.T.);
#9748 = FACE_BOUND('',#9749,.T.);
#9749 = EDGE_LOOP('',(#9750,#9759,#9760,#9761));
#9750 = ORIENTED_EDGE('',*,*,#9751,.F.);
#9751 = EDGE_CURVE('',#9724,#9752,#9754,.T.);
#9752 = VERTEX_POINT('',#9753);
#9753 = CARTESIAN_POINT('',(-0.838525478842,4.2495,5.510821394746));
#9754 = B_SPLINE_CURVE_WITH_KNOTS('',3,(#9755,#9756,#9757,#9758),
  .UNSPECIFIED.,.F.,.F.,(4,4),(3.,4.),.PIECEWISE_BEZIER_KNOTS.);
#9755 = CARTESIAN_POINT('',(-0.816375495858,4.2495,5.451814776935));
#9756 = CARTESIAN_POINT('',(-0.83097930501,4.2495,5.46574828641));
#9757 = CARTESIAN_POINT('',(-0.838345549613,4.2495,5.485451939641));
#9758 = CARTESIAN_POINT('',(-0.838525478842,4.2495,5.510821394746));
#9759 = ORIENTED_EDGE('',*,*,#9734,.F.);
#9760 = ORIENTED_EDGE('',*,*,#9492,.T.);
#9761 = ORIENTED_EDGE('',*,*,#9762,.T.);
#9762 = EDGE_CURVE('',#9484,#9752,#9763,.T.);
#9763 = B_SPLINE_CURVE_WITH_KNOTS('',1,(#9764,#9765),.UNSPECIFIED.,.F.,
  .F.,(2,2),(-0.,1.E-03),.PIECEWISE_BEZIER_KNOTS.);
#9764 = CARTESIAN_POINT('',(-0.838525478842,4.2505,5.510821394746));
#9765 = CARTESIAN_POINT('',(-0.838525478842,4.2495,5.510821394746));
#9766 = B_SPLINE_SURFACE_WITH_KNOTS('',3,1,(
    (#9767,#9768)
    ,(#9769,#9770)
    ,(#9771,#9772)
    ,(#9773,#9774
    )),.UNSPECIFIED.,.F.,.F.,.F.,(4,4),(2,2),(3.,4.),(0.,1.),
  .PIECEWISE_BEZIER_KNOTS.);
#9767 = CARTESIAN_POINT('',(-0.816375495858,4.2505,5.451814776935));
#9768 = CARTESIAN_POINT('',(-0.816375495858,4.2495,5.451814776935));
#9769 = CARTESIAN_POINT('',(-0.83097930501,4.2505,5.46574828641));
#9770 = CARTESIAN_POINT('',(-0.83097930501,4.2495,5.46574828641));
#9771 = CARTESIAN_POINT('',(-0.838345549613,4.2505,5.485451939641));
#9772 = CARTESIAN_POINT('',(-0.838345549613,4.2495,5.485451939641));
#9773 = CARTESIAN_POINT('',(-0.838525478842,4.2505,5.510821394746));
#9774 = CARTESIAN_POINT('',(-0.838525478842,4.2495,5.510821394746));
#9775 = ADVANCED_FACE('',(#9776),#9794,.T.);
#9776 = FACE_BOUND('',#9777,.T.);
#9777 = EDGE_LOOP('',(#9778,#9787,#9788,#9789));
#9778 = ORIENTED_EDGE('',*,*,#9779,.F.);
#9779 = EDGE_CURVE('',#9752,#9780,#9782,.T.);
#9780 = VERTEX_POINT('',#9781);
#9781 = CARTESIAN_POINT('',(-0.816629548045,4.2495,5.568268790576));
#9782 = B_SPLINE_CURVE_WITH_KNOTS('',3,(#9783,#9784,#9785,#9786),
  .UNSPECIFIED.,.F.,.F.,(4,4),(4.,5.),.PIECEWISE_BEZIER_KNOTS.);
#9783 = CARTESIAN_POINT('',(-0.838525478842,4.2495,5.510821394746));
#9784 = CARTESIAN_POINT('',(-0.838705408072,4.2495,5.536190849851));
#9785 = CARTESIAN_POINT('',(-0.831407010278,4.2495,5.555374639519));
#9786 = CARTESIAN_POINT('',(-0.816629548045,4.2495,5.568268790576));
#9787 = ORIENTED_EDGE('',*,*,#9762,.F.);
#9788 = ORIENTED_EDGE('',*,*,#9483,.T.);
#9789 = ORIENTED_EDGE('',*,*,#9790,.T.);
#9790 = EDGE_CURVE('',#9475,#9780,#9791,.T.);
#9791 = B_SPLINE_CURVE_WITH_KNOTS('',1,(#9792,#9793),.UNSPECIFIED.,.F.,
  .F.,(2,2),(-0.,1.E-03),.PIECEWISE_BEZIER_KNOTS.);
#9792 = CARTESIAN_POINT('',(-0.816629548045,4.2505,5.568268790576));
#9793 = CARTESIAN_POINT('',(-0.816629548045,4.2495,5.568268790576));
#9794 = B_SPLINE_SURFACE_WITH_KNOTS('',3,1,(
    (#9795,#9796)
    ,(#9797,#9798)
    ,(#9799,#9800)
    ,(#9801,#9802
    )),.UNSPECIFIED.,.F.,.F.,.F.,(4,4),(2,2),(4.,5.),(0.,1.),
  .PIECEWISE_BEZIER_KNOTS.);
#9795 = CARTESIAN_POINT('',(-0.838525478842,4.2505,5.510821394746));
#9796 = CARTESIAN_POINT('',(-0.838525478842,4.2495,5.510821394746));
#9797 = CARTESIAN_POINT('',(-0.838705408072,4.2505,5.536190849851));
#9798 = CARTESIAN_POINT('',(-0.838705408072,4.2495,5.536190849851));
#9799 = CARTESIAN_POINT('',(-0.831407010278,4.2505,5.555374639519));
#9800 = CARTESIAN_POINT('',(-0.831407010278,4.2495,5.555374639519));
#9801 = CARTESIAN_POINT('',(-0.816629548045,4.2505,5.568268790576));
#9802 = CARTESIAN_POINT('',(-0.816629548045,4.2495,5.568268790576));
#9803 = ADVANCED_FACE('',(#9804),#9816,.T.);
#9804 = FACE_BOUND('',#9805,.T.);
#9805 = EDGE_LOOP('',(#9806,#9813,#9814,#9815));
#9806 = ORIENTED_EDGE('',*,*,#9807,.F.);
#9807 = EDGE_CURVE('',#9780,#9652,#9808,.T.);
#9808 = B_SPLINE_CURVE_WITH_KNOTS('',3,(#9809,#9810,#9811,#9812),
  .UNSPECIFIED.,.F.,.F.,(4,4),(5.,6.),.PIECEWISE_BEZIER_KNOTS.);
#9809 = CARTESIAN_POINT('',(-0.816629548045,4.2495,5.568268790576));
#9810 = CARTESIAN_POINT('',(-0.801852085813,4.2495,5.581162941632));
#9811 = CARTESIAN_POINT('',(-0.78229812432,4.2495,5.587644308113));
#9812 = CARTESIAN_POINT('',(-0.758072374158,4.2495,5.587816125779));
#9813 = ORIENTED_EDGE('',*,*,#9790,.F.);
#9814 = ORIENTED_EDGE('',*,*,#9474,.T.);
#9815 = ORIENTED_EDGE('',*,*,#9660,.T.);
#9816 = B_SPLINE_SURFACE_WITH_KNOTS('',3,1,(
    (#9817,#9818)
    ,(#9819,#9820)
    ,(#9821,#9822)
    ,(#9823,#9824
    )),.UNSPECIFIED.,.F.,.F.,.F.,(4,4),(2,2),(5.,6.),(0.,1.),
  .PIECEWISE_BEZIER_KNOTS.);
#9817 = CARTESIAN_POINT('',(-0.816629548045,4.2505,5.568268790576));
#9818 = CARTESIAN_POINT('',(-0.816629548045,4.2495,5.568268790576));
#9819 = CARTESIAN_POINT('',(-0.801852085813,4.2505,5.581162941632));
#9820 = CARTESIAN_POINT('',(-0.801852085813,4.2495,5.581162941632));
#9821 = CARTESIAN_POINT('',(-0.78229812432,4.2505,5.587644308113));
#9822 = CARTESIAN_POINT('',(-0.78229812432,4.2495,5.587644308113));
#9823 = CARTESIAN_POINT('',(-0.758072374158,4.2505,5.587816125779));
#9824 = CARTESIAN_POINT('',(-0.758072374158,4.2495,5.587816125779));
#9825 = ADVANCED_FACE('',(#9826),#9835,.T.);
#9826 = FACE_BOUND('',#9827,.T.);
#9827 = EDGE_LOOP('',(#9828,#9829,#9830,#9831,#9832,#9833,#9834));
#9828 = ORIENTED_EDGE('',*,*,#9651,.T.);
#9829 = ORIENTED_EDGE('',*,*,#9679,.T.);
#9830 = ORIENTED_EDGE('',*,*,#9701,.T.);
#9831 = ORIENTED_EDGE('',*,*,#9723,.T.);
#9832 = ORIENTED_EDGE('',*,*,#9751,.T.);
#9833 = ORIENTED_EDGE('',*,*,#9779,.T.);
#9834 = ORIENTED_EDGE('',*,*,#9807,.T.);
#9835 = B_SPLINE_SURFACE_WITH_KNOTS('',1,1,(
    (#9836,#9837)
    ,(#9838,#9839
    )),.UNSPECIFIED.,.F.,.F.,.F.,(2,2),(2,2),(1.93084970805,
    2.088033931874),(2.961294591928,3.073763721176),
  .PIECEWISE_BEZIER_KNOTS.);
#9836 = CARTESIAN_POINT('',(-0.838705408072,4.2495,5.43084980805));
#9837 = CARTESIAN_POINT('',(-0.726236278824,4.2495,5.43084980805));
#9838 = CARTESIAN_POINT('',(-0.838705408072,4.2495,5.588034031874));
#9839 = CARTESIAN_POINT('',(-0.726236278824,4.2495,5.588034031874));
#9840 = ADVANCED_FACE('',(#9841,#9899),#9947,.F.);
#9841 = FACE_BOUND('',#9842,.T.);
#9842 = EDGE_LOOP('',(#9843,#9852,#9859,#9866,#9873,#9880,#9887,#9894));
#9843 = ORIENTED_EDGE('',*,*,#9844,.T.);
#9844 = EDGE_CURVE('',#9845,#9847,#9849,.T.);
#9845 = VERTEX_POINT('',#9846);
#9846 = CARTESIAN_POINT('',(-1.05966977262,4.2505,5.40569046745));
#9847 = VERTEX_POINT('',#9848);
#9848 = CARTESIAN_POINT('',(-0.983652139504,4.2505,5.609611375078));
#9849 = B_SPLINE_CURVE_WITH_KNOTS('',1,(#9850,#9851),.UNSPECIFIED.,.F.,
  .F.,(2,2),(-0.217629081495,0.),.PIECEWISE_BEZIER_KNOTS.);
#9850 = CARTESIAN_POINT('',(-1.05966977262,4.2505,5.40569046745));
#9851 = CARTESIAN_POINT('',(-0.983652139504,4.2505,5.609611375078));
#9852 = ORIENTED_EDGE('',*,*,#9853,.T.);
#9853 = EDGE_CURVE('',#9847,#9854,#9856,.T.);
#9854 = VERTEX_POINT('',#9855);
#9855 = CARTESIAN_POINT('',(-0.955579381805,4.2505,5.609810477094));
#9856 = B_SPLINE_CURVE_WITH_KNOTS('',1,(#9857,#9858),.UNSPECIFIED.,.F.,
  .F.,(2,2),(-2.807346374184E-02,0.),.PIECEWISE_BEZIER_KNOTS.);
#9857 = CARTESIAN_POINT('',(-0.983652139504,4.2505,5.609611375078));
#9858 = CARTESIAN_POINT('',(-0.955579381805,4.2505,5.609810477094));
#9859 = ORIENTED_EDGE('',*,*,#9860,.T.);
#9860 = EDGE_CURVE('',#9854,#9861,#9863,.T.);
#9861 = VERTEX_POINT('',#9862);
#9862 = CARTESIAN_POINT('',(-0.876676981697,4.2505,5.40698831763));
#9863 = B_SPLINE_CURVE_WITH_KNOTS('',1,(#9864,#9865),.UNSPECIFIED.,.F.,
  .F.,(2,2),(-0.217629081496,0.),.PIECEWISE_BEZIER_KNOTS.);
#9864 = CARTESIAN_POINT('',(-0.955579381805,4.2505,5.609810477094));
#9865 = CARTESIAN_POINT('',(-0.876676981697,4.2505,5.40698831763));
#9866 = ORIENTED_EDGE('',*,*,#9867,.T.);
#9867 = EDGE_CURVE('',#9861,#9868,#9870,.T.);
#9868 = VERTEX_POINT('',#9869);
#9869 = CARTESIAN_POINT('',(-0.905685497986,4.2505,5.40678257888));
#9870 = B_SPLINE_CURVE_WITH_KNOTS('',1,(#9871,#9872),.UNSPECIFIED.,.F.,
  .F.,(2,2),(-2.900924586545E-02,-0.),.PIECEWISE_BEZIER_KNOTS.);
#9871 = CARTESIAN_POINT('',(-0.876676981697,4.2505,5.40698831763));
#9872 = CARTESIAN_POINT('',(-0.905685497986,4.2505,5.40678257888));
#9873 = ORIENTED_EDGE('',*,*,#9874,.T.);
#9874 = EDGE_CURVE('',#9868,#9875,#9877,.T.);
#9875 = VERTEX_POINT('',#9876);
#9876 = CARTESIAN_POINT('',(-0.925626972156,4.2505,5.462269594395));
#9877 = B_SPLINE_CURVE_WITH_KNOTS('',1,(#9878,#9879),.UNSPECIFIED.,.F.,
  .F.,(2,2),(-5.896160855076E-02,0.),.PIECEWISE_BEZIER_KNOTS.);
#9878 = CARTESIAN_POINT('',(-0.905685497986,4.2505,5.40678257888));
#9879 = CARTESIAN_POINT('',(-0.925626972156,4.2505,5.462269594395));
#9880 = ORIENTED_EDGE('',*,*,#9881,.T.);
#9881 = EDGE_CURVE('',#9875,#9882,#9884,.T.);
#9882 = VERTEX_POINT('',#9883);
#9883 = CARTESIAN_POINT('',(-1.010313124546,4.2505,5.461668969979));
#9884 = B_SPLINE_CURVE_WITH_KNOTS('',1,(#9885,#9886),.UNSPECIFIED.,.F.,
  .F.,(2,2),(-8.468828228455E-02,-0.),.PIECEWISE_BEZIER_KNOTS.);
#9885 = CARTESIAN_POINT('',(-0.925626972156,4.2505,5.462269594395));
#9886 = CARTESIAN_POINT('',(-1.010313124546,4.2505,5.461668969979));
#9887 = ORIENTED_EDGE('',*,*,#9888,.T.);
#9888 = EDGE_CURVE('',#9882,#9889,#9891,.T.);
#9889 = VERTEX_POINT('',#9890);
#9890 = CARTESIAN_POINT('',(-1.030661256333,4.2505,5.4058962062));
#9891 = B_SPLINE_CURVE_WITH_KNOTS('',1,(#9892,#9893),.UNSPECIFIED.,.F.,
  .F.,(2,2),(-5.936874301202E-02,0.),.PIECEWISE_BEZIER_KNOTS.);
#9892 = CARTESIAN_POINT('',(-1.010313124546,4.2505,5.461668969979));
#9893 = CARTESIAN_POINT('',(-1.030661256333,4.2505,5.4058962062));
#9894 = ORIENTED_EDGE('',*,*,#9895,.T.);
#9895 = EDGE_CURVE('',#9889,#9845,#9896,.T.);
#9896 = B_SPLINE_CURVE_WITH_KNOTS('',1,(#9897,#9898),.UNSPECIFIED.,.F.,
  .F.,(2,2),(-2.900924586407E-02,-0.),.PIECEWISE_BEZIER_KNOTS.);
#9897 = CARTESIAN_POINT('',(-1.030661256333,4.2505,5.4058962062));
#9898 = CARTESIAN_POINT('',(-1.05966977262,4.2505,5.40569046745));
#9899 = FACE_BOUND('',#9900,.T.);
#9900 = EDGE_LOOP('',(#9901,#9910,#9917,#9926,#9933,#9942));
#9901 = ORIENTED_EDGE('',*,*,#9902,.F.);
#9902 = EDGE_CURVE('',#9903,#9905,#9907,.T.);
#9903 = VERTEX_POINT('',#9904);
#9904 = CARTESIAN_POINT('',(-0.934107794978,4.2505,5.485188673247));
#9905 = VERTEX_POINT('',#9906);
#9906 = CARTESIAN_POINT('',(-1.002366185455,4.2505,5.484704560382));
#9907 = B_SPLINE_CURVE_WITH_KNOTS('',1,(#9908,#9909),.UNSPECIFIED.,.F.,
  .F.,(2,2),(0.,6.826010720606E-02),.PIECEWISE_BEZIER_KNOTS.);
#9908 = CARTESIAN_POINT('',(-0.934107794978,4.2505,5.485188673247));
#9909 = CARTESIAN_POINT('',(-1.002366185455,4.2505,5.484704560382));
#9910 = ORIENTED_EDGE('',*,*,#9911,.F.);
#9911 = EDGE_CURVE('',#9912,#9903,#9914,.T.);
#9912 = VERTEX_POINT('',#9913);
#9913 = CARTESIAN_POINT('',(-0.965119467443,4.2505,5.569503172021));
#9914 = B_SPLINE_CURVE_WITH_KNOTS('',1,(#9915,#9916),.UNSPECIFIED.,.F.,
  .F.,(2,2),(-4.93440461021E-16,8.983684395963E-02),
  .PIECEWISE_BEZIER_KNOTS.);
#9915 = CARTESIAN_POINT('',(-0.965119467443,4.2505,5.569503172021));
#9916 = CARTESIAN_POINT('',(-0.934107794978,4.2505,5.485188673247));
#9917 = ORIENTED_EDGE('',*,*,#9918,.F.);
#9918 = EDGE_CURVE('',#9919,#9912,#9921,.T.);
#9919 = VERTEX_POINT('',#9920);
#9920 = CARTESIAN_POINT('',(-0.968547634934,4.2505,5.583723899947));
#9921 = B_SPLINE_CURVE_WITH_KNOTS('',3,(#9922,#9923,#9924,#9925),
  .UNSPECIFIED.,.F.,.F.,(4,4),(3.,4.),.PIECEWISE_BEZIER_KNOTS.);
#9922 = CARTESIAN_POINT('',(-0.968547634934,4.2505,5.583723899947));
#9923 = CARTESIAN_POINT('',(-0.967516382278,4.2505,5.577596487965));
#9924 = CARTESIAN_POINT('',(-0.96639074284,4.2505,5.572821464695));
#9925 = CARTESIAN_POINT('',(-0.965119467443,4.2505,5.569503172021));
#9926 = ORIENTED_EDGE('',*,*,#9927,.F.);
#9927 = EDGE_CURVE('',#9928,#9919,#9930,.T.);
#9928 = VERTEX_POINT('',#9929);
#9929 = CARTESIAN_POINT('',(-0.969171473995,4.2505,5.583719475457));
#9930 = B_SPLINE_CURVE_WITH_KNOTS('',1,(#9931,#9932),.UNSPECIFIED.,.F.,
  .F.,(2,2),(1.078699503216E-16,6.238547504667E-04),
  .PIECEWISE_BEZIER_KNOTS.);
#9931 = CARTESIAN_POINT('',(-0.969171473995,4.2505,5.583719475457));
#9932 = CARTESIAN_POINT('',(-0.968547634934,4.2505,5.583723899947));
#9933 = ORIENTED_EDGE('',*,*,#9934,.F.);
#9934 = EDGE_CURVE('',#9935,#9928,#9937,.T.);
#9935 = VERTEX_POINT('',#9936);
#9936 = CARTESIAN_POINT('',(-0.972241630044,4.2505,5.569452659102));
#9937 = B_SPLINE_CURVE_WITH_KNOTS('',3,(#9938,#9939,#9940,#9941),
  .UNSPECIFIED.,.F.,.F.,(4,4),(1.,2.),.PIECEWISE_BEZIER_KNOTS.);
#9938 = CARTESIAN_POINT('',(-0.972241630044,4.2505,5.569452659102));
#9939 = CARTESIAN_POINT('',(-0.971273795068,4.2505,5.572266940313));
#9940 = CARTESIAN_POINT('',(-0.97026724697,4.2505,5.576953107412));
#9941 = CARTESIAN_POINT('',(-0.969171473995,4.2505,5.583719475457));
#9942 = ORIENTED_EDGE('',*,*,#9943,.F.);
#9943 = EDGE_CURVE('',#9905,#9935,#9944,.T.);
#9944 = B_SPLINE_CURVE_WITH_KNOTS('',1,(#9945,#9946),.UNSPECIFIED.,.F.,
  .F.,(2,2),(0.,8.994292120821E-02),.PIECEWISE_BEZIER_KNOTS.);
#9945 = CARTESIAN_POINT('',(-1.002366185455,4.2505,5.484704560382));
#9946 = CARTESIAN_POINT('',(-0.972241630044,4.2505,5.569452659102));
#9947 = B_SPLINE_SURFACE_WITH_KNOTS('',1,1,(
    (#9948,#9949)
    ,(#9950,#9951
    )),.UNSPECIFIED.,.F.,.F.,.F.,(2,2),(2,2),(2.390189622906,
    2.59430963255),(-1.00966977262,-0.826676981697),
  .PIECEWISE_BEZIER_KNOTS.);
#9948 = CARTESIAN_POINT('',(-1.05966977262,4.2505,5.609810477094));
#9949 = CARTESIAN_POINT('',(-0.876676981697,4.2505,5.609810477094));
#9950 = CARTESIAN_POINT('',(-1.05966977262,4.2505,5.40569046745));
#9951 = CARTESIAN_POINT('',(-0.876676981697,4.2505,5.40569046745));
#9952 = ADVANCED_FACE('',(#9953),#9967,.F.);
#9953 = FACE_BOUND('',#9954,.T.);
#9954 = EDGE_LOOP('',(#9955,#9956,#9961,#9962));
#9955 = ORIENTED_EDGE('',*,*,#2392,.T.);
#9956 = ORIENTED_EDGE('',*,*,#9957,.F.);
#9957 = EDGE_CURVE('',#9847,#2384,#9958,.T.);
#9958 = B_SPLINE_CURVE_WITH_KNOTS('',1,(#9959,#9960),.UNSPECIFIED.,.F.,
  .F.,(2,2),(-0.,1.E-03),.PIECEWISE_BEZIER_KNOTS.);
#9959 = CARTESIAN_POINT('',(-0.983652139504,4.2505,5.609611375078));
#9960 = CARTESIAN_POINT('',(-0.983652139504,4.2495,5.609611375078));
#9961 = ORIENTED_EDGE('',*,*,#9844,.F.);
#9962 = ORIENTED_EDGE('',*,*,#9963,.T.);
#9963 = EDGE_CURVE('',#9845,#2393,#9964,.T.);
#9964 = B_SPLINE_CURVE_WITH_KNOTS('',1,(#9965,#9966),.UNSPECIFIED.,.F.,
  .F.,(2,2),(-0.,1.E-03),.PIECEWISE_BEZIER_KNOTS.);
#9965 = CARTESIAN_POINT('',(-1.05966977262,4.2505,5.40569046745));
#9966 = CARTESIAN_POINT('',(-1.05966977262,4.2495,5.40569046745));
#9967 = B_SPLINE_SURFACE_WITH_KNOTS('',1,1,(
    (#9968,#9969)
    ,(#9970,#9971
    )),.UNSPECIFIED.,.F.,.F.,.F.,(2,2),(2,2),(-0.,0.217629081495),(
    -1.E-03,8.881784197001E-16),.PIECEWISE_BEZIER_KNOTS.);
#9968 = CARTESIAN_POINT('',(-0.983652139504,4.2495,5.609611375078));
#9969 = CARTESIAN_POINT('',(-0.983652139504,4.2505,5.609611375078));
#9970 = CARTESIAN_POINT('',(-1.05966977262,4.2495,5.40569046745));
#9971 = CARTESIAN_POINT('',(-1.05966977262,4.2505,5.40569046745));
#9972 = ADVANCED_FACE('',(#9973),#9983,.F.);
#9973 = FACE_BOUND('',#9974,.T.);
#9974 = EDGE_LOOP('',(#9975,#9976,#9981,#9982));
#9975 = ORIENTED_EDGE('',*,*,#2383,.T.);
#9976 = ORIENTED_EDGE('',*,*,#9977,.F.);
#9977 = EDGE_CURVE('',#9854,#2386,#9978,.T.);
#9978 = B_SPLINE_CURVE_WITH_KNOTS('',1,(#9979,#9980),.UNSPECIFIED.,.F.,
  .F.,(2,2),(-0.,1.E-03),.PIECEWISE_BEZIER_KNOTS.);
#9979 = CARTESIAN_POINT('',(-0.955579381805,4.2505,5.609810477094));
#9980 = CARTESIAN_POINT('',(-0.955579381805,4.2495,5.609810477094));
#9981 = ORIENTED_EDGE('',*,*,#9853,.F.);
#9982 = ORIENTED_EDGE('',*,*,#9957,.T.);
#9983 = B_SPLINE_SURFACE_WITH_KNOTS('',1,1,(
    (#9984,#9985)
    ,(#9986,#9987
    )),.UNSPECIFIED.,.F.,.F.,.F.,(2,2),(2,2),(-0.,2.807346374184E-02),(
    -1.E-03,3.26279615969E-33),.PIECEWISE_BEZIER_KNOTS.);
#9984 = CARTESIAN_POINT('',(-0.955579381805,4.2495,5.609810477094));
#9985 = CARTESIAN_POINT('',(-0.955579381805,4.2505,5.609810477094));
#9986 = CARTESIAN_POINT('',(-0.983652139504,4.2495,5.609611375078));
#9987 = CARTESIAN_POINT('',(-0.983652139504,4.2505,5.609611375078));
#9988 = ADVANCED_FACE('',(#9989),#9999,.F.);
#9989 = FACE_BOUND('',#9990,.T.);
#9990 = EDGE_LOOP('',(#9991,#9992,#9997,#9998));
#9991 = ORIENTED_EDGE('',*,*,#2434,.T.);
#9992 = ORIENTED_EDGE('',*,*,#9993,.F.);
#9993 = EDGE_CURVE('',#9861,#2428,#9994,.T.);
#9994 = B_SPLINE_CURVE_WITH_KNOTS('',1,(#9995,#9996),.UNSPECIFIED.,.F.,
  .F.,(2,2),(-0.,1.E-03),.PIECEWISE_BEZIER_KNOTS.);
#9995 = CARTESIAN_POINT('',(-0.876676981697,4.2505,5.40698831763));
#9996 = CARTESIAN_POINT('',(-0.876676981697,4.2495,5.40698831763));
#9997 = ORIENTED_EDGE('',*,*,#9860,.F.);
#9998 = ORIENTED_EDGE('',*,*,#9977,.T.);
#9999 = B_SPLINE_SURFACE_WITH_KNOTS('',1,1,(
    (#10000,#10001)
    ,(#10002,#10003
    )),.UNSPECIFIED.,.F.,.F.,.F.,(2,2),(2,2),(0.,0.217629081496),(
    -1.E-03,0.),.PIECEWISE_BEZIER_KNOTS.);
#10000 = CARTESIAN_POINT('',(-0.876676981697,4.2495,5.40698831763));
#10001 = CARTESIAN_POINT('',(-0.876676981697,4.2505,5.40698831763));
#10002 = CARTESIAN_POINT('',(-0.955579381805,4.2495,5.609810477094));
#10003 = CARTESIAN_POINT('',(-0.955579381805,4.2505,5.609810477094));
#10004 = ADVANCED_FACE('',(#10005),#10015,.F.);
#10005 = FACE_BOUND('',#10006,.T.);
#10006 = EDGE_LOOP('',(#10007,#10008,#10013,#10014));
#10007 = ORIENTED_EDGE('',*,*,#2427,.T.);
#10008 = ORIENTED_EDGE('',*,*,#10009,.F.);
#10009 = EDGE_CURVE('',#9868,#2421,#10010,.T.);
#10010 = B_SPLINE_CURVE_WITH_KNOTS('',1,(#10011,#10012),.UNSPECIFIED.,
  .F.,.F.,(2,2),(-0.,1.E-03),.PIECEWISE_BEZIER_KNOTS.);
#10011 = CARTESIAN_POINT('',(-0.905685497986,4.2505,5.40678257888));
#10012 = CARTESIAN_POINT('',(-0.905685497986,4.2495,5.40678257888));
#10013 = ORIENTED_EDGE('',*,*,#9867,.F.);
#10014 = ORIENTED_EDGE('',*,*,#9993,.T.);
#10015 = B_SPLINE_SURFACE_WITH_KNOTS('',1,1,(
    (#10016,#10017)
    ,(#10018,#10019
    )),.UNSPECIFIED.,.F.,.F.,.F.,(2,2),(2,2),(-3.491393528737E-18,
    2.900924586545E-02),(-1.E-03,0.),.PIECEWISE_BEZIER_KNOTS.);
#10016 = CARTESIAN_POINT('',(-0.905685497986,4.2495,5.40678257888));
#10017 = CARTESIAN_POINT('',(-0.905685497986,4.2505,5.40678257888));
#10018 = CARTESIAN_POINT('',(-0.876676981697,4.2495,5.40698831763));
#10019 = CARTESIAN_POINT('',(-0.876676981697,4.2505,5.40698831763));
#10020 = ADVANCED_FACE('',(#10021),#10031,.F.);
#10021 = FACE_BOUND('',#10022,.T.);
#10022 = EDGE_LOOP('',(#10023,#10024,#10029,#10030));
#10023 = ORIENTED_EDGE('',*,*,#2420,.T.);
#10024 = ORIENTED_EDGE('',*,*,#10025,.F.);
#10025 = EDGE_CURVE('',#9875,#2414,#10026,.T.);
#10026 = B_SPLINE_CURVE_WITH_KNOTS('',1,(#10027,#10028),.UNSPECIFIED.,
  .F.,.F.,(2,2),(-0.,1.E-03),.PIECEWISE_BEZIER_KNOTS.);
#10027 = CARTESIAN_POINT('',(-0.925626972156,4.2505,5.462269594395));
#10028 = CARTESIAN_POINT('',(-0.925626972156,4.2495,5.462269594395));
#10029 = ORIENTED_EDGE('',*,*,#9874,.F.);
#10030 = ORIENTED_EDGE('',*,*,#10009,.T.);
#10031 = B_SPLINE_SURFACE_WITH_KNOTS('',1,1,(
    (#10032,#10033)
    ,(#10034,#10035
    )),.UNSPECIFIED.,.F.,.F.,.F.,(2,2),(2,2),(-1.180857962412E-18,
    5.896160855076E-02),(-1.E-03,0.),.PIECEWISE_BEZIER_KNOTS.);
#10032 = CARTESIAN_POINT('',(-0.925626972156,4.2495,5.462269594395));
#10033 = CARTESIAN_POINT('',(-0.925626972156,4.2505,5.462269594395));
#10034 = CARTESIAN_POINT('',(-0.905685497986,4.2495,5.40678257888));
#10035 = CARTESIAN_POINT('',(-0.905685497986,4.2505,5.40678257888));
#10036 = ADVANCED_FACE('',(#10037),#10047,.F.);
#10037 = FACE_BOUND('',#10038,.T.);
#10038 = EDGE_LOOP('',(#10039,#10040,#10045,#10046));
#10039 = ORIENTED_EDGE('',*,*,#2413,.T.);
#10040 = ORIENTED_EDGE('',*,*,#10041,.F.);
#10041 = EDGE_CURVE('',#9882,#2407,#10042,.T.);
#10042 = B_SPLINE_CURVE_WITH_KNOTS('',1,(#10043,#10044),.UNSPECIFIED.,
  .F.,.F.,(2,2),(-0.,1.E-03),.PIECEWISE_BEZIER_KNOTS.);
#10043 = CARTESIAN_POINT('',(-1.010313124546,4.2505,5.461668969979));
#10044 = CARTESIAN_POINT('',(-1.010313124546,4.2495,5.461668969979));
#10045 = ORIENTED_EDGE('',*,*,#9881,.F.);
#10046 = ORIENTED_EDGE('',*,*,#10025,.T.);
#10047 = B_SPLINE_SURFACE_WITH_KNOTS('',1,1,(
    (#10048,#10049)
    ,(#10050,#10051
    )),.UNSPECIFIED.,.F.,.F.,.F.,(2,2),(2,2),(-3.491393528737E-18,
    8.468828228455E-02),(-1.E-03,9.44909378965E-34),
  .PIECEWISE_BEZIER_KNOTS.);
#10048 = CARTESIAN_POINT('',(-1.010313124546,4.2495,5.461668969979));
#10049 = CARTESIAN_POINT('',(-1.010313124546,4.2505,5.461668969979));
#10050 = CARTESIAN_POINT('',(-0.925626972156,4.2495,5.462269594395));
#10051 = CARTESIAN_POINT('',(-0.925626972156,4.2505,5.462269594395));
#10052 = ADVANCED_FACE('',(#10053),#10063,.F.);
#10053 = FACE_BOUND('',#10054,.T.);
#10054 = EDGE_LOOP('',(#10055,#10056,#10061,#10062));
#10055 = ORIENTED_EDGE('',*,*,#2406,.T.);
#10056 = ORIENTED_EDGE('',*,*,#10057,.F.);
#10057 = EDGE_CURVE('',#9889,#2400,#10058,.T.);
#10058 = B_SPLINE_CURVE_WITH_KNOTS('',1,(#10059,#10060),.UNSPECIFIED.,
  .F.,.F.,(2,2),(-0.,1.E-03),.PIECEWISE_BEZIER_KNOTS.);
#10059 = CARTESIAN_POINT('',(-1.030661256333,4.2505,5.4058962062));
#10060 = CARTESIAN_POINT('',(-1.030661256333,4.2495,5.4058962062));
#10061 = ORIENTED_EDGE('',*,*,#9888,.F.);
#10062 = ORIENTED_EDGE('',*,*,#10041,.T.);
#10063 = B_SPLINE_SURFACE_WITH_KNOTS('',1,1,(
    (#10064,#10065)
    ,(#10066,#10067
    )),.UNSPECIFIED.,.F.,.F.,.F.,(2,2),(2,2),(-1.196675536818E-18,
    5.936874301202E-02),(-1.000000000001E-03,0.),
  .PIECEWISE_BEZIER_KNOTS.);
#10064 = CARTESIAN_POINT('',(-1.030661256333,4.2495,5.4058962062));
#10065 = CARTESIAN_POINT('',(-1.030661256333,4.2505,5.4058962062));
#10066 = CARTESIAN_POINT('',(-1.010313124546,4.2495,5.461668969979));
#10067 = CARTESIAN_POINT('',(-1.010313124546,4.2505,5.461668969979));
#10068 = ADVANCED_FACE('',(#10069),#10075,.F.);
#10069 = FACE_BOUND('',#10070,.T.);
#10070 = EDGE_LOOP('',(#10071,#10072,#10073,#10074));
#10071 = ORIENTED_EDGE('',*,*,#2399,.T.);
#10072 = ORIENTED_EDGE('',*,*,#9963,.F.);
#10073 = ORIENTED_EDGE('',*,*,#9895,.F.);
#10074 = ORIENTED_EDGE('',*,*,#10057,.T.);
#10075 = B_SPLINE_SURFACE_WITH_KNOTS('',1,1,(
    (#10076,#10077)
    ,(#10078,#10079
    )),.UNSPECIFIED.,.F.,.F.,.F.,(2,2),(2,2),(-3.491393528737E-18,
    2.900924586407E-02),(-1.E-03,1.734841582718E-33),
  .PIECEWISE_BEZIER_KNOTS.);
#10076 = CARTESIAN_POINT('',(-1.05966977262,4.2495,5.40569046745));
#10077 = CARTESIAN_POINT('',(-1.05966977262,4.2505,5.40569046745));
#10078 = CARTESIAN_POINT('',(-1.030661256333,4.2495,5.4058962062));
#10079 = CARTESIAN_POINT('',(-1.030661256333,4.2505,5.4058962062));
#10080 = ADVANCED_FACE('',(#10081),#10103,.T.);
#10081 = FACE_BOUND('',#10082,.T.);
#10082 = EDGE_LOOP('',(#10083,#10092,#10097,#10098));
#10083 = ORIENTED_EDGE('',*,*,#10084,.F.);
#10084 = EDGE_CURVE('',#10085,#10087,#10089,.T.);
#10085 = VERTEX_POINT('',#10086);
#10086 = CARTESIAN_POINT('',(-0.934107794978,4.2495,5.485188673247));
#10087 = VERTEX_POINT('',#10088);
#10088 = CARTESIAN_POINT('',(-1.002366185455,4.2495,5.484704560382));
#10089 = B_SPLINE_CURVE_WITH_KNOTS('',1,(#10090,#10091),.UNSPECIFIED.,
  .F.,.F.,(2,2),(6.661170616334E-16,6.826010720606E-02),
  .PIECEWISE_BEZIER_KNOTS.);
#10090 = CARTESIAN_POINT('',(-0.934107794978,4.2495,5.485188673247));
#10091 = CARTESIAN_POINT('',(-1.002366185455,4.2495,5.484704560382));
#10092 = ORIENTED_EDGE('',*,*,#10093,.F.);
#10093 = EDGE_CURVE('',#9903,#10085,#10094,.T.);
#10094 = B_SPLINE_CURVE_WITH_KNOTS('',1,(#10095,#10096),.UNSPECIFIED.,
  .F.,.F.,(2,2),(-0.,1.E-03),.PIECEWISE_BEZIER_KNOTS.);
#10095 = CARTESIAN_POINT('',(-0.934107794978,4.2505,5.485188673247));
#10096 = CARTESIAN_POINT('',(-0.934107794978,4.2495,5.485188673247));
#10097 = ORIENTED_EDGE('',*,*,#9902,.T.);
#10098 = ORIENTED_EDGE('',*,*,#10099,.T.);
#10099 = EDGE_CURVE('',#9905,#10087,#10100,.T.);
#10100 = B_SPLINE_CURVE_WITH_KNOTS('',1,(#10101,#10102),.UNSPECIFIED.,
  .F.,.F.,(2,2),(-0.,9.999999999994E-04),.PIECEWISE_BEZIER_KNOTS.);
#10101 = CARTESIAN_POINT('',(-1.002366185455,4.2505,5.484704560382));
#10102 = CARTESIAN_POINT('',(-1.002366185455,4.2495,5.484704560382));
#10103 = B_SPLINE_SURFACE_WITH_KNOTS('',1,1,(
    (#10104,#10105)
    ,(#10106,#10107
    )),.UNSPECIFIED.,.F.,.F.,.F.,(2,2),(2,2),(-6.826010720606E-02,0.),(
    -1.E-03,4.89156113219E-33),.PIECEWISE_BEZIER_KNOTS.);
#10104 = CARTESIAN_POINT('',(-1.002366185455,4.2495,5.484704560382));
#10105 = CARTESIAN_POINT('',(-1.002366185455,4.2505,5.484704560382));
#10106 = CARTESIAN_POINT('',(-0.934107794978,4.2495,5.485188673247));
#10107 = CARTESIAN_POINT('',(-0.934107794978,4.2505,5.485188673247));
#10108 = ADVANCED_FACE('',(#10109),#10125,.T.);
#10109 = FACE_BOUND('',#10110,.T.);
#10110 = EDGE_LOOP('',(#10111,#10118,#10119,#10120));
#10111 = ORIENTED_EDGE('',*,*,#10112,.F.);
#10112 = EDGE_CURVE('',#10087,#10113,#10115,.T.);
#10113 = VERTEX_POINT('',#10114);
#10114 = CARTESIAN_POINT('',(-0.972241630044,4.2495,5.569452659102));
#10115 = B_SPLINE_CURVE_WITH_KNOTS('',1,(#10116,#10117),.UNSPECIFIED.,
  .F.,.F.,(2,2),(-3.71846662019E-17,8.994292120821E-02),
  .PIECEWISE_BEZIER_KNOTS.);
#10116 = CARTESIAN_POINT('',(-1.002366185455,4.2495,5.484704560382));
#10117 = CARTESIAN_POINT('',(-0.972241630044,4.2495,5.569452659102));
#10118 = ORIENTED_EDGE('',*,*,#10099,.F.);
#10119 = ORIENTED_EDGE('',*,*,#9943,.T.);
#10120 = ORIENTED_EDGE('',*,*,#10121,.T.);
#10121 = EDGE_CURVE('',#9935,#10113,#10122,.T.);
#10122 = B_SPLINE_CURVE_WITH_KNOTS('',1,(#10123,#10124),.UNSPECIFIED.,
  .F.,.F.,(2,2),(-0.,9.999999999994E-04),.PIECEWISE_BEZIER_KNOTS.);
#10123 = CARTESIAN_POINT('',(-0.972241630044,4.2505,5.569452659102));
#10124 = CARTESIAN_POINT('',(-0.972241630044,4.2495,5.569452659102));
#10125 = B_SPLINE_SURFACE_WITH_KNOTS('',1,1,(
    (#10126,#10127)
    ,(#10128,#10129
    )),.UNSPECIFIED.,.F.,.F.,.F.,(2,2),(2,2),(-8.994292120821E-02,
    3.71846662019E-17),(-1.E-03,0.),.PIECEWISE_BEZIER_KNOTS.);
#10126 = CARTESIAN_POINT('',(-0.972241630044,4.2495,5.569452659102));
#10127 = CARTESIAN_POINT('',(-0.972241630044,4.2505,5.569452659102));
#10128 = CARTESIAN_POINT('',(-1.002366185455,4.2495,5.484704560382));
#10129 = CARTESIAN_POINT('',(-1.002366185455,4.2505,5.484704560382));
#10130 = ADVANCED_FACE('',(#10131),#10149,.T.);
#10131 = FACE_BOUND('',#10132,.T.);
#10132 = EDGE_LOOP('',(#10133,#10142,#10143,#10144));
#10133 = ORIENTED_EDGE('',*,*,#10134,.F.);
#10134 = EDGE_CURVE('',#10113,#10135,#10137,.T.);
#10135 = VERTEX_POINT('',#10136);
#10136 = CARTESIAN_POINT('',(-0.969171473995,4.2495,5.583719475457));
#10137 = B_SPLINE_CURVE_WITH_KNOTS('',3,(#10138,#10139,#10140,#10141),
  .UNSPECIFIED.,.F.,.F.,(4,4),(1.,2.),.PIECEWISE_BEZIER_KNOTS.);
#10138 = CARTESIAN_POINT('',(-0.972241630044,4.2495,5.569452659102));
#10139 = CARTESIAN_POINT('',(-0.971273795068,4.2495,5.572266940313));
#10140 = CARTESIAN_POINT('',(-0.97026724697,4.2495,5.576953107412));
#10141 = CARTESIAN_POINT('',(-0.969171473995,4.2495,5.583719475457));
#10142 = ORIENTED_EDGE('',*,*,#10121,.F.);
#10143 = ORIENTED_EDGE('',*,*,#9934,.T.);
#10144 = ORIENTED_EDGE('',*,*,#10145,.T.);
#10145 = EDGE_CURVE('',#9928,#10135,#10146,.T.);
#10146 = B_SPLINE_CURVE_WITH_KNOTS('',1,(#10147,#10148),.UNSPECIFIED.,
  .F.,.F.,(2,2),(-0.,1.E-03),.PIECEWISE_BEZIER_KNOTS.);
#10147 = CARTESIAN_POINT('',(-0.969171473995,4.2505,5.583719475457));
#10148 = CARTESIAN_POINT('',(-0.969171473995,4.2495,5.583719475457));
#10149 = B_SPLINE_SURFACE_WITH_KNOTS('',3,1,(
    (#10150,#10151)
    ,(#10152,#10153)
    ,(#10154,#10155)
    ,(#10156,#10157
    )),.UNSPECIFIED.,.F.,.F.,.F.,(4,4),(2,2),(1.,2.),(0.,1.),
  .PIECEWISE_BEZIER_KNOTS.);
#10150 = CARTESIAN_POINT('',(-0.972241630044,4.2505,5.569452659102));
#10151 = CARTESIAN_POINT('',(-0.972241630044,4.2495,5.569452659102));
#10152 = CARTESIAN_POINT('',(-0.971273795068,4.2505,5.572266940313));
#10153 = CARTESIAN_POINT('',(-0.971273795068,4.2495,5.572266940313));
#10154 = CARTESIAN_POINT('',(-0.97026724697,4.2505,5.576953107412));
#10155 = CARTESIAN_POINT('',(-0.97026724697,4.2495,5.576953107412));
#10156 = CARTESIAN_POINT('',(-0.969171473995,4.2505,5.583719475457));
#10157 = CARTESIAN_POINT('',(-0.969171473995,4.2495,5.583719475457));
#10158 = ADVANCED_FACE('',(#10159),#10175,.T.);
#10159 = FACE_BOUND('',#10160,.T.);
#10160 = EDGE_LOOP('',(#10161,#10168,#10169,#10170));
#10161 = ORIENTED_EDGE('',*,*,#10162,.F.);
#10162 = EDGE_CURVE('',#10135,#10163,#10165,.T.);
#10163 = VERTEX_POINT('',#10164);
#10164 = CARTESIAN_POINT('',(-0.968547634934,4.2495,5.583723899947));
#10165 = B_SPLINE_CURVE_WITH_KNOTS('',1,(#10166,#10167),.UNSPECIFIED.,
  .F.,.F.,(2,2),(4.409284811383E-16,6.238547504669E-04),
  .PIECEWISE_BEZIER_KNOTS.);
#10166 = CARTESIAN_POINT('',(-0.969171473995,4.2495,5.583719475457));
#10167 = CARTESIAN_POINT('',(-0.968547634934,4.2495,5.583723899947));
#10168 = ORIENTED_EDGE('',*,*,#10145,.F.);
#10169 = ORIENTED_EDGE('',*,*,#9927,.T.);
#10170 = ORIENTED_EDGE('',*,*,#10171,.T.);
#10171 = EDGE_CURVE('',#9919,#10163,#10172,.T.);
#10172 = B_SPLINE_CURVE_WITH_KNOTS('',1,(#10173,#10174),.UNSPECIFIED.,
  .F.,.F.,(2,2),(-0.,9.999999999994E-04),.PIECEWISE_BEZIER_KNOTS.);
#10173 = CARTESIAN_POINT('',(-0.968547634934,4.2505,5.583723899947));
#10174 = CARTESIAN_POINT('',(-0.968547634934,4.2495,5.583723899947));
#10175 = B_SPLINE_SURFACE_WITH_KNOTS('',1,1,(
    (#10176,#10177)
    ,(#10178,#10179
    )),.UNSPECIFIED.,.F.,.F.,.F.,(2,2),(2,2),(-6.238547504669E-04,
    -1.075281167435E-16),(-1.E-03,8.881784197001E-16),
  .PIECEWISE_BEZIER_KNOTS.);
#10176 = CARTESIAN_POINT('',(-0.968547634934,4.2495,5.583723899947));
#10177 = CARTESIAN_POINT('',(-0.968547634934,4.2505,5.583723899947));
#10178 = CARTESIAN_POINT('',(-0.969171473995,4.2495,5.583719475457));
#10179 = CARTESIAN_POINT('',(-0.969171473995,4.2505,5.583719475457));
#10180 = ADVANCED_FACE('',(#10181),#10199,.T.);
#10181 = FACE_BOUND('',#10182,.T.);
#10182 = EDGE_LOOP('',(#10183,#10192,#10193,#10194));
#10183 = ORIENTED_EDGE('',*,*,#10184,.F.);
#10184 = EDGE_CURVE('',#10163,#10185,#10187,.T.);
#10185 = VERTEX_POINT('',#10186);
#10186 = CARTESIAN_POINT('',(-0.965119467443,4.2495,5.569503172021));
#10187 = B_SPLINE_CURVE_WITH_KNOTS('',3,(#10188,#10189,#10190,#10191),
  .UNSPECIFIED.,.F.,.F.,(4,4),(3.,4.),.PIECEWISE_BEZIER_KNOTS.);
#10188 = CARTESIAN_POINT('',(-0.968547634934,4.2495,5.583723899947));
#10189 = CARTESIAN_POINT('',(-0.967516382278,4.2495,5.577596487965));
#10190 = CARTESIAN_POINT('',(-0.96639074284,4.2495,5.572821464695));
#10191 = CARTESIAN_POINT('',(-0.965119467443,4.2495,5.569503172021));
#10192 = ORIENTED_EDGE('',*,*,#10171,.F.);
#10193 = ORIENTED_EDGE('',*,*,#9918,.T.);
#10194 = ORIENTED_EDGE('',*,*,#10195,.T.);
#10195 = EDGE_CURVE('',#9912,#10185,#10196,.T.);
#10196 = B_SPLINE_CURVE_WITH_KNOTS('',1,(#10197,#10198),.UNSPECIFIED.,
  .F.,.F.,(2,2),(8.881784197001E-16,1.E-03),.PIECEWISE_BEZIER_KNOTS.);
#10197 = CARTESIAN_POINT('',(-0.965119467443,4.2505,5.569503172021));
#10198 = CARTESIAN_POINT('',(-0.965119467443,4.2495,5.569503172021));
#10199 = B_SPLINE_SURFACE_WITH_KNOTS('',3,1,(
    (#10200,#10201)
    ,(#10202,#10203)
    ,(#10204,#10205)
    ,(#10206,#10207
    )),.UNSPECIFIED.,.F.,.F.,.F.,(4,4),(2,2),(3.,4.),(0.,1.),
  .PIECEWISE_BEZIER_KNOTS.);
#10200 = CARTESIAN_POINT('',(-0.968547634934,4.2505,5.583723899947));
#10201 = CARTESIAN_POINT('',(-0.968547634934,4.2495,5.583723899947));
#10202 = CARTESIAN_POINT('',(-0.967516382278,4.2505,5.577596487965));
#10203 = CARTESIAN_POINT('',(-0.967516382278,4.2495,5.577596487965));
#10204 = CARTESIAN_POINT('',(-0.96639074284,4.2505,5.572821464695));
#10205 = CARTESIAN_POINT('',(-0.96639074284,4.2495,5.572821464695));
#10206 = CARTESIAN_POINT('',(-0.965119467443,4.2505,5.569503172021));
#10207 = CARTESIAN_POINT('',(-0.965119467443,4.2495,5.569503172021));
#10208 = ADVANCED_FACE('',(#10209),#10219,.T.);
#10209 = FACE_BOUND('',#10210,.T.);
#10210 = EDGE_LOOP('',(#10211,#10216,#10217,#10218));
#10211 = ORIENTED_EDGE('',*,*,#10212,.F.);
#10212 = EDGE_CURVE('',#10185,#10085,#10213,.T.);
#10213 = B_SPLINE_CURVE_WITH_KNOTS('',1,(#10214,#10215),.UNSPECIFIED.,
  .F.,.F.,(2,2),(3.832489130876E-17,8.983684395963E-02),
  .PIECEWISE_BEZIER_KNOTS.);
#10214 = CARTESIAN_POINT('',(-0.965119467443,4.2495,5.569503172021));
#10215 = CARTESIAN_POINT('',(-0.934107794978,4.2495,5.485188673247));
#10216 = ORIENTED_EDGE('',*,*,#10195,.F.);
#10217 = ORIENTED_EDGE('',*,*,#9911,.T.);
#10218 = ORIENTED_EDGE('',*,*,#10093,.T.);
#10219 = B_SPLINE_SURFACE_WITH_KNOTS('',1,1,(
    (#10220,#10221)
    ,(#10222,#10223
    )),.UNSPECIFIED.,.F.,.F.,.F.,(2,2),(2,2),(-8.983684395963E-02,
    4.93440461021E-16),(-1.E-03,2.919419165653E-46),
  .PIECEWISE_BEZIER_KNOTS.);
#10220 = CARTESIAN_POINT('',(-0.934107794978,4.2495,5.485188673247));
#10221 = CARTESIAN_POINT('',(-0.934107794978,4.2505,5.485188673247));
#10222 = CARTESIAN_POINT('',(-0.965119467443,4.2495,5.569503172021));
#10223 = CARTESIAN_POINT('',(-0.965119467443,4.2505,5.569503172021));
#10224 = ADVANCED_FACE('',(#10225),#10233,.T.);
#10225 = FACE_BOUND('',#10226,.T.);
#10226 = EDGE_LOOP('',(#10227,#10228,#10229,#10230,#10231,#10232));
#10227 = ORIENTED_EDGE('',*,*,#10084,.T.);
#10228 = ORIENTED_EDGE('',*,*,#10112,.T.);
#10229 = ORIENTED_EDGE('',*,*,#10134,.T.);
#10230 = ORIENTED_EDGE('',*,*,#10162,.T.);
#10231 = ORIENTED_EDGE('',*,*,#10184,.T.);
#10232 = ORIENTED_EDGE('',*,*,#10212,.T.);
#10233 = B_SPLINE_SURFACE_WITH_KNOTS('',1,1,(
    (#10234,#10235)
    ,(#10236,#10237
    )),.UNSPECIFIED.,.F.,.F.,.F.,(2,2),(2,2),(1.984704460382,
    2.083723799947),(2.797633814545,2.865892205022),
  .PIECEWISE_BEZIER_KNOTS.);
#10234 = CARTESIAN_POINT('',(-1.002366185455,4.2495,5.484704560382));
#10235 = CARTESIAN_POINT('',(-0.934107794978,4.2495,5.484704560382));
#10236 = CARTESIAN_POINT('',(-1.002366185455,4.2495,5.583723899947));
#10237 = CARTESIAN_POINT('',(-0.934107794978,4.2495,5.583723899947));
#10238 = ADVANCED_FACE('',(#10239,#10528),#10553,.F.);
#10239 = FACE_BOUND('',#10240,.T.);
#10240 = EDGE_LOOP('',(#10241,#10252,#10261,#10270,#10279,#10288,#10297,
    #10306,#10315,#10324,#10333,#10342,#10351,#10360,#10367,#10374,
    #10381,#10390,#10399,#10408,#10417,#10426,#10435,#10444,#10453,
    #10462,#10471,#10478,#10487,#10496,#10505,#10512,#10521));
#10241 = ORIENTED_EDGE('',*,*,#10242,.T.);
#10242 = EDGE_CURVE('',#10243,#10245,#10247,.T.);
#10243 = VERTEX_POINT('',#10244);
#10244 = CARTESIAN_POINT('',(0.176328576235,4.2505,5.616194542955));
#10245 = VERTEX_POINT('',#10246);
#10246 = CARTESIAN_POINT('',(0.318134242027,4.2505,5.806629313151));
#10247 = B_SPLINE_CURVE_WITH_KNOTS('',3,(#10248,#10249,#10250,#10251),
  .UNSPECIFIED.,.F.,.F.,(4,4),(35.,36.),.PIECEWISE_BEZIER_KNOTS.);
#10248 = CARTESIAN_POINT('',(0.176328576235,4.2505,5.616194542955));
#10249 = CARTESIAN_POINT('',(0.177159193419,4.2505,5.702961791095));
#10250 = CARTESIAN_POINT('',(0.235899683817,4.2505,5.780017663667));
#10251 = CARTESIAN_POINT('',(0.318134242027,4.2505,5.806629313151));
#10252 = ORIENTED_EDGE('',*,*,#10253,.T.);
#10253 = EDGE_CURVE('',#10245,#10254,#10256,.T.);
#10254 = VERTEX_POINT('',#10255);
#10255 = CARTESIAN_POINT('',(0.395405446779,4.2505,5.921413208976));
#10256 = B_SPLINE_CURVE_WITH_KNOTS('',3,(#10257,#10258,#10259,#10260),
  .UNSPECIFIED.,.F.,.F.,(4,4),(0.,1.),.PIECEWISE_BEZIER_KNOTS.);
#10257 = CARTESIAN_POINT('',(0.318134242027,4.2505,5.806629313151));
#10258 = CARTESIAN_POINT('',(0.333732022836,4.2505,5.850120644312));
#10259 = CARTESIAN_POINT('',(0.360928219823,4.2505,5.88935616221));
#10260 = CARTESIAN_POINT('',(0.395405446779,4.2505,5.921413208976));
#10261 = ORIENTED_EDGE('',*,*,#10262,.T.);
#10262 = EDGE_CURVE('',#10254,#10263,#10265,.T.);
#10263 = VERTEX_POINT('',#10264);
#10264 = CARTESIAN_POINT('',(0.591521463711,4.2505,5.997997361861));
#10265 = B_SPLINE_CURVE_WITH_KNOTS('',3,(#10266,#10267,#10268,#10269),
  .UNSPECIFIED.,.F.,.F.,(4,4),(1.,2.),.PIECEWISE_BEZIER_KNOTS.);
#10266 = CARTESIAN_POINT('',(0.395405446779,4.2505,5.921413208976));
#10267 = CARTESIAN_POINT('',(0.450013144706,4.2505,5.969519287488));
#10268 = CARTESIAN_POINT('',(0.519223923498,4.2505,5.997484601904));
#10269 = CARTESIAN_POINT('',(0.591521463711,4.2505,5.997997361861));
#10270 = ORIENTED_EDGE('',*,*,#10271,.T.);
#10271 = EDGE_CURVE('',#10263,#10272,#10274,.T.);
#10272 = VERTEX_POINT('',#10273);
#10273 = CARTESIAN_POINT('',(0.765435512999,4.2505,5.942835903011));
#10274 = B_SPLINE_CURVE_WITH_KNOTS('',3,(#10275,#10276,#10277,#10278),
  .UNSPECIFIED.,.F.,.F.,(4,4),(2.,3.),.PIECEWISE_BEZIER_KNOTS.);
#10275 = CARTESIAN_POINT('',(0.591521463711,4.2505,5.997997361861));
#10276 = CARTESIAN_POINT('',(0.655143293583,4.2505,5.998448590584));
#10277 = CARTESIAN_POINT('',(0.714570854859,4.2505,5.978625742873));
#10278 = CARTESIAN_POINT('',(0.765435512999,4.2505,5.942835903011));
#10279 = ORIENTED_EDGE('',*,*,#10280,.T.);
#10280 = EDGE_CURVE('',#10272,#10281,#10283,.T.);
#10281 = VERTEX_POINT('',#10282);
#10282 = CARTESIAN_POINT('',(0.829508571642,4.2505,5.879665294969));
#10283 = B_SPLINE_CURVE_WITH_KNOTS('',3,(#10284,#10285,#10286,#10287),
  .UNSPECIFIED.,.F.,.F.,(4,4),(3.,4.),.PIECEWISE_BEZIER_KNOTS.);
#10284 = CARTESIAN_POINT('',(0.765435512999,4.2505,5.942835903011));
#10285 = CARTESIAN_POINT('',(0.790139750122,4.2505,5.925658827687));
#10286 = CARTESIAN_POINT('',(0.810536883853,4.2505,5.904113138373));
#10287 = CARTESIAN_POINT('',(0.829508571642,4.2505,5.879665294969));
#10288 = ORIENTED_EDGE('',*,*,#10289,.T.);
#10289 = EDGE_CURVE('',#10281,#10290,#10292,.T.);
#10290 = VERTEX_POINT('',#10291);
#10291 = CARTESIAN_POINT('',(0.86274491873,4.2505,5.882793063321));
#10292 = B_SPLINE_CURVE_WITH_KNOTS('',3,(#10293,#10294,#10295,#10296),
  .UNSPECIFIED.,.F.,.F.,(4,4),(4.,5.),.PIECEWISE_BEZIER_KNOTS.);
#10293 = CARTESIAN_POINT('',(0.829508571642,4.2505,5.879665294969));
#10294 = CARTESIAN_POINT('',(0.841065911807,4.2505,5.881193292803));
#10295 = CARTESIAN_POINT('',(0.851177323328,4.2505,5.882711021806));
#10296 = CARTESIAN_POINT('',(0.86274491873,4.2505,5.882793063321));
#10297 = ORIENTED_EDGE('',*,*,#10298,.T.);
#10298 = EDGE_CURVE('',#10290,#10299,#10301,.T.);
#10299 = VERTEX_POINT('',#10300);
#10300 = CARTESIAN_POINT('',(1.029521510798,4.2505,5.814566769859));
#10301 = B_SPLINE_CURVE_WITH_KNOTS('',3,(#10302,#10303,#10304,#10305),
  .UNSPECIFIED.,.F.,.F.,(4,4),(5.,6.),.PIECEWISE_BEZIER_KNOTS.);
#10302 = CARTESIAN_POINT('',(0.86274491873,4.2505,5.882793063321));
#10303 = CARTESIAN_POINT('',(0.924920806072,4.2505,5.883234036903));
#10304 = CARTESIAN_POINT('',(0.984379119138,4.2505,5.859073339096));
#10305 = CARTESIAN_POINT('',(1.029521510798,4.2505,5.814566769859));
#10306 = ORIENTED_EDGE('',*,*,#10307,.T.);
#10307 = EDGE_CURVE('',#10299,#10308,#10310,.T.);
#10308 = VERTEX_POINT('',#10309);
#10309 = CARTESIAN_POINT('',(1.098650329775,4.2505,5.650210392112));
#10310 = B_SPLINE_CURVE_WITH_KNOTS('',3,(#10311,#10312,#10313,#10314),
  .UNSPECIFIED.,.F.,.F.,(4,4),(6.,7.),.PIECEWISE_BEZIER_KNOTS.);
#10311 = CARTESIAN_POINT('',(1.029521510798,4.2505,5.814566769859));
#10312 = CARTESIAN_POINT('',(1.073207728725,4.2505,5.771495915764));
#10313 = CARTESIAN_POINT('',(1.09820935629,4.2505,5.712386265663));
#10314 = CARTESIAN_POINT('',(1.098650329775,4.2505,5.650210392112));
#10315 = ORIENTED_EDGE('',*,*,#10316,.T.);
#10316 = EDGE_CURVE('',#10308,#10317,#10319,.T.);
#10317 = VERTEX_POINT('',#10318);
#10318 = CARTESIAN_POINT('',(1.039038215224,4.2505,5.492171069198));
#10319 = B_SPLINE_CURVE_WITH_KNOTS('',3,(#10320,#10321,#10322,#10323),
  .UNSPECIFIED.,.F.,.F.,(4,4),(7.,8.),.PIECEWISE_BEZIER_KNOTS.);
#10320 = CARTESIAN_POINT('',(1.098650329775,4.2505,5.650210392112));
#10321 = CARTESIAN_POINT('',(1.09906053774,4.2505,5.592372359941));
#10322 = CARTESIAN_POINT('',(1.0777712286,4.2505,5.535826428524));
#10323 = CARTESIAN_POINT('',(1.039038215224,4.2505,5.492171069198));
#10324 = ORIENTED_EDGE('',*,*,#10325,.T.);
#10325 = EDGE_CURVE('',#10317,#10326,#10328,.T.);
#10326 = VERTEX_POINT('',#10327);
#10327 = CARTESIAN_POINT('',(0.923854400364,4.2505,5.421945025694));
#10328 = B_SPLINE_CURVE_WITH_KNOTS('',3,(#10329,#10330,#10331,#10332),
  .UNSPECIFIED.,.F.,.F.,(4,4),(8.,9.),.PIECEWISE_BEZIER_KNOTS.);
#10329 = CARTESIAN_POINT('',(1.039038215224,4.2505,5.492171069198));
#10330 = CARTESIAN_POINT('',(1.007473425225,4.2505,5.45724261347));
#10331 = CARTESIAN_POINT('',(0.968596825508,4.2505,5.433830532211));
#10332 = CARTESIAN_POINT('',(0.923854400364,4.2505,5.421945025694));
#10333 = ORIENTED_EDGE('',*,*,#10334,.T.);
#10334 = EDGE_CURVE('',#10326,#10335,#10337,.T.);
#10335 = VERTEX_POINT('',#10336);
#10336 = CARTESIAN_POINT('',(0.787186413632,4.2505,5.32264613802));
#10337 = B_SPLINE_CURVE_WITH_KNOTS('',3,(#10338,#10339,#10340,#10341),
  .UNSPECIFIED.,.F.,.F.,(4,4),(9.,10.),.PIECEWISE_BEZIER_KNOTS.);
#10338 = CARTESIAN_POINT('',(0.923854400364,4.2505,5.421945025694));
#10339 = CARTESIAN_POINT('',(0.905467245117,4.2505,5.363973675914));
#10340 = CARTESIAN_POINT('',(0.850808271084,4.2505,5.323097366938));
#10341 = CARTESIAN_POINT('',(0.787186413632,4.2505,5.32264613802));
#10342 = ORIENTED_EDGE('',*,*,#10343,.T.);
#10343 = EDGE_CURVE('',#10335,#10344,#10346,.T.);
#10344 = VERTEX_POINT('',#10345);
#10345 = CARTESIAN_POINT('',(0.641565813292,4.2505,5.466215698532));
#10346 = B_SPLINE_CURVE_WITH_KNOTS('',3,(#10347,#10348,#10349,#10350),
  .UNSPECIFIED.,.F.,.F.,(4,4),(10.,11.),.PIECEWISE_BEZIER_KNOTS.);
#10347 = CARTESIAN_POINT('',(0.787186413632,4.2505,5.32264613802));
#10348 = CARTESIAN_POINT('',(0.707659119398,4.2505,5.322082102067));
#10349 = CARTESIAN_POINT('',(0.642129849244,4.2505,5.386688404297));
#10350 = CARTESIAN_POINT('',(0.641565813292,4.2505,5.466215698532));
#10351 = ORIENTED_EDGE('',*,*,#10352,.T.);
#10352 = EDGE_CURVE('',#10344,#10353,#10355,.T.);
#10353 = VERTEX_POINT('',#10354);
#10354 = CARTESIAN_POINT('',(0.6414632613,4.2505,5.480675206576));
#10355 = B_SPLINE_CURVE_WITH_KNOTS('',3,(#10356,#10357,#10358,#10359),
  .UNSPECIFIED.,.F.,.F.,(4,4),(11.,12.),.PIECEWISE_BEZIER_KNOTS.);
#10356 = CARTESIAN_POINT('',(0.641565813292,4.2505,5.466215698532));
#10357 = CARTESIAN_POINT('',(0.641535047773,4.2505,5.470553539913));
#10358 = CARTESIAN_POINT('',(0.641504282253,4.2505,5.474891381295));
#10359 = CARTESIAN_POINT('',(0.6414632613,4.2505,5.480675206576));
#10360 = ORIENTED_EDGE('',*,*,#10361,.T.);
#10361 = EDGE_CURVE('',#10353,#10362,#10364,.T.);
#10362 = VERTEX_POINT('',#10363);
#10363 = CARTESIAN_POINT('',(0.438271264006,4.2505,5.586239832696));
#10364 = B_SPLINE_CURVE_WITH_KNOTS('',1,(#10365,#10366),.UNSPECIFIED.,
  .F.,.F.,(2,2),(-9.851974150517E-17,0.228977898611),
  .PIECEWISE_BEZIER_KNOTS.);
#10365 = CARTESIAN_POINT('',(0.6414632613,4.2505,5.480675206576));
#10366 = CARTESIAN_POINT('',(0.438271264006,4.2505,5.586239832696));
#10367 = ORIENTED_EDGE('',*,*,#10368,.T.);
#10368 = EDGE_CURVE('',#10362,#10369,#10371,.T.);
#10369 = VERTEX_POINT('',#10370);
#10370 = CARTESIAN_POINT('',(0.482552191204,4.2505,5.663193152886));
#10371 = B_SPLINE_CURVE_WITH_KNOTS('',1,(#10372,#10373),.UNSPECIFIED.,
  .F.,.F.,(2,2),(0.,8.878408642163E-02),.PIECEWISE_BEZIER_KNOTS.);
#10372 = CARTESIAN_POINT('',(0.438271264006,4.2505,5.586239832696));
#10373 = CARTESIAN_POINT('',(0.482552191204,4.2505,5.663193152886));
#10374 = ORIENTED_EDGE('',*,*,#10375,.T.);
#10375 = EDGE_CURVE('',#10369,#10376,#10378,.T.);
#10376 = VERTEX_POINT('',#10377);
#10377 = CARTESIAN_POINT('',(0.677027457399,4.2505,5.563350793233));
#10378 = B_SPLINE_CURVE_WITH_KNOTS('',1,(#10379,#10380),.UNSPECIFIED.,
  .F.,.F.,(2,2),(0.,0.218607241286),.PIECEWISE_BEZIER_KNOTS.);
#10379 = CARTESIAN_POINT('',(0.482552191204,4.2505,5.663193152886));
#10380 = CARTESIAN_POINT('',(0.677027457399,4.2505,5.563350793233));
#10381 = ORIENTED_EDGE('',*,*,#10382,.T.);
#10382 = EDGE_CURVE('',#10376,#10383,#10385,.T.);
#10383 = VERTEX_POINT('',#10384);
#10384 = CARTESIAN_POINT('',(0.785125090987,4.2505,5.613282254997));
#10385 = B_SPLINE_CURVE_WITH_KNOTS('',3,(#10386,#10387,#10388,#10389),
  .UNSPECIFIED.,.F.,.F.,(4,4),(15.,16.),.PIECEWISE_BEZIER_KNOTS.);
#10386 = CARTESIAN_POINT('',(0.677027457399,4.2505,5.563350793233));
#10387 = CARTESIAN_POINT('',(0.702839201623,4.2505,5.593900359145));
#10388 = CARTESIAN_POINT('',(0.741746566859,4.2505,5.612974599023));
#10389 = CARTESIAN_POINT('',(0.785125090987,4.2505,5.613282254997));
#10390 = ORIENTED_EDGE('',*,*,#10391,.T.);
#10391 = EDGE_CURVE('',#10383,#10392,#10394,.T.);
#10392 = VERTEX_POINT('',#10393);
#10393 = CARTESIAN_POINT('',(0.921721304255,4.2505,5.51881348508));
#10394 = B_SPLINE_CURVE_WITH_KNOTS('',3,(#10395,#10396,#10397,#10398),
  .UNSPECIFIED.,.F.,.F.,(4,4),(16.,17.),.PIECEWISE_BEZIER_KNOTS.);
#10395 = CARTESIAN_POINT('',(0.785125090987,4.2505,5.613282254997));
#10396 = CARTESIAN_POINT('',(0.847300992118,4.2505,5.613723228678));
#10397 = CARTESIAN_POINT('',(0.901088300826,4.2505,5.573616059441));
#10398 = CARTESIAN_POINT('',(0.921721304255,4.2505,5.51881348508));
#10399 = ORIENTED_EDGE('',*,*,#10400,.T.);
#10400 = EDGE_CURVE('',#10392,#10401,#10403,.T.);
#10401 = VERTEX_POINT('',#10402);
#10402 = CARTESIAN_POINT('',(1.007534874112,4.2505,5.652456282052));
#10403 = B_SPLINE_CURVE_WITH_KNOTS('',3,(#10404,#10405,#10406,#10407),
  .UNSPECIFIED.,.F.,.F.,(4,4),(17.,18.),.PIECEWISE_BEZIER_KNOTS.);
#10404 = CARTESIAN_POINT('',(0.921721304255,4.2505,5.51881348508));
#10405 = CARTESIAN_POINT('',(0.972165499178,4.2505,5.542307635433));
#10406 = CARTESIAN_POINT('',(1.007955337315,4.2505,5.593172293561));
#10407 = CARTESIAN_POINT('',(1.007534874112,4.2505,5.652456282052));
#10408 = ORIENTED_EDGE('',*,*,#10409,.T.);
#10409 = EDGE_CURVE('',#10401,#10410,#10412,.T.);
#10410 = VERTEX_POINT('',#10411);
#10411 = CARTESIAN_POINT('',(0.861914273772,4.2505,5.796025842564));
#10412 = B_SPLINE_CURVE_WITH_KNOTS('',3,(#10413,#10414,#10415,#10416),
  .UNSPECIFIED.,.F.,.F.,(4,4),(18.,19.),.PIECEWISE_BEZIER_KNOTS.);
#10413 = CARTESIAN_POINT('',(1.007534874112,4.2505,5.652456282052));
#10414 = CARTESIAN_POINT('',(1.006970838159,4.2505,5.731983576287));
#10415 = CARTESIAN_POINT('',(0.941441568006,4.2505,5.796589878517));
#10416 = CARTESIAN_POINT('',(0.861914273772,4.2505,5.796025842564));
#10417 = ORIENTED_EDGE('',*,*,#10418,.T.);
#10418 = EDGE_CURVE('',#10410,#10419,#10421,.T.);
#10419 = VERTEX_POINT('',#10420);
#10420 = CARTESIAN_POINT('',(0.785432720164,4.2505,5.773793055024));
#10421 = B_SPLINE_CURVE_WITH_KNOTS('',3,(#10422,#10423,#10424,#10425),
  .UNSPECIFIED.,.F.,.F.,(4,4),(19.,20.),.PIECEWISE_BEZIER_KNOTS.);
#10422 = CARTESIAN_POINT('',(0.861914273772,4.2505,5.796025842564));
#10423 = CARTESIAN_POINT('',(0.834441214006,4.2505,5.79583099382));
#10424 = CARTESIAN_POINT('',(0.807029685475,4.2505,5.786960434735));
#10425 = CARTESIAN_POINT('',(0.785432720164,4.2505,5.773793055024));
#10426 = ORIENTED_EDGE('',*,*,#10427,.T.);
#10427 = EDGE_CURVE('',#10419,#10428,#10430,.T.);
#10428 = VERTEX_POINT('',#10429);
#10429 = CARTESIAN_POINT('',(0.590690846918,4.2505,5.911230058562));
#10430 = B_SPLINE_CURVE_WITH_KNOTS('',3,(#10431,#10432,#10433,#10434),
  .UNSPECIFIED.,.F.,.F.,(4,4),(20.,21.),.PIECEWISE_BEZIER_KNOTS.);
#10431 = CARTESIAN_POINT('',(0.785432720164,4.2505,5.773793055024));
#10432 = CARTESIAN_POINT('',(0.757385397374,4.2505,5.854571374293));
#10433 = CARTESIAN_POINT('',(0.681785736556,4.2505,5.91187613603));
#10434 = CARTESIAN_POINT('',(0.590690846918,4.2505,5.911230058562));
#10435 = ORIENTED_EDGE('',*,*,#10436,.T.);
#10436 = EDGE_CURVE('',#10428,#10437,#10439,.T.);
#10437 = VERTEX_POINT('',#10438);
#10438 = CARTESIAN_POINT('',(0.389539634213,4.2505,5.72905048015));
#10439 = B_SPLINE_CURVE_WITH_KNOTS('',3,(#10440,#10441,#10442,#10443),
  .UNSPECIFIED.,.F.,.F.,(4,4),(21.,22.),.PIECEWISE_BEZIER_KNOTS.);
#10440 = CARTESIAN_POINT('',(0.590690846918,4.2505,5.911230058562));
#10441 = CARTESIAN_POINT('',(0.486582377979,4.2505,5.910491684146));
#10442 = CARTESIAN_POINT('',(0.400389365676,4.2505,5.830349077963));
#10443 = CARTESIAN_POINT('',(0.389539634213,4.2505,5.72905048015));
#10444 = ORIENTED_EDGE('',*,*,#10445,.T.);
#10445 = EDGE_CURVE('',#10437,#10446,#10448,.T.);
#10446 = VERTEX_POINT('',#10447);
#10447 = CARTESIAN_POINT('',(0.377972038811,4.2505,5.728968438635));
#10448 = B_SPLINE_CURVE_WITH_KNOTS('',3,(#10449,#10450,#10451,#10452),
  .UNSPECIFIED.,.F.,.F.,(4,4),(22.,23.),.PIECEWISE_BEZIER_KNOTS.);
#10449 = CARTESIAN_POINT('',(0.389539634213,4.2505,5.72905048015));
#10450 = CARTESIAN_POINT('',(0.385201792833,4.2505,5.729019714631));
#10451 = CARTESIAN_POINT('',(0.382309880192,4.2505,5.728999204154));
#10452 = CARTESIAN_POINT('',(0.377972038811,4.2505,5.728968438635));
#10453 = ORIENTED_EDGE('',*,*,#10454,.T.);
#10454 = EDGE_CURVE('',#10446,#10455,#10457,.T.);
#10455 = VERTEX_POINT('',#10456);
#10456 = CARTESIAN_POINT('',(0.265987792565,4.2505,5.61538438148));
#10457 = B_SPLINE_CURVE_WITH_KNOTS('',3,(#10458,#10459,#10460,#10461),
  .UNSPECIFIED.,.F.,.F.,(4,4),(23.,24.),.PIECEWISE_BEZIER_KNOTS.);
#10458 = CARTESIAN_POINT('',(0.377972038811,4.2505,5.728968438635));
#10459 = CARTESIAN_POINT('',(0.315796165259,4.2505,5.728527465151));
#10460 = CARTESIAN_POINT('',(0.26554681908,4.2505,5.677560255032));
#10461 = CARTESIAN_POINT('',(0.265987792565,4.2505,5.61538438148));
#10462 = ORIENTED_EDGE('',*,*,#10463,.T.);
#10463 = EDGE_CURVE('',#10455,#10464,#10466,.T.);
#10464 = VERTEX_POINT('',#10465);
#10465 = CARTESIAN_POINT('',(0.370896166957,4.2505,5.503338604196));
#10466 = B_SPLINE_CURVE_WITH_KNOTS('',3,(#10467,#10468,#10469,#10470),
  .UNSPECIFIED.,.F.,.F.,(4,4),(24.,25.),.PIECEWISE_BEZIER_KNOTS.);
#10467 = CARTESIAN_POINT('',(0.265987792565,4.2505,5.61538438148));
#10468 = CARTESIAN_POINT('',(0.266408255768,4.2505,5.556100392989));
#10469 = CARTESIAN_POINT('',(0.311581385369,4.2505,5.507255982178));
#10470 = CARTESIAN_POINT('',(0.370896166957,4.2505,5.503338604196));
#10471 = ORIENTED_EDGE('',*,*,#10472,.T.);
#10472 = EDGE_CURVE('',#10464,#10473,#10475,.T.);
#10473 = VERTEX_POINT('',#10474);
#10474 = CARTESIAN_POINT('',(0.435963953149,4.2505,5.503800088157));
#10475 = B_SPLINE_CURVE_WITH_KNOTS('',1,(#10476,#10477),.UNSPECIFIED.,
  .F.,.F.,(2,2),(0.,6.506942267584E-02),.PIECEWISE_BEZIER_KNOTS.);
#10476 = CARTESIAN_POINT('',(0.370896166957,4.2505,5.503338604196));
#10477 = CARTESIAN_POINT('',(0.435963953149,4.2505,5.503800088157));
#10478 = ORIENTED_EDGE('',*,*,#10479,.T.);
#10479 = EDGE_CURVE('',#10473,#10480,#10482,.T.);
#10480 = VERTEX_POINT('',#10481);
#10481 = CARTESIAN_POINT('',(0.444629380869,4.2505,5.505307547936));
#10482 = B_SPLINE_CURVE_WITH_KNOTS('',3,(#10483,#10484,#10485,#10486),
  .UNSPECIFIED.,.F.,.F.,(4,4),(26.,27.),.PIECEWISE_BEZIER_KNOTS.);
#10483 = CARTESIAN_POINT('',(0.435963953149,4.2505,5.503800088157));
#10484 = CARTESIAN_POINT('',(0.43885586579,4.2505,5.503820598633));
#10485 = CARTESIAN_POINT('',(0.441737523387,4.2505,5.50528703785));
#10486 = CARTESIAN_POINT('',(0.444629380869,4.2505,5.505307547936));
#10487 = ORIENTED_EDGE('',*,*,#10488,.T.);
#10488 = EDGE_CURVE('',#10480,#10489,#10491,.T.);
#10489 = VERTEX_POINT('',#10490);
#10490 = CARTESIAN_POINT('',(0.489771744754,4.2505,5.460801006084));
#10491 = B_SPLINE_CURVE_WITH_KNOTS('',3,(#10492,#10493,#10494,#10495),
  .UNSPECIFIED.,.F.,.F.,(4,4),(27.,28.),.PIECEWISE_BEZIER_KNOTS.);
#10492 = CARTESIAN_POINT('',(0.444629380869,4.2505,5.505307547936));
#10493 = CARTESIAN_POINT('',(0.469210555573,4.2505,5.505481886399));
#10494 = CARTESIAN_POINT('',(0.489597406682,4.2505,5.48538212563));
#10495 = CARTESIAN_POINT('',(0.489771744754,4.2505,5.460801006084));
#10496 = ORIENTED_EDGE('',*,*,#10497,.T.);
#10497 = EDGE_CURVE('',#10489,#10498,#10500,.T.);
#10498 = VERTEX_POINT('',#10499);
#10499 = CARTESIAN_POINT('',(0.448157060384,4.2505,5.415679152283));
#10500 = B_SPLINE_CURVE_WITH_KNOTS('',3,(#10501,#10502,#10503,#10504),
  .UNSPECIFIED.,.F.,.F.,(4,4),(28.,29.),.PIECEWISE_BEZIER_KNOTS.);
#10501 = CARTESIAN_POINT('',(0.489771744754,4.2505,5.460801006084));
#10502 = CARTESIAN_POINT('',(0.489935827784,4.2505,5.437665815279));
#10503 = CARTESIAN_POINT('',(0.471282051305,4.2505,5.417289164444));
#10504 = CARTESIAN_POINT('',(0.448157060384,4.2505,5.415679152283));
#10505 = ORIENTED_EDGE('',*,*,#10506,.T.);
#10506 = EDGE_CURVE('',#10498,#10507,#10509,.T.);
#10507 = VERTEX_POINT('',#10508);
#10508 = CARTESIAN_POINT('',(0.362845996027,4.2505,5.415074095768));
#10509 = B_SPLINE_CURVE_WITH_KNOTS('',1,(#10510,#10511),.UNSPECIFIED.,
  .F.,.F.,(2,2),(0.,8.531320996817E-02),.PIECEWISE_BEZIER_KNOTS.);
#10510 = CARTESIAN_POINT('',(0.448157060384,4.2505,5.415679152283));
#10511 = CARTESIAN_POINT('',(0.362845996027,4.2505,5.415074095768));
#10512 = ORIENTED_EDGE('',*,*,#10513,.T.);
#10513 = EDGE_CURVE('',#10507,#10514,#10516,.T.);
#10514 = VERTEX_POINT('',#10515);
#10515 = CARTESIAN_POINT('',(0.230803010943,4.2505,5.479208658996));
#10516 = B_SPLINE_CURVE_WITH_KNOTS('',3,(#10517,#10518,#10519,#10520),
  .UNSPECIFIED.,.F.,.F.,(4,4),(33.,34.),.PIECEWISE_BEZIER_KNOTS.);
#10517 = CARTESIAN_POINT('',(0.362845996027,4.2505,5.415074095768));
#10518 = CARTESIAN_POINT('',(0.31220695236,4.2505,5.41905300518));
#10519 = CARTESIAN_POINT('',(0.26577243217,4.2505,5.441860084693));
#10520 = CARTESIAN_POINT('',(0.230803010943,4.2505,5.479208658996));
#10521 = ORIENTED_EDGE('',*,*,#10522,.T.);
#10522 = EDGE_CURVE('',#10514,#10243,#10523,.T.);
#10523 = B_SPLINE_CURVE_WITH_KNOTS('',3,(#10524,#10525,#10526,#10527),
  .UNSPECIFIED.,.F.,.F.,(4,4),(34.,35.),.PIECEWISE_BEZIER_KNOTS.);
#10524 = CARTESIAN_POINT('',(0.230803010943,4.2505,5.479208658996));
#10525 = CARTESIAN_POINT('',(0.195833534555,4.2505,5.516557232908));
#10526 = CARTESIAN_POINT('',(0.176687508204,4.2505,5.565586264806));
#10527 = CARTESIAN_POINT('',(0.176328576235,4.2505,5.616194542955));
#10528 = FACE_BOUND('',#10529,.T.);
#10529 = EDGE_LOOP('',(#10530,#10544));
#10530 = ORIENTED_EDGE('',*,*,#10531,.F.);
#10531 = EDGE_CURVE('',#10532,#10534,#10536,.T.);
#10532 = VERTEX_POINT('',#10533);
#10533 = CARTESIAN_POINT('',(0.788017058787,4.2505,5.409413331196));
#10534 = VERTEX_POINT('',#10535);
#10535 = CARTESIAN_POINT('',(0.787217152941,4.2505,5.522197538056));
#10536 = B_SPLINE_CURVE_WITH_KNOTS('',3,(#10537,#10538,#10539,#10540,
    #10541,#10542,#10543),.UNSPECIFIED.,.F.,.F.,(4,3,4),(0.,1.,2.),
  .PIECEWISE_BEZIER_KNOTS.);
#10537 = CARTESIAN_POINT('',(0.788017058787,4.2505,5.409413331196));
#10538 = CARTESIAN_POINT('',(0.756206157641,4.2505,5.409187716933));
#10539 = CARTESIAN_POINT('',(0.731440389039,4.2505,5.435040537073));
#10540 = CARTESIAN_POINT('',(0.731225030014,4.2505,5.465405481899));
#10541 = CARTESIAN_POINT('',(0.730999415554,4.2505,5.497216410624));
#10542 = CARTESIAN_POINT('',(0.756852180536,4.2505,5.521982178835));
#10543 = CARTESIAN_POINT('',(0.787217152941,4.2505,5.522197538056));
#10544 = ORIENTED_EDGE('',*,*,#10545,.F.);
#10545 = EDGE_CURVE('',#10534,#10532,#10546,.T.);
#10546 = B_SPLINE_CURVE_WITH_KNOTS('',3,(#10547,#10548,#10549,#10550,
    #10551,#10552),.UNSPECIFIED.,.F.,.F.,(4,2,4),(2.,3.,4.),
  .UNSPECIFIED.);
#10547 = CARTESIAN_POINT('',(0.787217152941,4.2505,5.522197538056));
#10548 = CARTESIAN_POINT('',(0.817582125346,4.2505,5.522412897277));
#10549 = CARTESIAN_POINT('',(0.843783567255,4.2505,5.498016316079));
#10550 = CARTESIAN_POINT('',(0.844234796174,4.2505,5.434394458628));
#10551 = CARTESIAN_POINT('',(0.818382031192,4.2505,5.409628690417));
#10552 = CARTESIAN_POINT('',(0.788017058787,4.2505,5.409413331196));
#10553 = B_SPLINE_SURFACE_WITH_KNOTS('',1,1,(
    (#10554,#10555)
    ,(#10556,#10557
    )),.UNSPECIFIED.,.F.,.F.,.F.,(2,2),(2,2),(-0.264478313035,
    0.411888175482),(-4.037635501153E-02,0.882355606494),
  .PIECEWISE_BEZIER_KNOTS.);
#10554 = CARTESIAN_POINT('',(0.176328576235,4.2505,5.998448590584));
#10555 = CARTESIAN_POINT('',(1.09906053774,4.2505,5.998448590584));
#10556 = CARTESIAN_POINT('',(0.176328576235,4.2505,5.322082102067));
#10557 = CARTESIAN_POINT('',(1.09906053774,4.2505,5.322082102067));
#10558 = ADVANCED_FACE('',(#10559),#10573,.F.);
#10559 = FACE_BOUND('',#10560,.F.);
#10560 = EDGE_LOOP('',(#10561,#10566,#10567,#10572));
#10561 = ORIENTED_EDGE('',*,*,#10562,.F.);
#10562 = EDGE_CURVE('',#10243,#3505,#10563,.T.);
#10563 = B_SPLINE_CURVE_WITH_KNOTS('',1,(#10564,#10565),.UNSPECIFIED.,
  .F.,.F.,(2,2),(-0.,1.E-03),.PIECEWISE_BEZIER_KNOTS.);
#10564 = CARTESIAN_POINT('',(0.176328576235,4.2505,5.616194542955));
#10565 = CARTESIAN_POINT('',(0.176328576235,4.2495,5.616194542955));
#10566 = ORIENTED_EDGE('',*,*,#10242,.T.);
#10567 = ORIENTED_EDGE('',*,*,#10568,.T.);
#10568 = EDGE_CURVE('',#10245,#3494,#10569,.T.);
#10569 = B_SPLINE_CURVE_WITH_KNOTS('',1,(#10570,#10571),.UNSPECIFIED.,
  .F.,.F.,(2,2),(-0.,1.E-03),.PIECEWISE_BEZIER_KNOTS.);
#10570 = CARTESIAN_POINT('',(0.318134242027,4.2505,5.806629313151));
#10571 = CARTESIAN_POINT('',(0.318134242027,4.2495,5.806629313151));
#10572 = ORIENTED_EDGE('',*,*,#3504,.F.);
#10573 = B_SPLINE_SURFACE_WITH_KNOTS('',3,1,(
    (#10574,#10575)
    ,(#10576,#10577)
    ,(#10578,#10579)
    ,(#10580,#10581
    )),.UNSPECIFIED.,.F.,.F.,.F.,(4,4),(2,2),(35.,36.),(0.,1.),
  .PIECEWISE_BEZIER_KNOTS.);
#10574 = CARTESIAN_POINT('',(0.176328576235,4.2505,5.616194542955));
#10575 = CARTESIAN_POINT('',(0.176328576235,4.2495,5.616194542955));
#10576 = CARTESIAN_POINT('',(0.177159193419,4.2505,5.702961791095));
#10577 = CARTESIAN_POINT('',(0.177159193419,4.2495,5.702961791095));
#10578 = CARTESIAN_POINT('',(0.235899683817,4.2505,5.780017663667));
#10579 = CARTESIAN_POINT('',(0.235899683817,4.2495,5.780017663667));
#10580 = CARTESIAN_POINT('',(0.318134242027,4.2505,5.806629313151));
#10581 = CARTESIAN_POINT('',(0.318134242027,4.2495,5.806629313151));
#10582 = ADVANCED_FACE('',(#10583),#10593,.F.);
#10583 = FACE_BOUND('',#10584,.F.);
#10584 = EDGE_LOOP('',(#10585,#10586,#10587,#10592));
#10585 = ORIENTED_EDGE('',*,*,#10568,.F.);
#10586 = ORIENTED_EDGE('',*,*,#10253,.T.);
#10587 = ORIENTED_EDGE('',*,*,#10588,.T.);
#10588 = EDGE_CURVE('',#10254,#3496,#10589,.T.);
#10589 = B_SPLINE_CURVE_WITH_KNOTS('',1,(#10590,#10591),.UNSPECIFIED.,
  .F.,.F.,(2,2),(-0.,1.E-03),.PIECEWISE_BEZIER_KNOTS.);
#10590 = CARTESIAN_POINT('',(0.395405446779,4.2505,5.921413208976));
#10591 = CARTESIAN_POINT('',(0.395405446779,4.2495,5.921413208976));
#10592 = ORIENTED_EDGE('',*,*,#3493,.F.);
#10593 = B_SPLINE_SURFACE_WITH_KNOTS('',3,1,(
    (#10594,#10595)
    ,(#10596,#10597)
    ,(#10598,#10599)
    ,(#10600,#10601
    )),.UNSPECIFIED.,.F.,.F.,.F.,(4,4),(2,2),(0.,1.),(0.,1.),
  .PIECEWISE_BEZIER_KNOTS.);
#10594 = CARTESIAN_POINT('',(0.318134242027,4.2505,5.806629313151));
#10595 = CARTESIAN_POINT('',(0.318134242027,4.2495,5.806629313151));
#10596 = CARTESIAN_POINT('',(0.333732022836,4.2505,5.850120644312));
#10597 = CARTESIAN_POINT('',(0.333732022836,4.2495,5.850120644312));
#10598 = CARTESIAN_POINT('',(0.360928219823,4.2505,5.88935616221));
#10599 = CARTESIAN_POINT('',(0.360928219823,4.2495,5.88935616221));
#10600 = CARTESIAN_POINT('',(0.395405446779,4.2505,5.921413208976));
#10601 = CARTESIAN_POINT('',(0.395405446779,4.2495,5.921413208976));
#10602 = ADVANCED_FACE('',(#10603),#10613,.F.);
#10603 = FACE_BOUND('',#10604,.F.);
#10604 = EDGE_LOOP('',(#10605,#10606,#10607,#10612));
#10605 = ORIENTED_EDGE('',*,*,#10588,.F.);
#10606 = ORIENTED_EDGE('',*,*,#10262,.T.);
#10607 = ORIENTED_EDGE('',*,*,#10608,.T.);
#10608 = EDGE_CURVE('',#10263,#3765,#10609,.T.);
#10609 = B_SPLINE_CURVE_WITH_KNOTS('',1,(#10610,#10611),.UNSPECIFIED.,
  .F.,.F.,(2,2),(-0.,1.E-03),.PIECEWISE_BEZIER_KNOTS.);
#10610 = CARTESIAN_POINT('',(0.591521463711,4.2505,5.997997361861));
#10611 = CARTESIAN_POINT('',(0.591521463711,4.2495,5.997997361861));
#10612 = ORIENTED_EDGE('',*,*,#3773,.F.);
#10613 = B_SPLINE_SURFACE_WITH_KNOTS('',3,1,(
    (#10614,#10615)
    ,(#10616,#10617)
    ,(#10618,#10619)
    ,(#10620,#10621
    )),.UNSPECIFIED.,.F.,.F.,.F.,(4,4),(2,2),(1.,2.),(0.,1.),
  .PIECEWISE_BEZIER_KNOTS.);
#10614 = CARTESIAN_POINT('',(0.395405446779,4.2505,5.921413208976));
#10615 = CARTESIAN_POINT('',(0.395405446779,4.2495,5.921413208976));
#10616 = CARTESIAN_POINT('',(0.450013144706,4.2505,5.969519287488));
#10617 = CARTESIAN_POINT('',(0.450013144706,4.2495,5.969519287488));
#10618 = CARTESIAN_POINT('',(0.519223923498,4.2505,5.997484601904));
#10619 = CARTESIAN_POINT('',(0.519223923498,4.2495,5.997484601904));
#10620 = CARTESIAN_POINT('',(0.591521463711,4.2505,5.997997361861));
#10621 = CARTESIAN_POINT('',(0.591521463711,4.2495,5.997997361861));
#10622 = ADVANCED_FACE('',(#10623),#10633,.F.);
#10623 = FACE_BOUND('',#10624,.F.);
#10624 = EDGE_LOOP('',(#10625,#10626,#10627,#10632));
#10625 = ORIENTED_EDGE('',*,*,#10608,.F.);
#10626 = ORIENTED_EDGE('',*,*,#10271,.T.);
#10627 = ORIENTED_EDGE('',*,*,#10628,.T.);
#10628 = EDGE_CURVE('',#10272,#3756,#10629,.T.);
#10629 = B_SPLINE_CURVE_WITH_KNOTS('',1,(#10630,#10631),.UNSPECIFIED.,
  .F.,.F.,(2,2),(-0.,1.E-03),.PIECEWISE_BEZIER_KNOTS.);
#10630 = CARTESIAN_POINT('',(0.765435512999,4.2505,5.942835903011));
#10631 = CARTESIAN_POINT('',(0.765435512999,4.2495,5.942835903011));
#10632 = ORIENTED_EDGE('',*,*,#3764,.F.);
#10633 = B_SPLINE_SURFACE_WITH_KNOTS('',3,1,(
    (#10634,#10635)
    ,(#10636,#10637)
    ,(#10638,#10639)
    ,(#10640,#10641
    )),.UNSPECIFIED.,.F.,.F.,.F.,(4,4),(2,2),(2.,3.),(0.,1.),
  .PIECEWISE_BEZIER_KNOTS.);
#10634 = CARTESIAN_POINT('',(0.591521463711,4.2505,5.997997361861));
#10635 = CARTESIAN_POINT('',(0.591521463711,4.2495,5.997997361861));
#10636 = CARTESIAN_POINT('',(0.655143293583,4.2505,5.998448590584));
#10637 = CARTESIAN_POINT('',(0.655143293583,4.2495,5.998448590584));
#10638 = CARTESIAN_POINT('',(0.714570854859,4.2505,5.978625742873));
#10639 = CARTESIAN_POINT('',(0.714570854859,4.2495,5.978625742873));
#10640 = CARTESIAN_POINT('',(0.765435512999,4.2505,5.942835903011));
#10641 = CARTESIAN_POINT('',(0.765435512999,4.2495,5.942835903011));
#10642 = ADVANCED_FACE('',(#10643),#10653,.F.);
#10643 = FACE_BOUND('',#10644,.F.);
#10644 = EDGE_LOOP('',(#10645,#10646,#10647,#10652));
#10645 = ORIENTED_EDGE('',*,*,#10628,.F.);
#10646 = ORIENTED_EDGE('',*,*,#10280,.T.);
#10647 = ORIENTED_EDGE('',*,*,#10648,.T.);
#10648 = EDGE_CURVE('',#10281,#3747,#10649,.T.);
#10649 = B_SPLINE_CURVE_WITH_KNOTS('',1,(#10650,#10651),.UNSPECIFIED.,
  .F.,.F.,(2,2),(-0.,1.E-03),.PIECEWISE_BEZIER_KNOTS.);
#10650 = CARTESIAN_POINT('',(0.829508571642,4.2505,5.879665294969));
#10651 = CARTESIAN_POINT('',(0.829508571642,4.2495,5.879665294969));
#10652 = ORIENTED_EDGE('',*,*,#3755,.F.);
#10653 = B_SPLINE_SURFACE_WITH_KNOTS('',3,1,(
    (#10654,#10655)
    ,(#10656,#10657)
    ,(#10658,#10659)
    ,(#10660,#10661
    )),.UNSPECIFIED.,.F.,.F.,.F.,(4,4),(2,2),(3.,4.),(0.,1.),
  .PIECEWISE_BEZIER_KNOTS.);
#10654 = CARTESIAN_POINT('',(0.765435512999,4.2505,5.942835903011));
#10655 = CARTESIAN_POINT('',(0.765435512999,4.2495,5.942835903011));
#10656 = CARTESIAN_POINT('',(0.790139750122,4.2505,5.925658827687));
#10657 = CARTESIAN_POINT('',(0.790139750122,4.2495,5.925658827687));
#10658 = CARTESIAN_POINT('',(0.810536883853,4.2505,5.904113138373));
#10659 = CARTESIAN_POINT('',(0.810536883853,4.2495,5.904113138373));
#10660 = CARTESIAN_POINT('',(0.829508571642,4.2505,5.879665294969));
#10661 = CARTESIAN_POINT('',(0.829508571642,4.2495,5.879665294969));
#10662 = ADVANCED_FACE('',(#10663),#10673,.F.);
#10663 = FACE_BOUND('',#10664,.F.);
#10664 = EDGE_LOOP('',(#10665,#10666,#10667,#10672));
#10665 = ORIENTED_EDGE('',*,*,#10648,.F.);
#10666 = ORIENTED_EDGE('',*,*,#10289,.T.);
#10667 = ORIENTED_EDGE('',*,*,#10668,.T.);
#10668 = EDGE_CURVE('',#10290,#3738,#10669,.T.);
#10669 = B_SPLINE_CURVE_WITH_KNOTS('',1,(#10670,#10671),.UNSPECIFIED.,
  .F.,.F.,(2,2),(-0.,1.E-03),.PIECEWISE_BEZIER_KNOTS.);
#10670 = CARTESIAN_POINT('',(0.86274491873,4.2505,5.882793063321));
#10671 = CARTESIAN_POINT('',(0.86274491873,4.2495,5.882793063321));
#10672 = ORIENTED_EDGE('',*,*,#3746,.F.);
#10673 = B_SPLINE_SURFACE_WITH_KNOTS('',3,1,(
    (#10674,#10675)
    ,(#10676,#10677)
    ,(#10678,#10679)
    ,(#10680,#10681
    )),.UNSPECIFIED.,.F.,.F.,.F.,(4,4),(2,2),(4.,5.),(0.,1.),
  .PIECEWISE_BEZIER_KNOTS.);
#10674 = CARTESIAN_POINT('',(0.829508571642,4.2505,5.879665294969));
#10675 = CARTESIAN_POINT('',(0.829508571642,4.2495,5.879665294969));
#10676 = CARTESIAN_POINT('',(0.841065911807,4.2505,5.881193292803));
#10677 = CARTESIAN_POINT('',(0.841065911807,4.2495,5.881193292803));
#10678 = CARTESIAN_POINT('',(0.851177323328,4.2505,5.882711021806));
#10679 = CARTESIAN_POINT('',(0.851177323328,4.2495,5.882711021806));
#10680 = CARTESIAN_POINT('',(0.86274491873,4.2505,5.882793063321));
#10681 = CARTESIAN_POINT('',(0.86274491873,4.2495,5.882793063321));
#10682 = ADVANCED_FACE('',(#10683),#10693,.F.);
#10683 = FACE_BOUND('',#10684,.F.);
#10684 = EDGE_LOOP('',(#10685,#10686,#10687,#10692));
#10685 = ORIENTED_EDGE('',*,*,#10668,.F.);
#10686 = ORIENTED_EDGE('',*,*,#10298,.T.);
#10687 = ORIENTED_EDGE('',*,*,#10688,.T.);
#10688 = EDGE_CURVE('',#10299,#3729,#10689,.T.);
#10689 = B_SPLINE_CURVE_WITH_KNOTS('',1,(#10690,#10691),.UNSPECIFIED.,
  .F.,.F.,(2,2),(-0.,1.E-03),.PIECEWISE_BEZIER_KNOTS.);
#10690 = CARTESIAN_POINT('',(1.029521510798,4.2505,5.814566769859));
#10691 = CARTESIAN_POINT('',(1.029521510798,4.2495,5.814566769859));
#10692 = ORIENTED_EDGE('',*,*,#3737,.F.);
#10693 = B_SPLINE_SURFACE_WITH_KNOTS('',3,1,(
    (#10694,#10695)
    ,(#10696,#10697)
    ,(#10698,#10699)
    ,(#10700,#10701
    )),.UNSPECIFIED.,.F.,.F.,.F.,(4,4),(2,2),(5.,6.),(0.,1.),
  .PIECEWISE_BEZIER_KNOTS.);
#10694 = CARTESIAN_POINT('',(0.86274491873,4.2505,5.882793063321));
#10695 = CARTESIAN_POINT('',(0.86274491873,4.2495,5.882793063321));
#10696 = CARTESIAN_POINT('',(0.924920806072,4.2505,5.883234036903));
#10697 = CARTESIAN_POINT('',(0.924920806072,4.2495,5.883234036903));
#10698 = CARTESIAN_POINT('',(0.984379119138,4.2505,5.859073339096));
#10699 = CARTESIAN_POINT('',(0.984379119138,4.2495,5.859073339096));
#10700 = CARTESIAN_POINT('',(1.029521510798,4.2505,5.814566769859));
#10701 = CARTESIAN_POINT('',(1.029521510798,4.2495,5.814566769859));
#10702 = ADVANCED_FACE('',(#10703),#10713,.F.);
#10703 = FACE_BOUND('',#10704,.F.);
#10704 = EDGE_LOOP('',(#10705,#10706,#10707,#10712));
#10705 = ORIENTED_EDGE('',*,*,#10688,.F.);
#10706 = ORIENTED_EDGE('',*,*,#10307,.T.);
#10707 = ORIENTED_EDGE('',*,*,#10708,.T.);
#10708 = EDGE_CURVE('',#10308,#3720,#10709,.T.);
#10709 = B_SPLINE_CURVE_WITH_KNOTS('',1,(#10710,#10711),.UNSPECIFIED.,
  .F.,.F.,(2,2),(-0.,1.E-03),.PIECEWISE_BEZIER_KNOTS.);
#10710 = CARTESIAN_POINT('',(1.098650329775,4.2505,5.650210392112));
#10711 = CARTESIAN_POINT('',(1.098650329775,4.2495,5.650210392112));
#10712 = ORIENTED_EDGE('',*,*,#3728,.F.);
#10713 = B_SPLINE_SURFACE_WITH_KNOTS('',3,1,(
    (#10714,#10715)
    ,(#10716,#10717)
    ,(#10718,#10719)
    ,(#10720,#10721
    )),.UNSPECIFIED.,.F.,.F.,.F.,(4,4),(2,2),(6.,7.),(0.,1.),
  .PIECEWISE_BEZIER_KNOTS.);
#10714 = CARTESIAN_POINT('',(1.029521510798,4.2505,5.814566769859));
#10715 = CARTESIAN_POINT('',(1.029521510798,4.2495,5.814566769859));
#10716 = CARTESIAN_POINT('',(1.073207728725,4.2505,5.771495915764));
#10717 = CARTESIAN_POINT('',(1.073207728725,4.2495,5.771495915764));
#10718 = CARTESIAN_POINT('',(1.09820935629,4.2505,5.712386265663));
#10719 = CARTESIAN_POINT('',(1.09820935629,4.2495,5.712386265663));
#10720 = CARTESIAN_POINT('',(1.098650329775,4.2505,5.650210392112));
#10721 = CARTESIAN_POINT('',(1.098650329775,4.2495,5.650210392112));
#10722 = ADVANCED_FACE('',(#10723),#10733,.F.);
#10723 = FACE_BOUND('',#10724,.F.);
#10724 = EDGE_LOOP('',(#10725,#10726,#10727,#10732));
#10725 = ORIENTED_EDGE('',*,*,#10708,.F.);
#10726 = ORIENTED_EDGE('',*,*,#10316,.T.);
#10727 = ORIENTED_EDGE('',*,*,#10728,.T.);
#10728 = EDGE_CURVE('',#10317,#3711,#10729,.T.);
#10729 = B_SPLINE_CURVE_WITH_KNOTS('',1,(#10730,#10731),.UNSPECIFIED.,
  .F.,.F.,(2,2),(-0.,1.E-03),.PIECEWISE_BEZIER_KNOTS.);
#10730 = CARTESIAN_POINT('',(1.039038215224,4.2505,5.492171069198));
#10731 = CARTESIAN_POINT('',(1.039038215224,4.2495,5.492171069198));
#10732 = ORIENTED_EDGE('',*,*,#3719,.F.);
#10733 = B_SPLINE_SURFACE_WITH_KNOTS('',3,1,(
    (#10734,#10735)
    ,(#10736,#10737)
    ,(#10738,#10739)
    ,(#10740,#10741
    )),.UNSPECIFIED.,.F.,.F.,.F.,(4,4),(2,2),(7.,8.),(0.,1.),
  .PIECEWISE_BEZIER_KNOTS.);
#10734 = CARTESIAN_POINT('',(1.098650329775,4.2505,5.650210392112));
#10735 = CARTESIAN_POINT('',(1.098650329775,4.2495,5.650210392112));
#10736 = CARTESIAN_POINT('',(1.09906053774,4.2505,5.592372359941));
#10737 = CARTESIAN_POINT('',(1.09906053774,4.2495,5.592372359941));
#10738 = CARTESIAN_POINT('',(1.0777712286,4.2505,5.535826428524));
#10739 = CARTESIAN_POINT('',(1.0777712286,4.2495,5.535826428524));
#10740 = CARTESIAN_POINT('',(1.039038215224,4.2505,5.492171069198));
#10741 = CARTESIAN_POINT('',(1.039038215224,4.2495,5.492171069198));
#10742 = ADVANCED_FACE('',(#10743),#10753,.F.);
#10743 = FACE_BOUND('',#10744,.F.);
#10744 = EDGE_LOOP('',(#10745,#10746,#10747,#10752));
#10745 = ORIENTED_EDGE('',*,*,#10728,.F.);
#10746 = ORIENTED_EDGE('',*,*,#10325,.T.);
#10747 = ORIENTED_EDGE('',*,*,#10748,.T.);
#10748 = EDGE_CURVE('',#10326,#3702,#10749,.T.);
#10749 = B_SPLINE_CURVE_WITH_KNOTS('',1,(#10750,#10751),.UNSPECIFIED.,
  .F.,.F.,(2,2),(-0.,1.E-03),.PIECEWISE_BEZIER_KNOTS.);
#10750 = CARTESIAN_POINT('',(0.923854400364,4.2505,5.421945025694));
#10751 = CARTESIAN_POINT('',(0.923854400364,4.2495,5.421945025694));
#10752 = ORIENTED_EDGE('',*,*,#3710,.F.);
#10753 = B_SPLINE_SURFACE_WITH_KNOTS('',3,1,(
    (#10754,#10755)
    ,(#10756,#10757)
    ,(#10758,#10759)
    ,(#10760,#10761
    )),.UNSPECIFIED.,.F.,.F.,.F.,(4,4),(2,2),(8.,9.),(0.,1.),
  .PIECEWISE_BEZIER_KNOTS.);
#10754 = CARTESIAN_POINT('',(1.039038215224,4.2505,5.492171069198));
#10755 = CARTESIAN_POINT('',(1.039038215224,4.2495,5.492171069198));
#10756 = CARTESIAN_POINT('',(1.007473425225,4.2505,5.45724261347));
#10757 = CARTESIAN_POINT('',(1.007473425225,4.2495,5.45724261347));
#10758 = CARTESIAN_POINT('',(0.968596825508,4.2505,5.433830532211));
#10759 = CARTESIAN_POINT('',(0.968596825508,4.2495,5.433830532211));
#10760 = CARTESIAN_POINT('',(0.923854400364,4.2505,5.421945025694));
#10761 = CARTESIAN_POINT('',(0.923854400364,4.2495,5.421945025694));
#10762 = ADVANCED_FACE('',(#10763),#10773,.F.);
#10763 = FACE_BOUND('',#10764,.F.);
#10764 = EDGE_LOOP('',(#10765,#10766,#10767,#10772));
#10765 = ORIENTED_EDGE('',*,*,#10748,.F.);
#10766 = ORIENTED_EDGE('',*,*,#10334,.T.);
#10767 = ORIENTED_EDGE('',*,*,#10768,.T.);
#10768 = EDGE_CURVE('',#10335,#3693,#10769,.T.);
#10769 = B_SPLINE_CURVE_WITH_KNOTS('',1,(#10770,#10771),.UNSPECIFIED.,
  .F.,.F.,(2,2),(-0.,1.E-03),.PIECEWISE_BEZIER_KNOTS.);
#10770 = CARTESIAN_POINT('',(0.787186413632,4.2505,5.32264613802));
#10771 = CARTESIAN_POINT('',(0.787186413632,4.2495,5.32264613802));
#10772 = ORIENTED_EDGE('',*,*,#3701,.F.);
#10773 = B_SPLINE_SURFACE_WITH_KNOTS('',3,1,(
    (#10774,#10775)
    ,(#10776,#10777)
    ,(#10778,#10779)
    ,(#10780,#10781
    )),.UNSPECIFIED.,.F.,.F.,.F.,(4,4),(2,2),(9.,10.),(0.,1.),
  .PIECEWISE_BEZIER_KNOTS.);
#10774 = CARTESIAN_POINT('',(0.923854400364,4.2505,5.421945025694));
#10775 = CARTESIAN_POINT('',(0.923854400364,4.2495,5.421945025694));
#10776 = CARTESIAN_POINT('',(0.905467245117,4.2505,5.363973675914));
#10777 = CARTESIAN_POINT('',(0.905467245117,4.2495,5.363973675914));
#10778 = CARTESIAN_POINT('',(0.850808271084,4.2505,5.323097366938));
#10779 = CARTESIAN_POINT('',(0.850808271084,4.2495,5.323097366938));
#10780 = CARTESIAN_POINT('',(0.787186413632,4.2505,5.32264613802));
#10781 = CARTESIAN_POINT('',(0.787186413632,4.2495,5.32264613802));
#10782 = ADVANCED_FACE('',(#10783),#10793,.F.);
#10783 = FACE_BOUND('',#10784,.F.);
#10784 = EDGE_LOOP('',(#10785,#10786,#10787,#10792));
#10785 = ORIENTED_EDGE('',*,*,#10768,.F.);
#10786 = ORIENTED_EDGE('',*,*,#10343,.T.);
#10787 = ORIENTED_EDGE('',*,*,#10788,.T.);
#10788 = EDGE_CURVE('',#10344,#3684,#10789,.T.);
#10789 = B_SPLINE_CURVE_WITH_KNOTS('',1,(#10790,#10791),.UNSPECIFIED.,
  .F.,.F.,(2,2),(-0.,1.E-03),.PIECEWISE_BEZIER_KNOTS.);
#10790 = CARTESIAN_POINT('',(0.641565813292,4.2505,5.466215698532));
#10791 = CARTESIAN_POINT('',(0.641565813292,4.2495,5.466215698532));
#10792 = ORIENTED_EDGE('',*,*,#3692,.F.);
#10793 = B_SPLINE_SURFACE_WITH_KNOTS('',3,1,(
    (#10794,#10795)
    ,(#10796,#10797)
    ,(#10798,#10799)
    ,(#10800,#10801
    )),.UNSPECIFIED.,.F.,.F.,.F.,(4,4),(2,2),(10.,11.),(0.,1.),
  .PIECEWISE_BEZIER_KNOTS.);
#10794 = CARTESIAN_POINT('',(0.787186413632,4.2505,5.32264613802));
#10795 = CARTESIAN_POINT('',(0.787186413632,4.2495,5.32264613802));
#10796 = CARTESIAN_POINT('',(0.707659119398,4.2505,5.322082102067));
#10797 = CARTESIAN_POINT('',(0.707659119398,4.2495,5.322082102067));
#10798 = CARTESIAN_POINT('',(0.642129849244,4.2505,5.386688404297));
#10799 = CARTESIAN_POINT('',(0.642129849244,4.2495,5.386688404297));
#10800 = CARTESIAN_POINT('',(0.641565813292,4.2505,5.466215698532));
#10801 = CARTESIAN_POINT('',(0.641565813292,4.2495,5.466215698532));
#10802 = ADVANCED_FACE('',(#10803),#10813,.F.);
#10803 = FACE_BOUND('',#10804,.T.);
#10804 = EDGE_LOOP('',(#10805,#10806,#10811,#10812));
#10805 = ORIENTED_EDGE('',*,*,#3683,.T.);
#10806 = ORIENTED_EDGE('',*,*,#10807,.F.);
#10807 = EDGE_CURVE('',#10353,#3677,#10808,.T.);
#10808 = B_SPLINE_CURVE_WITH_KNOTS('',1,(#10809,#10810),.UNSPECIFIED.,
  .F.,.F.,(2,2),(-0.,1.E-03),.PIECEWISE_BEZIER_KNOTS.);
#10809 = CARTESIAN_POINT('',(0.6414632613,4.2505,5.480675206576));
#10810 = CARTESIAN_POINT('',(0.6414632613,4.2495,5.480675206576));
#10811 = ORIENTED_EDGE('',*,*,#10352,.F.);
#10812 = ORIENTED_EDGE('',*,*,#10788,.T.);
#10813 = B_SPLINE_SURFACE_WITH_KNOTS('',1,1,(
    (#10814,#10815)
    ,(#10816,#10817
    )),.UNSPECIFIED.,.F.,.F.,.F.,(2,2),(2,2),(-1.445987170667E-02,0.),(
    -1.E-03,7.01038499757E-32),.PIECEWISE_BEZIER_KNOTS.);
#10814 = CARTESIAN_POINT('',(0.6414632613,4.2495,5.480675206576));
#10815 = CARTESIAN_POINT('',(0.6414632613,4.2505,5.480675206576));
#10816 = CARTESIAN_POINT('',(0.641565813292,4.2495,5.466215698532));
#10817 = CARTESIAN_POINT('',(0.641565813292,4.2505,5.466215698532));
#10818 = ADVANCED_FACE('',(#10819),#10829,.F.);
#10819 = FACE_BOUND('',#10820,.T.);
#10820 = EDGE_LOOP('',(#10821,#10822,#10827,#10828));
#10821 = ORIENTED_EDGE('',*,*,#3676,.T.);
#10822 = ORIENTED_EDGE('',*,*,#10823,.F.);
#10823 = EDGE_CURVE('',#10362,#3670,#10824,.T.);
#10824 = B_SPLINE_CURVE_WITH_KNOTS('',1,(#10825,#10826),.UNSPECIFIED.,
  .F.,.F.,(2,2),(-0.,1.E-03),.PIECEWISE_BEZIER_KNOTS.);
#10825 = CARTESIAN_POINT('',(0.438271264006,4.2505,5.586239832696));
#10826 = CARTESIAN_POINT('',(0.438271264006,4.2495,5.586239832696));
#10827 = ORIENTED_EDGE('',*,*,#10361,.F.);
#10828 = ORIENTED_EDGE('',*,*,#10807,.T.);
#10829 = B_SPLINE_SURFACE_WITH_KNOTS('',1,1,(
    (#10830,#10831)
    ,(#10832,#10833
    )),.UNSPECIFIED.,.F.,.F.,.F.,(2,2),(2,2),(-0.228977898611,
    9.851974150517E-17),(-1.E-03,8.881784197001E-16),
  .PIECEWISE_BEZIER_KNOTS.);
#10830 = CARTESIAN_POINT('',(0.438271264006,4.2495,5.586239832696));
#10831 = CARTESIAN_POINT('',(0.438271264006,4.2505,5.586239832696));
#10832 = CARTESIAN_POINT('',(0.6414632613,4.2495,5.480675206576));
#10833 = CARTESIAN_POINT('',(0.6414632613,4.2505,5.480675206576));
#10834 = ADVANCED_FACE('',(#10835),#10845,.F.);
#10835 = FACE_BOUND('',#10836,.T.);
#10836 = EDGE_LOOP('',(#10837,#10838,#10843,#10844));
#10837 = ORIENTED_EDGE('',*,*,#3669,.T.);
#10838 = ORIENTED_EDGE('',*,*,#10839,.F.);
#10839 = EDGE_CURVE('',#10369,#3663,#10840,.T.);
#10840 = B_SPLINE_CURVE_WITH_KNOTS('',1,(#10841,#10842),.UNSPECIFIED.,
  .F.,.F.,(2,2),(-0.,1.E-03),.PIECEWISE_BEZIER_KNOTS.);
#10841 = CARTESIAN_POINT('',(0.482552191204,4.2505,5.663193152886));
#10842 = CARTESIAN_POINT('',(0.482552191204,4.2495,5.663193152886));
#10843 = ORIENTED_EDGE('',*,*,#10368,.F.);
#10844 = ORIENTED_EDGE('',*,*,#10823,.T.);
#10845 = B_SPLINE_SURFACE_WITH_KNOTS('',1,1,(
    (#10846,#10847)
    ,(#10848,#10849
    )),.UNSPECIFIED.,.F.,.F.,.F.,(2,2),(2,2),(-8.878408642163E-02,
    1.741370973202E-18),(-1.000000000001E-03,0.),
  .PIECEWISE_BEZIER_KNOTS.);
#10846 = CARTESIAN_POINT('',(0.482552191204,4.2495,5.663193152886));
#10847 = CARTESIAN_POINT('',(0.482552191204,4.2505,5.663193152886));
#10848 = CARTESIAN_POINT('',(0.438271264006,4.2495,5.586239832696));
#10849 = CARTESIAN_POINT('',(0.438271264006,4.2505,5.586239832696));
#10850 = ADVANCED_FACE('',(#10851),#10861,.F.);
#10851 = FACE_BOUND('',#10852,.T.);
#10852 = EDGE_LOOP('',(#10853,#10854,#10859,#10860));
#10853 = ORIENTED_EDGE('',*,*,#3662,.T.);
#10854 = ORIENTED_EDGE('',*,*,#10855,.F.);
#10855 = EDGE_CURVE('',#10376,#3654,#10856,.T.);
#10856 = B_SPLINE_CURVE_WITH_KNOTS('',1,(#10857,#10858),.UNSPECIFIED.,
  .F.,.F.,(2,2),(-0.,1.E-03),.PIECEWISE_BEZIER_KNOTS.);
#10857 = CARTESIAN_POINT('',(0.677027457399,4.2505,5.563350793233));
#10858 = CARTESIAN_POINT('',(0.677027457399,4.2495,5.563350793233));
#10859 = ORIENTED_EDGE('',*,*,#10375,.F.);
#10860 = ORIENTED_EDGE('',*,*,#10839,.T.);
#10861 = B_SPLINE_SURFACE_WITH_KNOTS('',1,1,(
    (#10862,#10863)
    ,(#10864,#10865
    )),.UNSPECIFIED.,.F.,.F.,.F.,(2,2),(2,2),(-0.218607241286,
    3.10605796401E-18),(-1.E-03,2.465190328816E-32),
  .PIECEWISE_BEZIER_KNOTS.);
#10862 = CARTESIAN_POINT('',(0.677027457399,4.2495,5.563350793233));
#10863 = CARTESIAN_POINT('',(0.677027457399,4.2505,5.563350793233));
#10864 = CARTESIAN_POINT('',(0.482552191204,4.2495,5.663193152886));
#10865 = CARTESIAN_POINT('',(0.482552191204,4.2505,5.663193152886));
#10866 = ADVANCED_FACE('',(#10867),#10877,.F.);
#10867 = FACE_BOUND('',#10868,.F.);
#10868 = EDGE_LOOP('',(#10869,#10870,#10871,#10876));
#10869 = ORIENTED_EDGE('',*,*,#10855,.F.);
#10870 = ORIENTED_EDGE('',*,*,#10382,.T.);
#10871 = ORIENTED_EDGE('',*,*,#10872,.T.);
#10872 = EDGE_CURVE('',#10383,#3645,#10873,.T.);
#10873 = B_SPLINE_CURVE_WITH_KNOTS('',1,(#10874,#10875),.UNSPECIFIED.,
  .F.,.F.,(2,2),(-0.,1.E-03),.PIECEWISE_BEZIER_KNOTS.);
#10874 = CARTESIAN_POINT('',(0.785125090987,4.2505,5.613282254997));
#10875 = CARTESIAN_POINT('',(0.785125090987,4.2495,5.613282254997));
#10876 = ORIENTED_EDGE('',*,*,#3653,.F.);
#10877 = B_SPLINE_SURFACE_WITH_KNOTS('',3,1,(
    (#10878,#10879)
    ,(#10880,#10881)
    ,(#10882,#10883)
    ,(#10884,#10885
    )),.UNSPECIFIED.,.F.,.F.,.F.,(4,4),(2,2),(15.,16.),(0.,1.),
  .PIECEWISE_BEZIER_KNOTS.);
#10878 = CARTESIAN_POINT('',(0.677027457399,4.2505,5.563350793233));
#10879 = CARTESIAN_POINT('',(0.677027457399,4.2495,5.563350793233));
#10880 = CARTESIAN_POINT('',(0.702839201623,4.2505,5.593900359145));
#10881 = CARTESIAN_POINT('',(0.702839201623,4.2495,5.593900359145));
#10882 = CARTESIAN_POINT('',(0.741746566859,4.2505,5.612974599023));
#10883 = CARTESIAN_POINT('',(0.741746566859,4.2495,5.612974599023));
#10884 = CARTESIAN_POINT('',(0.785125090987,4.2505,5.613282254997));
#10885 = CARTESIAN_POINT('',(0.785125090987,4.2495,5.613282254997));
#10886 = ADVANCED_FACE('',(#10887),#10897,.F.);
#10887 = FACE_BOUND('',#10888,.F.);
#10888 = EDGE_LOOP('',(#10889,#10890,#10891,#10896));
#10889 = ORIENTED_EDGE('',*,*,#10872,.F.);
#10890 = ORIENTED_EDGE('',*,*,#10391,.T.);
#10891 = ORIENTED_EDGE('',*,*,#10892,.T.);
#10892 = EDGE_CURVE('',#10392,#3636,#10893,.T.);
#10893 = B_SPLINE_CURVE_WITH_KNOTS('',1,(#10894,#10895),.UNSPECIFIED.,
  .F.,.F.,(2,2),(-0.,1.E-03),.PIECEWISE_BEZIER_KNOTS.);
#10894 = CARTESIAN_POINT('',(0.921721304255,4.2505,5.51881348508));
#10895 = CARTESIAN_POINT('',(0.921721304255,4.2495,5.51881348508));
#10896 = ORIENTED_EDGE('',*,*,#3644,.F.);
#10897 = B_SPLINE_SURFACE_WITH_KNOTS('',3,1,(
    (#10898,#10899)
    ,(#10900,#10901)
    ,(#10902,#10903)
    ,(#10904,#10905
    )),.UNSPECIFIED.,.F.,.F.,.F.,(4,4),(2,2),(16.,17.),(0.,1.),
  .PIECEWISE_BEZIER_KNOTS.);
#10898 = CARTESIAN_POINT('',(0.785125090987,4.2505,5.613282254997));
#10899 = CARTESIAN_POINT('',(0.785125090987,4.2495,5.613282254997));
#10900 = CARTESIAN_POINT('',(0.847300992118,4.2505,5.613723228678));
#10901 = CARTESIAN_POINT('',(0.847300992118,4.2495,5.613723228678));
#10902 = CARTESIAN_POINT('',(0.901088300826,4.2505,5.573616059441));
#10903 = CARTESIAN_POINT('',(0.901088300826,4.2495,5.573616059441));
#10904 = CARTESIAN_POINT('',(0.921721304255,4.2505,5.51881348508));
#10905 = CARTESIAN_POINT('',(0.921721304255,4.2495,5.51881348508));
#10906 = ADVANCED_FACE('',(#10907),#10917,.F.);
#10907 = FACE_BOUND('',#10908,.F.);
#10908 = EDGE_LOOP('',(#10909,#10910,#10911,#10916));
#10909 = ORIENTED_EDGE('',*,*,#10892,.F.);
#10910 = ORIENTED_EDGE('',*,*,#10400,.T.);
#10911 = ORIENTED_EDGE('',*,*,#10912,.T.);
#10912 = EDGE_CURVE('',#10401,#3627,#10913,.T.);
#10913 = B_SPLINE_CURVE_WITH_KNOTS('',1,(#10914,#10915),.UNSPECIFIED.,
  .F.,.F.,(2,2),(-0.,1.E-03),.PIECEWISE_BEZIER_KNOTS.);
#10914 = CARTESIAN_POINT('',(1.007534874112,4.2505,5.652456282052));
#10915 = CARTESIAN_POINT('',(1.007534874112,4.2495,5.652456282052));
#10916 = ORIENTED_EDGE('',*,*,#3635,.F.);
#10917 = B_SPLINE_SURFACE_WITH_KNOTS('',3,1,(
    (#10918,#10919)
    ,(#10920,#10921)
    ,(#10922,#10923)
    ,(#10924,#10925
    )),.UNSPECIFIED.,.F.,.F.,.F.,(4,4),(2,2),(17.,18.),(0.,1.),
  .PIECEWISE_BEZIER_KNOTS.);
#10918 = CARTESIAN_POINT('',(0.921721304255,4.2505,5.51881348508));
#10919 = CARTESIAN_POINT('',(0.921721304255,4.2495,5.51881348508));
#10920 = CARTESIAN_POINT('',(0.972165499178,4.2505,5.542307635433));
#10921 = CARTESIAN_POINT('',(0.972165499178,4.2495,5.542307635433));
#10922 = CARTESIAN_POINT('',(1.007955337315,4.2505,5.593172293561));
#10923 = CARTESIAN_POINT('',(1.007955337315,4.2495,5.593172293561));
#10924 = CARTESIAN_POINT('',(1.007534874112,4.2505,5.652456282052));
#10925 = CARTESIAN_POINT('',(1.007534874112,4.2495,5.652456282052));
#10926 = ADVANCED_FACE('',(#10927),#10937,.F.);
#10927 = FACE_BOUND('',#10928,.F.);
#10928 = EDGE_LOOP('',(#10929,#10930,#10931,#10936));
#10929 = ORIENTED_EDGE('',*,*,#10912,.F.);
#10930 = ORIENTED_EDGE('',*,*,#10409,.T.);
#10931 = ORIENTED_EDGE('',*,*,#10932,.T.);
#10932 = EDGE_CURVE('',#10410,#3618,#10933,.T.);
#10933 = B_SPLINE_CURVE_WITH_KNOTS('',1,(#10934,#10935),.UNSPECIFIED.,
  .F.,.F.,(2,2),(-0.,1.E-03),.PIECEWISE_BEZIER_KNOTS.);
#10934 = CARTESIAN_POINT('',(0.861914273772,4.2505,5.796025842564));
#10935 = CARTESIAN_POINT('',(0.861914273772,4.2495,5.796025842564));
#10936 = ORIENTED_EDGE('',*,*,#3626,.F.);
#10937 = B_SPLINE_SURFACE_WITH_KNOTS('',3,1,(
    (#10938,#10939)
    ,(#10940,#10941)
    ,(#10942,#10943)
    ,(#10944,#10945
    )),.UNSPECIFIED.,.F.,.F.,.F.,(4,4),(2,2),(18.,19.),(0.,1.),
  .PIECEWISE_BEZIER_KNOTS.);
#10938 = CARTESIAN_POINT('',(1.007534874112,4.2505,5.652456282052));
#10939 = CARTESIAN_POINT('',(1.007534874112,4.2495,5.652456282052));
#10940 = CARTESIAN_POINT('',(1.006970838159,4.2505,5.731983576287));
#10941 = CARTESIAN_POINT('',(1.006970838159,4.2495,5.731983576287));
#10942 = CARTESIAN_POINT('',(0.941441568006,4.2505,5.796589878517));
#10943 = CARTESIAN_POINT('',(0.941441568006,4.2495,5.796589878517));
#10944 = CARTESIAN_POINT('',(0.861914273772,4.2505,5.796025842564));
#10945 = CARTESIAN_POINT('',(0.861914273772,4.2495,5.796025842564));
#10946 = ADVANCED_FACE('',(#10947),#10957,.F.);
#10947 = FACE_BOUND('',#10948,.F.);
#10948 = EDGE_LOOP('',(#10949,#10950,#10951,#10956));
#10949 = ORIENTED_EDGE('',*,*,#10932,.F.);
#10950 = ORIENTED_EDGE('',*,*,#10418,.T.);
#10951 = ORIENTED_EDGE('',*,*,#10952,.T.);
#10952 = EDGE_CURVE('',#10419,#3609,#10953,.T.);
#10953 = B_SPLINE_CURVE_WITH_KNOTS('',1,(#10954,#10955),.UNSPECIFIED.,
  .F.,.F.,(2,2),(-0.,1.E-03),.PIECEWISE_BEZIER_KNOTS.);
#10954 = CARTESIAN_POINT('',(0.785432720164,4.2505,5.773793055024));
#10955 = CARTESIAN_POINT('',(0.785432720164,4.2495,5.773793055024));
#10956 = ORIENTED_EDGE('',*,*,#3617,.F.);
#10957 = B_SPLINE_SURFACE_WITH_KNOTS('',3,1,(
    (#10958,#10959)
    ,(#10960,#10961)
    ,(#10962,#10963)
    ,(#10964,#10965
    )),.UNSPECIFIED.,.F.,.F.,.F.,(4,4),(2,2),(19.,20.),(0.,1.),
  .PIECEWISE_BEZIER_KNOTS.);
#10958 = CARTESIAN_POINT('',(0.861914273772,4.2505,5.796025842564));
#10959 = CARTESIAN_POINT('',(0.861914273772,4.2495,5.796025842564));
#10960 = CARTESIAN_POINT('',(0.834441214006,4.2505,5.79583099382));
#10961 = CARTESIAN_POINT('',(0.834441214006,4.2495,5.79583099382));
#10962 = CARTESIAN_POINT('',(0.807029685475,4.2505,5.786960434735));
#10963 = CARTESIAN_POINT('',(0.807029685475,4.2495,5.786960434735));
#10964 = CARTESIAN_POINT('',(0.785432720164,4.2505,5.773793055024));
#10965 = CARTESIAN_POINT('',(0.785432720164,4.2495,5.773793055024));
#10966 = ADVANCED_FACE('',(#10967),#10977,.F.);
#10967 = FACE_BOUND('',#10968,.F.);
#10968 = EDGE_LOOP('',(#10969,#10970,#10971,#10976));
#10969 = ORIENTED_EDGE('',*,*,#10952,.F.);
#10970 = ORIENTED_EDGE('',*,*,#10427,.T.);
#10971 = ORIENTED_EDGE('',*,*,#10972,.T.);
#10972 = EDGE_CURVE('',#10428,#3600,#10973,.T.);
#10973 = B_SPLINE_CURVE_WITH_KNOTS('',1,(#10974,#10975),.UNSPECIFIED.,
  .F.,.F.,(2,2),(-0.,1.E-03),.PIECEWISE_BEZIER_KNOTS.);
#10974 = CARTESIAN_POINT('',(0.590690846918,4.2505,5.911230058562));
#10975 = CARTESIAN_POINT('',(0.590690846918,4.2495,5.911230058562));
#10976 = ORIENTED_EDGE('',*,*,#3608,.F.);
#10977 = B_SPLINE_SURFACE_WITH_KNOTS('',3,1,(
    (#10978,#10979)
    ,(#10980,#10981)
    ,(#10982,#10983)
    ,(#10984,#10985
    )),.UNSPECIFIED.,.F.,.F.,.F.,(4,4),(2,2),(20.,21.),(0.,1.),
  .PIECEWISE_BEZIER_KNOTS.);
#10978 = CARTESIAN_POINT('',(0.785432720164,4.2505,5.773793055024));
#10979 = CARTESIAN_POINT('',(0.785432720164,4.2495,5.773793055024));
#10980 = CARTESIAN_POINT('',(0.757385397374,4.2505,5.854571374293));
#10981 = CARTESIAN_POINT('',(0.757385397374,4.2495,5.854571374293));
#10982 = CARTESIAN_POINT('',(0.681785736556,4.2505,5.91187613603));
#10983 = CARTESIAN_POINT('',(0.681785736556,4.2495,5.91187613603));
#10984 = CARTESIAN_POINT('',(0.590690846918,4.2505,5.911230058562));
#10985 = CARTESIAN_POINT('',(0.590690846918,4.2495,5.911230058562));
#10986 = ADVANCED_FACE('',(#10987),#10997,.F.);
#10987 = FACE_BOUND('',#10988,.F.);
#10988 = EDGE_LOOP('',(#10989,#10990,#10991,#10996));
#10989 = ORIENTED_EDGE('',*,*,#10972,.F.);
#10990 = ORIENTED_EDGE('',*,*,#10436,.T.);
#10991 = ORIENTED_EDGE('',*,*,#10992,.T.);
#10992 = EDGE_CURVE('',#10437,#3591,#10993,.T.);
#10993 = B_SPLINE_CURVE_WITH_KNOTS('',1,(#10994,#10995),.UNSPECIFIED.,
  .F.,.F.,(2,2),(-0.,1.E-03),.PIECEWISE_BEZIER_KNOTS.);
#10994 = CARTESIAN_POINT('',(0.389539634213,4.2505,5.72905048015));
#10995 = CARTESIAN_POINT('',(0.389539634213,4.2495,5.72905048015));
#10996 = ORIENTED_EDGE('',*,*,#3599,.F.);
#10997 = B_SPLINE_SURFACE_WITH_KNOTS('',3,1,(
    (#10998,#10999)
    ,(#11000,#11001)
    ,(#11002,#11003)
    ,(#11004,#11005
    )),.UNSPECIFIED.,.F.,.F.,.F.,(4,4),(2,2),(21.,22.),(0.,1.),
  .PIECEWISE_BEZIER_KNOTS.);
#10998 = CARTESIAN_POINT('',(0.590690846918,4.2505,5.911230058562));
#10999 = CARTESIAN_POINT('',(0.590690846918,4.2495,5.911230058562));
#11000 = CARTESIAN_POINT('',(0.486582377979,4.2505,5.910491684146));
#11001 = CARTESIAN_POINT('',(0.486582377979,4.2495,5.910491684146));
#11002 = CARTESIAN_POINT('',(0.400389365676,4.2505,5.830349077963));
#11003 = CARTESIAN_POINT('',(0.400389365676,4.2495,5.830349077963));
#11004 = CARTESIAN_POINT('',(0.389539634213,4.2505,5.72905048015));
#11005 = CARTESIAN_POINT('',(0.389539634213,4.2495,5.72905048015));
#11006 = ADVANCED_FACE('',(#11007),#11017,.F.);
#11007 = FACE_BOUND('',#11008,.T.);
#11008 = EDGE_LOOP('',(#11009,#11010,#11015,#11016));
#11009 = ORIENTED_EDGE('',*,*,#3590,.T.);
#11010 = ORIENTED_EDGE('',*,*,#11011,.F.);
#11011 = EDGE_CURVE('',#10446,#3582,#11012,.T.);
#11012 = B_SPLINE_CURVE_WITH_KNOTS('',1,(#11013,#11014),.UNSPECIFIED.,
  .F.,.F.,(2,2),(-0.,1.E-03),.PIECEWISE_BEZIER_KNOTS.);
#11013 = CARTESIAN_POINT('',(0.377972038811,4.2505,5.728968438635));
#11014 = CARTESIAN_POINT('',(0.377972038811,4.2495,5.728968438635));
#11015 = ORIENTED_EDGE('',*,*,#10445,.F.);
#11016 = ORIENTED_EDGE('',*,*,#10992,.T.);
#11017 = B_SPLINE_SURFACE_WITH_KNOTS('',1,1,(
    (#11018,#11019)
    ,(#11020,#11021
    )),.UNSPECIFIED.,.F.,.F.,.F.,(2,2),(2,2),(-1.156788633277E-02,0.),(
    -1.E-03,0.),.PIECEWISE_BEZIER_KNOTS.);
#11018 = CARTESIAN_POINT('',(0.377972038811,4.2495,5.728968438635));
#11019 = CARTESIAN_POINT('',(0.377972038811,4.2505,5.728968438635));
#11020 = CARTESIAN_POINT('',(0.389539634213,4.2495,5.72905048015));
#11021 = CARTESIAN_POINT('',(0.389539634213,4.2505,5.72905048015));
#11022 = ADVANCED_FACE('',(#11023),#11033,.F.);
#11023 = FACE_BOUND('',#11024,.F.);
#11024 = EDGE_LOOP('',(#11025,#11026,#11027,#11032));
#11025 = ORIENTED_EDGE('',*,*,#11011,.F.);
#11026 = ORIENTED_EDGE('',*,*,#10454,.T.);
#11027 = ORIENTED_EDGE('',*,*,#11028,.T.);
#11028 = EDGE_CURVE('',#10455,#3573,#11029,.T.);
#11029 = B_SPLINE_CURVE_WITH_KNOTS('',1,(#11030,#11031),.UNSPECIFIED.,
  .F.,.F.,(2,2),(-0.,1.E-03),.PIECEWISE_BEZIER_KNOTS.);
#11030 = CARTESIAN_POINT('',(0.265987792565,4.2505,5.61538438148));
#11031 = CARTESIAN_POINT('',(0.265987792565,4.2495,5.61538438148));
#11032 = ORIENTED_EDGE('',*,*,#3581,.F.);
#11033 = B_SPLINE_SURFACE_WITH_KNOTS('',3,1,(
    (#11034,#11035)
    ,(#11036,#11037)
    ,(#11038,#11039)
    ,(#11040,#11041
    )),.UNSPECIFIED.,.F.,.F.,.F.,(4,4),(2,2),(23.,24.),(0.,1.),
  .PIECEWISE_BEZIER_KNOTS.);
#11034 = CARTESIAN_POINT('',(0.377972038811,4.2505,5.728968438635));
#11035 = CARTESIAN_POINT('',(0.377972038811,4.2495,5.728968438635));
#11036 = CARTESIAN_POINT('',(0.315796165259,4.2505,5.728527465151));
#11037 = CARTESIAN_POINT('',(0.315796165259,4.2495,5.728527465151));
#11038 = CARTESIAN_POINT('',(0.26554681908,4.2505,5.677560255032));
#11039 = CARTESIAN_POINT('',(0.26554681908,4.2495,5.677560255032));
#11040 = CARTESIAN_POINT('',(0.265987792565,4.2505,5.61538438148));
#11041 = CARTESIAN_POINT('',(0.265987792565,4.2495,5.61538438148));
#11042 = ADVANCED_FACE('',(#11043),#11053,.F.);
#11043 = FACE_BOUND('',#11044,.F.);
#11044 = EDGE_LOOP('',(#11045,#11046,#11047,#11052));
#11045 = ORIENTED_EDGE('',*,*,#11028,.F.);
#11046 = ORIENTED_EDGE('',*,*,#10463,.T.);
#11047 = ORIENTED_EDGE('',*,*,#11048,.T.);
#11048 = EDGE_CURVE('',#10464,#3566,#11049,.T.);
#11049 = B_SPLINE_CURVE_WITH_KNOTS('',1,(#11050,#11051),.UNSPECIFIED.,
  .F.,.F.,(2,2),(-0.,1.E-03),.PIECEWISE_BEZIER_KNOTS.);
#11050 = CARTESIAN_POINT('',(0.370896166957,4.2505,5.503338604196));
#11051 = CARTESIAN_POINT('',(0.370896166957,4.2495,5.503338604196));
#11052 = ORIENTED_EDGE('',*,*,#3572,.F.);
#11053 = B_SPLINE_SURFACE_WITH_KNOTS('',3,1,(
    (#11054,#11055)
    ,(#11056,#11057)
    ,(#11058,#11059)
    ,(#11060,#11061
    )),.UNSPECIFIED.,.F.,.F.,.F.,(4,4),(2,2),(24.,25.),(0.,1.),
  .PIECEWISE_BEZIER_KNOTS.);
#11054 = CARTESIAN_POINT('',(0.265987792565,4.2505,5.61538438148));
#11055 = CARTESIAN_POINT('',(0.265987792565,4.2495,5.61538438148));
#11056 = CARTESIAN_POINT('',(0.266408255768,4.2505,5.556100392989));
#11057 = CARTESIAN_POINT('',(0.266408255768,4.2495,5.556100392989));
#11058 = CARTESIAN_POINT('',(0.311581385369,4.2505,5.507255982178));
#11059 = CARTESIAN_POINT('',(0.311581385369,4.2495,5.507255982178));
#11060 = CARTESIAN_POINT('',(0.370896166957,4.2505,5.503338604196));
#11061 = CARTESIAN_POINT('',(0.370896166957,4.2495,5.503338604196));
#11062 = ADVANCED_FACE('',(#11063),#11073,.F.);
#11063 = FACE_BOUND('',#11064,.T.);
#11064 = EDGE_LOOP('',(#11065,#11066,#11071,#11072));
#11065 = ORIENTED_EDGE('',*,*,#3565,.T.);
#11066 = ORIENTED_EDGE('',*,*,#11067,.F.);
#11067 = EDGE_CURVE('',#10473,#3557,#11068,.T.);
#11068 = B_SPLINE_CURVE_WITH_KNOTS('',1,(#11069,#11070),.UNSPECIFIED.,
  .F.,.F.,(2,2),(-0.,1.E-03),.PIECEWISE_BEZIER_KNOTS.);
#11069 = CARTESIAN_POINT('',(0.435963953149,4.2505,5.503800088157));
#11070 = CARTESIAN_POINT('',(0.435963953149,4.2495,5.503800088157));
#11071 = ORIENTED_EDGE('',*,*,#10472,.F.);
#11072 = ORIENTED_EDGE('',*,*,#11048,.T.);
#11073 = B_SPLINE_SURFACE_WITH_KNOTS('',1,1,(
    (#11074,#11075)
    ,(#11076,#11077
    )),.UNSPECIFIED.,.F.,.F.,.F.,(2,2),(2,2),(-6.506942267584E-02,
    3.491393528737E-18),(-1.E-03,1.566489369942E-36),
  .PIECEWISE_BEZIER_KNOTS.);
#11074 = CARTESIAN_POINT('',(0.435963953149,4.2495,5.503800088157));
#11075 = CARTESIAN_POINT('',(0.435963953149,4.2505,5.503800088157));
#11076 = CARTESIAN_POINT('',(0.370896166957,4.2495,5.503338604196));
#11077 = CARTESIAN_POINT('',(0.370896166957,4.2505,5.503338604196));
#11078 = ADVANCED_FACE('',(#11079),#11089,.F.);
#11079 = FACE_BOUND('',#11080,.F.);
#11080 = EDGE_LOOP('',(#11081,#11082,#11083,#11088));
#11081 = ORIENTED_EDGE('',*,*,#11067,.F.);
#11082 = ORIENTED_EDGE('',*,*,#10479,.T.);
#11083 = ORIENTED_EDGE('',*,*,#11084,.T.);
#11084 = EDGE_CURVE('',#10480,#3548,#11085,.T.);
#11085 = B_SPLINE_CURVE_WITH_KNOTS('',1,(#11086,#11087),.UNSPECIFIED.,
  .F.,.F.,(2,2),(-0.,1.E-03),.PIECEWISE_BEZIER_KNOTS.);
#11086 = CARTESIAN_POINT('',(0.444629380869,4.2505,5.505307547936));
#11087 = CARTESIAN_POINT('',(0.444629380869,4.2495,5.505307547936));
#11088 = ORIENTED_EDGE('',*,*,#3556,.F.);
#11089 = B_SPLINE_SURFACE_WITH_KNOTS('',3,1,(
    (#11090,#11091)
    ,(#11092,#11093)
    ,(#11094,#11095)
    ,(#11096,#11097
    )),.UNSPECIFIED.,.F.,.F.,.F.,(4,4),(2,2),(26.,27.),(0.,1.),
  .PIECEWISE_BEZIER_KNOTS.);
#11090 = CARTESIAN_POINT('',(0.435963953149,4.2505,5.503800088157));
#11091 = CARTESIAN_POINT('',(0.435963953149,4.2495,5.503800088157));
#11092 = CARTESIAN_POINT('',(0.43885586579,4.2505,5.503820598633));
#11093 = CARTESIAN_POINT('',(0.43885586579,4.2495,5.503820598633));
#11094 = CARTESIAN_POINT('',(0.441737523387,4.2505,5.50528703785));
#11095 = CARTESIAN_POINT('',(0.441737523387,4.2495,5.50528703785));
#11096 = CARTESIAN_POINT('',(0.444629380869,4.2505,5.505307547936));
#11097 = CARTESIAN_POINT('',(0.444629380869,4.2495,5.505307547936));
#11098 = ADVANCED_FACE('',(#11099),#11109,.F.);
#11099 = FACE_BOUND('',#11100,.F.);
#11100 = EDGE_LOOP('',(#11101,#11102,#11103,#11108));
#11101 = ORIENTED_EDGE('',*,*,#11084,.F.);
#11102 = ORIENTED_EDGE('',*,*,#10488,.T.);
#11103 = ORIENTED_EDGE('',*,*,#11104,.T.);
#11104 = EDGE_CURVE('',#10489,#3539,#11105,.T.);
#11105 = B_SPLINE_CURVE_WITH_KNOTS('',1,(#11106,#11107),.UNSPECIFIED.,
  .F.,.F.,(2,2),(-0.,1.E-03),.PIECEWISE_BEZIER_KNOTS.);
#11106 = CARTESIAN_POINT('',(0.489771744754,4.2505,5.460801006084));
#11107 = CARTESIAN_POINT('',(0.489771744754,4.2495,5.460801006084));
#11108 = ORIENTED_EDGE('',*,*,#3547,.F.);
#11109 = B_SPLINE_SURFACE_WITH_KNOTS('',3,1,(
    (#11110,#11111)
    ,(#11112,#11113)
    ,(#11114,#11115)
    ,(#11116,#11117
    )),.UNSPECIFIED.,.F.,.F.,.F.,(4,4),(2,2),(27.,28.),(0.,1.),
  .PIECEWISE_BEZIER_KNOTS.);
#11110 = CARTESIAN_POINT('',(0.444629380869,4.2505,5.505307547936));
#11111 = CARTESIAN_POINT('',(0.444629380869,4.2495,5.505307547936));
#11112 = CARTESIAN_POINT('',(0.469210555573,4.2505,5.505481886399));
#11113 = CARTESIAN_POINT('',(0.469210555573,4.2495,5.505481886399));
#11114 = CARTESIAN_POINT('',(0.489597406682,4.2505,5.48538212563));
#11115 = CARTESIAN_POINT('',(0.489597406682,4.2495,5.48538212563));
#11116 = CARTESIAN_POINT('',(0.489771744754,4.2505,5.460801006084));
#11117 = CARTESIAN_POINT('',(0.489771744754,4.2495,5.460801006084));
#11118 = ADVANCED_FACE('',(#11119),#11129,.F.);
#11119 = FACE_BOUND('',#11120,.F.);
#11120 = EDGE_LOOP('',(#11121,#11122,#11123,#11128));
#11121 = ORIENTED_EDGE('',*,*,#11104,.F.);
#11122 = ORIENTED_EDGE('',*,*,#10497,.T.);
#11123 = ORIENTED_EDGE('',*,*,#11124,.T.);
#11124 = EDGE_CURVE('',#10498,#3532,#11125,.T.);
#11125 = B_SPLINE_CURVE_WITH_KNOTS('',1,(#11126,#11127),.UNSPECIFIED.,
  .F.,.F.,(2,2),(-0.,1.E-03),.PIECEWISE_BEZIER_KNOTS.);
#11126 = CARTESIAN_POINT('',(0.448157060384,4.2505,5.415679152283));
#11127 = CARTESIAN_POINT('',(0.448157060384,4.2495,5.415679152283));
#11128 = ORIENTED_EDGE('',*,*,#3538,.F.);
#11129 = B_SPLINE_SURFACE_WITH_KNOTS('',3,1,(
    (#11130,#11131)
    ,(#11132,#11133)
    ,(#11134,#11135)
    ,(#11136,#11137
    )),.UNSPECIFIED.,.F.,.F.,.F.,(4,4),(2,2),(28.,29.),(0.,1.),
  .PIECEWISE_BEZIER_KNOTS.);
#11130 = CARTESIAN_POINT('',(0.489771744754,4.2505,5.460801006084));
#11131 = CARTESIAN_POINT('',(0.489771744754,4.2495,5.460801006084));
#11132 = CARTESIAN_POINT('',(0.489935827784,4.2505,5.437665815279));
#11133 = CARTESIAN_POINT('',(0.489935827784,4.2495,5.437665815279));
#11134 = CARTESIAN_POINT('',(0.471282051305,4.2505,5.417289164444));
#11135 = CARTESIAN_POINT('',(0.471282051305,4.2495,5.417289164444));
#11136 = CARTESIAN_POINT('',(0.448157060384,4.2505,5.415679152283));
#11137 = CARTESIAN_POINT('',(0.448157060384,4.2495,5.415679152283));
#11138 = ADVANCED_FACE('',(#11139),#11149,.F.);
#11139 = FACE_BOUND('',#11140,.T.);
#11140 = EDGE_LOOP('',(#11141,#11142,#11147,#11148));
#11141 = ORIENTED_EDGE('',*,*,#3531,.T.);
#11142 = ORIENTED_EDGE('',*,*,#11143,.F.);
#11143 = EDGE_CURVE('',#10507,#3523,#11144,.T.);
#11144 = B_SPLINE_CURVE_WITH_KNOTS('',1,(#11145,#11146),.UNSPECIFIED.,
  .F.,.F.,(2,2),(-0.,1.E-03),.PIECEWISE_BEZIER_KNOTS.);
#11145 = CARTESIAN_POINT('',(0.362845996027,4.2505,5.415074095768));
#11146 = CARTESIAN_POINT('',(0.362845996027,4.2495,5.415074095768));
#11147 = ORIENTED_EDGE('',*,*,#10506,.F.);
#11148 = ORIENTED_EDGE('',*,*,#11124,.T.);
#11149 = B_SPLINE_SURFACE_WITH_KNOTS('',1,1,(
    (#11150,#11151)
    ,(#11152,#11153
    )),.UNSPECIFIED.,.F.,.F.,.F.,(2,2),(2,2),(-4.337950480129E-03,
    8.097525948804E-02),(-1.E-03,1.977557656275E-33),
  .PIECEWISE_BEZIER_KNOTS.);
#11150 = CARTESIAN_POINT('',(0.362845996027,4.2495,5.415074095768));
#11151 = CARTESIAN_POINT('',(0.362845996027,4.2505,5.415074095768));
#11152 = CARTESIAN_POINT('',(0.448157060384,4.2495,5.415679152283));
#11153 = CARTESIAN_POINT('',(0.448157060384,4.2505,5.415679152283));
#11154 = ADVANCED_FACE('',(#11155),#11165,.F.);
#11155 = FACE_BOUND('',#11156,.F.);
#11156 = EDGE_LOOP('',(#11157,#11158,#11159,#11164));
#11157 = ORIENTED_EDGE('',*,*,#11143,.F.);
#11158 = ORIENTED_EDGE('',*,*,#10513,.T.);
#11159 = ORIENTED_EDGE('',*,*,#11160,.T.);
#11160 = EDGE_CURVE('',#10514,#3514,#11161,.T.);
#11161 = B_SPLINE_CURVE_WITH_KNOTS('',1,(#11162,#11163),.UNSPECIFIED.,
  .F.,.F.,(2,2),(-0.,1.E-03),.PIECEWISE_BEZIER_KNOTS.);
#11162 = CARTESIAN_POINT('',(0.230803010943,4.2505,5.479208658996));
#11163 = CARTESIAN_POINT('',(0.230803010943,4.2495,5.479208658996));
#11164 = ORIENTED_EDGE('',*,*,#3522,.F.);
#11165 = B_SPLINE_SURFACE_WITH_KNOTS('',3,1,(
    (#11166,#11167)
    ,(#11168,#11169)
    ,(#11170,#11171)
    ,(#11172,#11173
    )),.UNSPECIFIED.,.F.,.F.,.F.,(4,4),(2,2),(33.,34.),(0.,1.),
  .PIECEWISE_BEZIER_KNOTS.);
#11166 = CARTESIAN_POINT('',(0.362845996027,4.2505,5.415074095768));
#11167 = CARTESIAN_POINT('',(0.362845996027,4.2495,5.415074095768));
#11168 = CARTESIAN_POINT('',(0.31220695236,4.2505,5.41905300518));
#11169 = CARTESIAN_POINT('',(0.31220695236,4.2495,5.41905300518));
#11170 = CARTESIAN_POINT('',(0.26577243217,4.2505,5.441860084693));
#11171 = CARTESIAN_POINT('',(0.26577243217,4.2495,5.441860084693));
#11172 = CARTESIAN_POINT('',(0.230803010943,4.2505,5.479208658996));
#11173 = CARTESIAN_POINT('',(0.230803010943,4.2495,5.479208658996));
#11174 = ADVANCED_FACE('',(#11175),#11181,.F.);
#11175 = FACE_BOUND('',#11176,.F.);
#11176 = EDGE_LOOP('',(#11177,#11178,#11179,#11180));
#11177 = ORIENTED_EDGE('',*,*,#11160,.F.);
#11178 = ORIENTED_EDGE('',*,*,#10522,.T.);
#11179 = ORIENTED_EDGE('',*,*,#10562,.T.);
#11180 = ORIENTED_EDGE('',*,*,#3513,.F.);
#11181 = B_SPLINE_SURFACE_WITH_KNOTS('',3,1,(
    (#11182,#11183)
    ,(#11184,#11185)
    ,(#11186,#11187)
    ,(#11188,#11189
    )),.UNSPECIFIED.,.F.,.F.,.F.,(4,4),(2,2),(34.,35.),(0.,1.),
  .PIECEWISE_BEZIER_KNOTS.);
#11182 = CARTESIAN_POINT('',(0.230803010943,4.2505,5.479208658996));
#11183 = CARTESIAN_POINT('',(0.230803010943,4.2495,5.479208658996));
#11184 = CARTESIAN_POINT('',(0.195833534555,4.2505,5.516557232908));
#11185 = CARTESIAN_POINT('',(0.195833534555,4.2495,5.516557232908));
#11186 = CARTESIAN_POINT('',(0.176687508204,4.2505,5.565586264806));
#11187 = CARTESIAN_POINT('',(0.176687508204,4.2495,5.565586264806));
#11188 = CARTESIAN_POINT('',(0.176328576235,4.2505,5.616194542955));
#11189 = CARTESIAN_POINT('',(0.176328576235,4.2495,5.616194542955));
#11190 = ADVANCED_FACE('',(#11191),#11218,.T.);
#11191 = FACE_BOUND('',#11192,.T.);
#11192 = EDGE_LOOP('',(#11193,#11207,#11212,#11213));
#11193 = ORIENTED_EDGE('',*,*,#11194,.F.);
#11194 = EDGE_CURVE('',#11195,#11197,#11199,.T.);
#11195 = VERTEX_POINT('',#11196);
#11196 = CARTESIAN_POINT('',(0.788017058787,4.2495,5.409413331196));
#11197 = VERTEX_POINT('',#11198);
#11198 = CARTESIAN_POINT('',(0.787217152941,4.2495,5.522197538056));
#11199 = B_SPLINE_CURVE_WITH_KNOTS('',3,(#11200,#11201,#11202,#11203,
    #11204,#11205,#11206),.UNSPECIFIED.,.F.,.F.,(4,3,4),(0.,1.,2.),
  .PIECEWISE_BEZIER_KNOTS.);
#11200 = CARTESIAN_POINT('',(0.788017058787,4.2495,5.409413331196));
#11201 = CARTESIAN_POINT('',(0.756206157641,4.2495,5.409187716933));
#11202 = CARTESIAN_POINT('',(0.731440389039,4.2495,5.435040537073));
#11203 = CARTESIAN_POINT('',(0.731225030014,4.2495,5.465405481899));
#11204 = CARTESIAN_POINT('',(0.730999415554,4.2495,5.497216410624));
#11205 = CARTESIAN_POINT('',(0.756852180536,4.2495,5.521982178835));
#11206 = CARTESIAN_POINT('',(0.787217152941,4.2495,5.522197538056));
#11207 = ORIENTED_EDGE('',*,*,#11208,.F.);
#11208 = EDGE_CURVE('',#10532,#11195,#11209,.T.);
#11209 = B_SPLINE_CURVE_WITH_KNOTS('',1,(#11210,#11211),.UNSPECIFIED.,
  .F.,.F.,(2,2),(-0.,1.E-03),.PIECEWISE_BEZIER_KNOTS.);
#11210 = CARTESIAN_POINT('',(0.788017058787,4.2505,5.409413331196));
#11211 = CARTESIAN_POINT('',(0.788017058787,4.2495,5.409413331196));
#11212 = ORIENTED_EDGE('',*,*,#10531,.T.);
#11213 = ORIENTED_EDGE('',*,*,#11214,.T.);
#11214 = EDGE_CURVE('',#10534,#11197,#11215,.T.);
#11215 = B_SPLINE_CURVE_WITH_KNOTS('',1,(#11216,#11217),.UNSPECIFIED.,
  .F.,.F.,(2,2),(-0.,1.E-03),.PIECEWISE_BEZIER_KNOTS.);
#11216 = CARTESIAN_POINT('',(0.787217152941,4.2505,5.522197538056));
#11217 = CARTESIAN_POINT('',(0.787217152941,4.2495,5.522197538056));
#11218 = B_SPLINE_SURFACE_WITH_KNOTS('',3,1,(
    (#11219,#11220)
    ,(#11221,#11222)
    ,(#11223,#11224)
    ,(#11225,#11226)
    ,(#11227,#11228)
    ,(#11229,#11230)
    ,(#11231,#11232
  )),.UNSPECIFIED.,.F.,.F.,.F.,(4,3,4),(2,2),(0.,1.,2.),(0.,1.),
  .PIECEWISE_BEZIER_KNOTS.);
#11219 = CARTESIAN_POINT('',(0.788017058787,4.2505,5.409413331196));
#11220 = CARTESIAN_POINT('',(0.788017058787,4.2495,5.409413331196));
#11221 = CARTESIAN_POINT('',(0.756206157641,4.2505,5.409187716933));
#11222 = CARTESIAN_POINT('',(0.756206157641,4.2495,5.409187716933));
#11223 = CARTESIAN_POINT('',(0.731440389039,4.2505,5.435040537073));
#11224 = CARTESIAN_POINT('',(0.731440389039,4.2495,5.435040537073));
#11225 = CARTESIAN_POINT('',(0.731225030014,4.2505,5.465405481899));
#11226 = CARTESIAN_POINT('',(0.731225030014,4.2495,5.465405481899));
#11227 = CARTESIAN_POINT('',(0.730999415554,4.2505,5.497216410624));
#11228 = CARTESIAN_POINT('',(0.730999415554,4.2495,5.497216410624));
#11229 = CARTESIAN_POINT('',(0.756852180536,4.2505,5.521982178835));
#11230 = CARTESIAN_POINT('',(0.756852180536,4.2495,5.521982178835));
#11231 = CARTESIAN_POINT('',(0.787217152941,4.2505,5.522197538056));
#11232 = CARTESIAN_POINT('',(0.787217152941,4.2495,5.522197538056));
#11233 = ADVANCED_FACE('',(#11234),#11248,.T.);
#11234 = FACE_BOUND('',#11235,.T.);
#11235 = EDGE_LOOP('',(#11236,#11245,#11246,#11247));
#11236 = ORIENTED_EDGE('',*,*,#11237,.F.);
#11237 = EDGE_CURVE('',#11197,#11195,#11238,.T.);
#11238 = B_SPLINE_CURVE_WITH_KNOTS('',3,(#11239,#11240,#11241,#11242,
    #11243,#11244),.UNSPECIFIED.,.F.,.F.,(4,2,4),(2.,3.,4.),
  .UNSPECIFIED.);
#11239 = CARTESIAN_POINT('',(0.787217152941,4.2495,5.522197538056));
#11240 = CARTESIAN_POINT('',(0.817582125346,4.2495,5.522412897277));
#11241 = CARTESIAN_POINT('',(0.843783567255,4.2495,5.498016316079));
#11242 = CARTESIAN_POINT('',(0.844234796174,4.2495,5.434394458628));
#11243 = CARTESIAN_POINT('',(0.818382031192,4.2495,5.409628690417));
#11244 = CARTESIAN_POINT('',(0.788017058787,4.2495,5.409413331196));
#11245 = ORIENTED_EDGE('',*,*,#11214,.F.);
#11246 = ORIENTED_EDGE('',*,*,#10545,.T.);
#11247 = ORIENTED_EDGE('',*,*,#11208,.T.);
#11248 = B_SPLINE_SURFACE_WITH_KNOTS('',3,1,(
    (#11249,#11250)
    ,(#11251,#11252)
    ,(#11253,#11254)
    ,(#11255,#11256)
    ,(#11257,#11258)
    ,(#11259,#11260
  )),.UNSPECIFIED.,.F.,.F.,.F.,(4,2,4),(2,2),(2.,3.,4.),(0.,1.),
  .UNSPECIFIED.);
#11249 = CARTESIAN_POINT('',(0.787217152941,4.2505,5.522197538056));
#11250 = CARTESIAN_POINT('',(0.787217152941,4.2495,5.522197538056));
#11251 = CARTESIAN_POINT('',(0.817582125346,4.2505,5.522412897277));
#11252 = CARTESIAN_POINT('',(0.817582125346,4.2495,5.522412897277));
#11253 = CARTESIAN_POINT('',(0.843783567255,4.2505,5.498016316079));
#11254 = CARTESIAN_POINT('',(0.843783567255,4.2495,5.498016316079));
#11255 = CARTESIAN_POINT('',(0.844234796174,4.2505,5.434394458628));
#11256 = CARTESIAN_POINT('',(0.844234796174,4.2495,5.434394458628));
#11257 = CARTESIAN_POINT('',(0.818382031192,4.2505,5.409628690417));
#11258 = CARTESIAN_POINT('',(0.818382031192,4.2495,5.409628690417));
#11259 = CARTESIAN_POINT('',(0.788017058787,4.2505,5.409413331196));
#11260 = CARTESIAN_POINT('',(0.788017058787,4.2495,5.409413331196));
#11261 = ADVANCED_FACE('',(#11262),#11266,.T.);
#11262 = FACE_BOUND('',#11263,.T.);
#11263 = EDGE_LOOP('',(#11264,#11265));
#11264 = ORIENTED_EDGE('',*,*,#11194,.T.);
#11265 = ORIENTED_EDGE('',*,*,#11237,.T.);
#11266 = B_SPLINE_SURFACE_WITH_KNOTS('',1,1,(
    (#11267,#11268)
    ,(#11269,#11270
    )),.UNSPECIFIED.,.F.,.F.,.F.,(2,2),(2,2),(1.909187616933,
    2.022412797277),(4.530999415554,4.644234796174),
  .PIECEWISE_BEZIER_KNOTS.);
#11267 = CARTESIAN_POINT('',(0.730999415554,4.2495,5.409187716933));
#11268 = CARTESIAN_POINT('',(0.844234796174,4.2495,5.409187716933));
#11269 = CARTESIAN_POINT('',(0.730999415554,4.2495,5.522412897277));
#11270 = CARTESIAN_POINT('',(0.844234796174,4.2495,5.522412897277));
#11271 = ( GEOMETRIC_REPRESENTATION_CONTEXT(3) 
GLOBAL_UNCERTAINTY_ASSIGNED_CONTEXT((#11275)) 
GLOBAL_UNIT_ASSIGNED_CONTEXT((#11272,#11273,#11274)) 
REPRESENTATION_CONTEXT('Context #1',
  '3D Context with UNIT and UNCERTAINTY') );
#11272 = ( LENGTH_UNIT() NAMED_UNIT(*) SI_UNIT(.MILLI.,.METRE.) );
#11273 = ( NAMED_UNIT(*) PLANE_ANGLE_UNIT() SI_UNIT($,.RADIAN.) );
#11274 = ( NAMED_UNIT(*) SI_UNIT($,.STERADIAN.) SOLID_ANGLE_UNIT() );
#11275 = UNCERTAINTY_MEASURE_WITH_UNIT(LENGTH_MEASURE(1.E-07),#11272,
  'distance_accuracy_value','confusion accuracy');
#11276 = PRODUCT_RELATED_PRODUCT_CATEGORY('part',$,(#7));
#11277 = MECHANICAL_DESIGN_GEOMETRIC_PRESENTATION_REPRESENTATION('',(
    #11278,#11286,#11294,#11301,#11308,#11315,#11322,#11329,#11336,
    #11343,#11350,#11357,#11364,#11371,#11378,#11385,#11392,#11399,
    #11406,#11413,#11420,#11427,#11434,#11441,#11448,#11455,#11462,
    #11469,#11476,#11483,#11490,#11497,#11504,#11511,#11518,#11525,
    #11532,#11539,#11546,#11553,#11560,#11567,#11574,#11581,#11588,
    #11595,#11602,#11609,#11616,#11623,#11630,#11637,#11644,#11651,
    #11658,#11665,#11672,#11679,#11686,#11693,#11700,#11707,#11714,
    #11721,#11728,#11735,#11742,#11749,#11756,#11763,#11770,#11777,
    #11784,#11791,#11798,#11805,#11812,#11819,#11826,#11833,#11840,
    #11847,#11854,#11861,#11868,#11875,#11882,#11890,#11898,#11905,
    #11912,#11919,#11926,#11933,#11940,#11947,#11954,#11961,#11968,
    #11975,#11982,#11989,#11996,#12003,#12010,#12017,#12024,#12031,
    #12038,#12045,#12052,#12059,#12066,#12073,#12080,#12087,#12094,
    #12101,#12108,#12115,#12122,#12129,#12136,#12143,#12150,#12157,
    #12164,#12171,#12178,#12185,#12192,#12199,#12206,#12213,#12220,
    #12227,#12234,#12241,#12248,#12255,#12262,#12269,#12276,#12283,
    #12290,#12297,#12304,#12311,#12318,#12325,#12332,#12339,#12346,
    #12353,#12360,#12367,#12374,#12381,#12388,#12395,#12402,#12409,
    #12416,#12423,#12430,#12437,#12444,#12451,#12458,#12465,#12472,
    #12479,#12486,#12493,#12500,#12507,#12514,#12521,#12528,#12535,
    #12542,#12549,#12556,#12563,#12570,#12577,#12584,#12591,#12598,
    #12605,#12612,#12619,#12626,#12633,#12640,#12647,#12654,#12661,
    #12668,#12675,#12682,#12689,#12696,#12703,#12710,#12717,#12724,
    #12731,#12738,#12745,#12752,#12759,#12766,#12773,#12780,#12787,
    #12794,#12801,#12808,#12815,#12822,#12829,#12836,#12843,#12850,
    #12857,#12864,#12871,#12878,#12885,#12892,#12899,#12906,#12913,
    #12920,#12927,#12934,#12941,#12948,#12955,#12962,#12969,#12976,
    #12983,#12990,#12997,#13004,#13011,#13018,#13025,#13032,#13039,
    #13046,#13053,#13060,#13067,#13074,#13081,#13088,#13095,#13102,
    #13109,#13116,#13123,#13130,#13137,#13144,#13151,#13158,#13165,
    #13172,#13179,#13186,#13193,#13200,#13207,#13214,#13221,#13228,
    #13235,#13242,#13249,#13256,#13263,#13270,#13277,#13284,#13291,
    #13298,#13305,#13312,#13319,#13326,#13333,#13340,#13347,#13354,
    #13361,#13368,#13375,#13382,#13389,#13396,#13403,#13410,#13417,
    #13424,#13431,#13438,#13445,#13452,#13459,#13466,#13473,#13480,
    #13487,#13494,#13501,#13508,#13515,#13522,#13529,#13536,#13543,
    #13550,#13557,#13564,#13571,#13578,#13585,#13592,#13599,#13606,
    #13613,#13620,#13627,#13634,#13641,#13648,#13655,#13662,#13669,
    #13676,#13683,#13690,#13697,#13704,#13711,#13718,#13725,#13732,
    #13739,#13746,#13753,#13760,#13767,#13774,#13781,#13788,#13795,
    #13802,#13809,#13816,#13823,#13830,#13837,#13844,#13851,#13858,
    #13865,#13872,#13879,#13886,#13893),#11271);
#11278 = STYLED_ITEM('color',(#11279),#15);
#11279 = PRESENTATION_STYLE_ASSIGNMENT((#11280));
#11280 = SURFACE_STYLE_USAGE(.BOTH.,#11281);
#11281 = SURFACE_SIDE_STYLE('',(#11282));
#11282 = SURFACE_STYLE_FILL_AREA(#11283);
#11283 = FILL_AREA_STYLE('',(#11284));
#11284 = FILL_AREA_STYLE_COLOUR('',#11285);
#11285 = DRAUGHTING_PRE_DEFINED_COLOUR('white');
#11286 = OVER_RIDING_STYLED_ITEM('overriding color',(#11287),#17,#11278
  );
#11287 = PRESENTATION_STYLE_ASSIGNMENT((#11288));
#11288 = SURFACE_STYLE_USAGE(.BOTH.,#11289);
#11289 = SURFACE_SIDE_STYLE('',(#11290));
#11290 = SURFACE_STYLE_FILL_AREA(#11291);
#11291 = FILL_AREA_STYLE('',(#11292));
#11292 = FILL_AREA_STYLE_COLOUR('',#11293);
#11293 = COLOUR_RGB('',0.298039221799,0.298039221799,0.298039221799);
#11294 = OVER_RIDING_STYLED_ITEM('overriding color',(#11295),#54,#11278
  );
#11295 = PRESENTATION_STYLE_ASSIGNMENT((#11296));
#11296 = SURFACE_STYLE_USAGE(.BOTH.,#11297);
#11297 = SURFACE_SIDE_STYLE('',(#11298));
#11298 = SURFACE_STYLE_FILL_AREA(#11299);
#11299 = FILL_AREA_STYLE('',(#11300));
#11300 = FILL_AREA_STYLE_COLOUR('',#11293);
#11301 = OVER_RIDING_STYLED_ITEM('overriding color',(#11302),#91,#11278
  );
#11302 = PRESENTATION_STYLE_ASSIGNMENT((#11303));
#11303 = SURFACE_STYLE_USAGE(.BOTH.,#11304);
#11304 = SURFACE_SIDE_STYLE('',(#11305));
#11305 = SURFACE_STYLE_FILL_AREA(#11306);
#11306 = FILL_AREA_STYLE('',(#11307));
#11307 = FILL_AREA_STYLE_COLOUR('',#11285);
#11308 = OVER_RIDING_STYLED_ITEM('overriding color',(#11309),#127,#11278
  );
#11309 = PRESENTATION_STYLE_ASSIGNMENT((#11310));
#11310 = SURFACE_STYLE_USAGE(.BOTH.,#11311);
#11311 = SURFACE_SIDE_STYLE('',(#11312));
#11312 = SURFACE_STYLE_FILL_AREA(#11313);
#11313 = FILL_AREA_STYLE('',(#11314));
#11314 = FILL_AREA_STYLE_COLOUR('',#11285);
#11315 = OVER_RIDING_STYLED_ITEM('overriding color',(#11316),#159,#11278
  );
#11316 = PRESENTATION_STYLE_ASSIGNMENT((#11317));
#11317 = SURFACE_STYLE_USAGE(.BOTH.,#11318);
#11318 = SURFACE_SIDE_STYLE('',(#11319));
#11319 = SURFACE_STYLE_FILL_AREA(#11320);
#11320 = FILL_AREA_STYLE('',(#11321));
#11321 = FILL_AREA_STYLE_COLOUR('',#11293);
#11322 = OVER_RIDING_STYLED_ITEM('overriding color',(#11323),#281,#11278
  );
#11323 = PRESENTATION_STYLE_ASSIGNMENT((#11324));
#11324 = SURFACE_STYLE_USAGE(.BOTH.,#11325);
#11325 = SURFACE_SIDE_STYLE('',(#11326));
#11326 = SURFACE_STYLE_FILL_AREA(#11327);
#11327 = FILL_AREA_STYLE('',(#11328));
#11328 = FILL_AREA_STYLE_COLOUR('',#11285);
#11329 = OVER_RIDING_STYLED_ITEM('overriding color',(#11330),#399,#11278
  );
#11330 = PRESENTATION_STYLE_ASSIGNMENT((#11331));
#11331 = SURFACE_STYLE_USAGE(.BOTH.,#11332);
#11332 = SURFACE_SIDE_STYLE('',(#11333));
#11333 = SURFACE_STYLE_FILL_AREA(#11334);
#11334 = FILL_AREA_STYLE('',(#11335));
#11335 = FILL_AREA_STYLE_COLOUR('',#11293);
#11336 = OVER_RIDING_STYLED_ITEM('overriding color',(#11337),#577,#11278
  );
#11337 = PRESENTATION_STYLE_ASSIGNMENT((#11338));
#11338 = SURFACE_STYLE_USAGE(.BOTH.,#11339);
#11339 = SURFACE_SIDE_STYLE('',(#11340));
#11340 = SURFACE_STYLE_FILL_AREA(#11341);
#11341 = FILL_AREA_STYLE('',(#11342));
#11342 = FILL_AREA_STYLE_COLOUR('',#11293);
#11343 = OVER_RIDING_STYLED_ITEM('overriding color',(#11344),#613,#11278
  );
#11344 = PRESENTATION_STYLE_ASSIGNMENT((#11345));
#11345 = SURFACE_STYLE_USAGE(.BOTH.,#11346);
#11346 = SURFACE_SIDE_STYLE('',(#11347));
#11347 = SURFACE_STYLE_FILL_AREA(#11348);
#11348 = FILL_AREA_STYLE('',(#11349));
#11349 = FILL_AREA_STYLE_COLOUR('',#11293);
#11350 = OVER_RIDING_STYLED_ITEM('overriding color',(#11351),#649,#11278
  );
#11351 = PRESENTATION_STYLE_ASSIGNMENT((#11352));
#11352 = SURFACE_STYLE_USAGE(.BOTH.,#11353);
#11353 = SURFACE_SIDE_STYLE('',(#11354));
#11354 = SURFACE_STYLE_FILL_AREA(#11355);
#11355 = FILL_AREA_STYLE('',(#11356));
#11356 = FILL_AREA_STYLE_COLOUR('',#11293);
#11357 = OVER_RIDING_STYLED_ITEM('overriding color',(#11358),#689,#11278
  );
#11358 = PRESENTATION_STYLE_ASSIGNMENT((#11359));
#11359 = SURFACE_STYLE_USAGE(.BOTH.,#11360);
#11360 = SURFACE_SIDE_STYLE('',(#11361));
#11361 = SURFACE_STYLE_FILL_AREA(#11362);
#11362 = FILL_AREA_STYLE('',(#11363));
#11363 = FILL_AREA_STYLE_COLOUR('',#11293);
#11364 = OVER_RIDING_STYLED_ITEM('overriding color',(#11365),#757,#11278
  );
#11365 = PRESENTATION_STYLE_ASSIGNMENT((#11366));
#11366 = SURFACE_STYLE_USAGE(.BOTH.,#11367);
#11367 = SURFACE_SIDE_STYLE('',(#11368));
#11368 = SURFACE_STYLE_FILL_AREA(#11369);
#11369 = FILL_AREA_STYLE('',(#11370));
#11370 = FILL_AREA_STYLE_COLOUR('',#11293);
#11371 = OVER_RIDING_STYLED_ITEM('overriding color',(#11372),#789,#11278
  );
#11372 = PRESENTATION_STYLE_ASSIGNMENT((#11373));
#11373 = SURFACE_STYLE_USAGE(.BOTH.,#11374);
#11374 = SURFACE_SIDE_STYLE('',(#11375));
#11375 = SURFACE_STYLE_FILL_AREA(#11376);
#11376 = FILL_AREA_STYLE('',(#11377));
#11377 = FILL_AREA_STYLE_COLOUR('',#11293);
#11378 = OVER_RIDING_STYLED_ITEM('overriding color',(#11379),#817,#11278
  );
#11379 = PRESENTATION_STYLE_ASSIGNMENT((#11380));
#11380 = SURFACE_STYLE_USAGE(.BOTH.,#11381);
#11381 = SURFACE_SIDE_STYLE('',(#11382));
#11382 = SURFACE_STYLE_FILL_AREA(#11383);
#11383 = FILL_AREA_STYLE('',(#11384));
#11384 = FILL_AREA_STYLE_COLOUR('',#11293);
#11385 = OVER_RIDING_STYLED_ITEM('overriding color',(#11386),#841,#11278
  );
#11386 = PRESENTATION_STYLE_ASSIGNMENT((#11387));
#11387 = SURFACE_STYLE_USAGE(.BOTH.,#11388);
#11388 = SURFACE_SIDE_STYLE('',(#11389));
#11389 = SURFACE_STYLE_FILL_AREA(#11390);
#11390 = FILL_AREA_STYLE('',(#11391));
#11391 = FILL_AREA_STYLE_COLOUR('',#11293);
#11392 = OVER_RIDING_STYLED_ITEM('overriding color',(#11393),#873,#11278
  );
#11393 = PRESENTATION_STYLE_ASSIGNMENT((#11394));
#11394 = SURFACE_STYLE_USAGE(.BOTH.,#11395);
#11395 = SURFACE_SIDE_STYLE('',(#11396));
#11396 = SURFACE_STYLE_FILL_AREA(#11397);
#11397 = FILL_AREA_STYLE('',(#11398));
#11398 = FILL_AREA_STYLE_COLOUR('',#11293);
#11399 = OVER_RIDING_STYLED_ITEM('overriding color',(#11400),#893,#11278
  );
#11400 = PRESENTATION_STYLE_ASSIGNMENT((#11401));
#11401 = SURFACE_STYLE_USAGE(.BOTH.,#11402);
#11402 = SURFACE_SIDE_STYLE('',(#11403));
#11403 = SURFACE_STYLE_FILL_AREA(#11404);
#11404 = FILL_AREA_STYLE('',(#11405));
#11405 = FILL_AREA_STYLE_COLOUR('',#11293);
#11406 = OVER_RIDING_STYLED_ITEM('overriding color',(#11407),#952,#11278
  );
#11407 = PRESENTATION_STYLE_ASSIGNMENT((#11408));
#11408 = SURFACE_STYLE_USAGE(.BOTH.,#11409);
#11409 = SURFACE_SIDE_STYLE('',(#11410));
#11410 = SURFACE_STYLE_FILL_AREA(#11411);
#11411 = FILL_AREA_STYLE('',(#11412));
#11412 = FILL_AREA_STYLE_COLOUR('',#11293);
#11413 = OVER_RIDING_STYLED_ITEM('overriding color',(#11414),#976,#11278
  );
#11414 = PRESENTATION_STYLE_ASSIGNMENT((#11415));
#11415 = SURFACE_STYLE_USAGE(.BOTH.,#11416);
#11416 = SURFACE_SIDE_STYLE('',(#11417));
#11417 = SURFACE_STYLE_FILL_AREA(#11418);
#11418 = FILL_AREA_STYLE('',(#11419));
#11419 = FILL_AREA_STYLE_COLOUR('',#11293);
#11420 = OVER_RIDING_STYLED_ITEM('overriding color',(#11421),#998,#11278
  );
#11421 = PRESENTATION_STYLE_ASSIGNMENT((#11422));
#11422 = SURFACE_STYLE_USAGE(.BOTH.,#11423);
#11423 = SURFACE_SIDE_STYLE('',(#11424));
#11424 = SURFACE_STYLE_FILL_AREA(#11425);
#11425 = FILL_AREA_STYLE('',(#11426));
#11426 = FILL_AREA_STYLE_COLOUR('',#11293);
#11427 = OVER_RIDING_STYLED_ITEM('overriding color',(#11428),#1020,
  #11278);
#11428 = PRESENTATION_STYLE_ASSIGNMENT((#11429));
#11429 = SURFACE_STYLE_USAGE(.BOTH.,#11430);
#11430 = SURFACE_SIDE_STYLE('',(#11431));
#11431 = SURFACE_STYLE_FILL_AREA(#11432);
#11432 = FILL_AREA_STYLE('',(#11433));
#11433 = FILL_AREA_STYLE_COLOUR('',#11293);
#11434 = OVER_RIDING_STYLED_ITEM('overriding color',(#11435),#1039,
  #11278);
#11435 = PRESENTATION_STYLE_ASSIGNMENT((#11436));
#11436 = SURFACE_STYLE_USAGE(.BOTH.,#11437);
#11437 = SURFACE_SIDE_STYLE('',(#11438));
#11438 = SURFACE_STYLE_FILL_AREA(#11439);
#11439 = FILL_AREA_STYLE('',(#11440));
#11440 = FILL_AREA_STYLE_COLOUR('',#11293);
#11441 = OVER_RIDING_STYLED_ITEM('overriding color',(#11442),#1058,
  #11278);
#11442 = PRESENTATION_STYLE_ASSIGNMENT((#11443));
#11443 = SURFACE_STYLE_USAGE(.BOTH.,#11444);
#11444 = SURFACE_SIDE_STYLE('',(#11445));
#11445 = SURFACE_STYLE_FILL_AREA(#11446);
#11446 = FILL_AREA_STYLE('',(#11447));
#11447 = FILL_AREA_STYLE_COLOUR('',#11293);
#11448 = OVER_RIDING_STYLED_ITEM('overriding color',(#11449),#1080,
  #11278);
#11449 = PRESENTATION_STYLE_ASSIGNMENT((#11450));
#11450 = SURFACE_STYLE_USAGE(.BOTH.,#11451);
#11451 = SURFACE_SIDE_STYLE('',(#11452));
#11452 = SURFACE_STYLE_FILL_AREA(#11453);
#11453 = FILL_AREA_STYLE('',(#11454));
#11454 = FILL_AREA_STYLE_COLOUR('',#11293);
#11455 = OVER_RIDING_STYLED_ITEM('overriding color',(#11456),#1102,
  #11278);
#11456 = PRESENTATION_STYLE_ASSIGNMENT((#11457));
#11457 = SURFACE_STYLE_USAGE(.BOTH.,#11458);
#11458 = SURFACE_SIDE_STYLE('',(#11459));
#11459 = SURFACE_STYLE_FILL_AREA(#11460);
#11460 = FILL_AREA_STYLE('',(#11461));
#11461 = FILL_AREA_STYLE_COLOUR('',#11293);
#11462 = OVER_RIDING_STYLED_ITEM('overriding color',(#11463),#1116,
  #11278);
#11463 = PRESENTATION_STYLE_ASSIGNMENT((#11464));
#11464 = SURFACE_STYLE_USAGE(.BOTH.,#11465);
#11465 = SURFACE_SIDE_STYLE('',(#11466));
#11466 = SURFACE_STYLE_FILL_AREA(#11467);
#11467 = FILL_AREA_STYLE('',(#11468));
#11468 = FILL_AREA_STYLE_COLOUR('',#11293);
#11469 = OVER_RIDING_STYLED_ITEM('overriding color',(#11470),#1144,
  #11278);
#11470 = PRESENTATION_STYLE_ASSIGNMENT((#11471));
#11471 = SURFACE_STYLE_USAGE(.BOTH.,#11472);
#11472 = SURFACE_SIDE_STYLE('',(#11473));
#11473 = SURFACE_STYLE_FILL_AREA(#11474);
#11474 = FILL_AREA_STYLE('',(#11475));
#11475 = FILL_AREA_STYLE_COLOUR('',#11293);
#11476 = OVER_RIDING_STYLED_ITEM('overriding color',(#11477),#1180,
  #11278);
#11477 = PRESENTATION_STYLE_ASSIGNMENT((#11478));
#11478 = SURFACE_STYLE_USAGE(.BOTH.,#11479);
#11479 = SURFACE_SIDE_STYLE('',(#11480));
#11480 = SURFACE_STYLE_FILL_AREA(#11481);
#11481 = FILL_AREA_STYLE('',(#11482));
#11482 = FILL_AREA_STYLE_COLOUR('',#11293);
#11483 = OVER_RIDING_STYLED_ITEM('overriding color',(#11484),#1196,
  #11278);
#11484 = PRESENTATION_STYLE_ASSIGNMENT((#11485));
#11485 = SURFACE_STYLE_USAGE(.BOTH.,#11486);
#11486 = SURFACE_SIDE_STYLE('',(#11487));
#11487 = SURFACE_STYLE_FILL_AREA(#11488);
#11488 = FILL_AREA_STYLE('',(#11489));
#11489 = FILL_AREA_STYLE_COLOUR('',#11293);
#11490 = OVER_RIDING_STYLED_ITEM('overriding color',(#11491),#1208,
  #11278);
#11491 = PRESENTATION_STYLE_ASSIGNMENT((#11492));
#11492 = SURFACE_STYLE_USAGE(.BOTH.,#11493);
#11493 = SURFACE_SIDE_STYLE('',(#11494));
#11494 = SURFACE_STYLE_FILL_AREA(#11495);
#11495 = FILL_AREA_STYLE('',(#11496));
#11496 = FILL_AREA_STYLE_COLOUR('',#11293);
#11497 = OVER_RIDING_STYLED_ITEM('overriding color',(#11498),#1224,
  #11278);
#11498 = PRESENTATION_STYLE_ASSIGNMENT((#11499));
#11499 = SURFACE_STYLE_USAGE(.BOTH.,#11500);
#11500 = SURFACE_SIDE_STYLE('',(#11501));
#11501 = SURFACE_STYLE_FILL_AREA(#11502);
#11502 = FILL_AREA_STYLE('',(#11503));
#11503 = FILL_AREA_STYLE_COLOUR('',#11293);
#11504 = OVER_RIDING_STYLED_ITEM('overriding color',(#11505),#1236,
  #11278);
#11505 = PRESENTATION_STYLE_ASSIGNMENT((#11506));
#11506 = SURFACE_STYLE_USAGE(.BOTH.,#11507);
#11507 = SURFACE_SIDE_STYLE('',(#11508));
#11508 = SURFACE_STYLE_FILL_AREA(#11509);
#11509 = FILL_AREA_STYLE('',(#11510));
#11510 = FILL_AREA_STYLE_COLOUR('',#11293);
#11511 = OVER_RIDING_STYLED_ITEM('overriding color',(#11512),#1258,
  #11278);
#11512 = PRESENTATION_STYLE_ASSIGNMENT((#11513));
#11513 = SURFACE_STYLE_USAGE(.BOTH.,#11514);
#11514 = SURFACE_SIDE_STYLE('',(#11515));
#11515 = SURFACE_STYLE_FILL_AREA(#11516);
#11516 = FILL_AREA_STYLE('',(#11517));
#11517 = FILL_AREA_STYLE_COLOUR('',#11293);
#11518 = OVER_RIDING_STYLED_ITEM('overriding color',(#11519),#1280,
  #11278);
#11519 = PRESENTATION_STYLE_ASSIGNMENT((#11520));
#11520 = SURFACE_STYLE_USAGE(.BOTH.,#11521);
#11521 = SURFACE_SIDE_STYLE('',(#11522));
#11522 = SURFACE_STYLE_FILL_AREA(#11523);
#11523 = FILL_AREA_STYLE('',(#11524));
#11524 = FILL_AREA_STYLE_COLOUR('',#11293);
#11525 = OVER_RIDING_STYLED_ITEM('overriding color',(#11526),#1308,
  #11278);
#11526 = PRESENTATION_STYLE_ASSIGNMENT((#11527));
#11527 = SURFACE_STYLE_USAGE(.BOTH.,#11528);
#11528 = SURFACE_SIDE_STYLE('',(#11529));
#11529 = SURFACE_STYLE_FILL_AREA(#11530);
#11530 = FILL_AREA_STYLE('',(#11531));
#11531 = FILL_AREA_STYLE_COLOUR('',#11293);
#11532 = OVER_RIDING_STYLED_ITEM('overriding color',(#11533),#1364,
  #11278);
#11533 = PRESENTATION_STYLE_ASSIGNMENT((#11534));
#11534 = SURFACE_STYLE_USAGE(.BOTH.,#11535);
#11535 = SURFACE_SIDE_STYLE('',(#11536));
#11536 = SURFACE_STYLE_FILL_AREA(#11537);
#11537 = FILL_AREA_STYLE('',(#11538));
#11538 = FILL_AREA_STYLE_COLOUR('',#11293);
#11539 = OVER_RIDING_STYLED_ITEM('overriding color',(#11540),#1380,
  #11278);
#11540 = PRESENTATION_STYLE_ASSIGNMENT((#11541));
#11541 = SURFACE_STYLE_USAGE(.BOTH.,#11542);
#11542 = SURFACE_SIDE_STYLE('',(#11543));
#11543 = SURFACE_STYLE_FILL_AREA(#11544);
#11544 = FILL_AREA_STYLE('',(#11545));
#11545 = FILL_AREA_STYLE_COLOUR('',#11293);
#11546 = OVER_RIDING_STYLED_ITEM('overriding color',(#11547),#1392,
  #11278);
#11547 = PRESENTATION_STYLE_ASSIGNMENT((#11548));
#11548 = SURFACE_STYLE_USAGE(.BOTH.,#11549);
#11549 = SURFACE_SIDE_STYLE('',(#11550));
#11550 = SURFACE_STYLE_FILL_AREA(#11551);
#11551 = FILL_AREA_STYLE('',(#11552));
#11552 = FILL_AREA_STYLE_COLOUR('',#11293);
#11553 = OVER_RIDING_STYLED_ITEM('overriding color',(#11554),#1408,
  #11278);
#11554 = PRESENTATION_STYLE_ASSIGNMENT((#11555));
#11555 = SURFACE_STYLE_USAGE(.BOTH.,#11556);
#11556 = SURFACE_SIDE_STYLE('',(#11557));
#11557 = SURFACE_STYLE_FILL_AREA(#11558);
#11558 = FILL_AREA_STYLE('',(#11559));
#11559 = FILL_AREA_STYLE_COLOUR('',#11293);
#11560 = OVER_RIDING_STYLED_ITEM('overriding color',(#11561),#1420,
  #11278);
#11561 = PRESENTATION_STYLE_ASSIGNMENT((#11562));
#11562 = SURFACE_STYLE_USAGE(.BOTH.,#11563);
#11563 = SURFACE_SIDE_STYLE('',(#11564));
#11564 = SURFACE_STYLE_FILL_AREA(#11565);
#11565 = FILL_AREA_STYLE('',(#11566));
#11566 = FILL_AREA_STYLE_COLOUR('',#11285);
#11567 = OVER_RIDING_STYLED_ITEM('overriding color',(#11568),#1448,
  #11278);
#11568 = PRESENTATION_STYLE_ASSIGNMENT((#11569));
#11569 = SURFACE_STYLE_USAGE(.BOTH.,#11570);
#11570 = SURFACE_SIDE_STYLE('',(#11571));
#11571 = SURFACE_STYLE_FILL_AREA(#11572);
#11572 = FILL_AREA_STYLE('',(#11573));
#11573 = FILL_AREA_STYLE_COLOUR('',#11285);
#11574 = OVER_RIDING_STYLED_ITEM('overriding color',(#11575),#1496,
  #11278);
#11575 = PRESENTATION_STYLE_ASSIGNMENT((#11576));
#11576 = SURFACE_STYLE_USAGE(.BOTH.,#11577);
#11577 = SURFACE_SIDE_STYLE('',(#11578));
#11578 = SURFACE_STYLE_FILL_AREA(#11579);
#11579 = FILL_AREA_STYLE('',(#11580));
#11580 = FILL_AREA_STYLE_COLOUR('',#11285);
#11581 = OVER_RIDING_STYLED_ITEM('overriding color',(#11582),#1524,
  #11278);
#11582 = PRESENTATION_STYLE_ASSIGNMENT((#11583));
#11583 = SURFACE_STYLE_USAGE(.BOTH.,#11584);
#11584 = SURFACE_SIDE_STYLE('',(#11585));
#11585 = SURFACE_STYLE_FILL_AREA(#11586);
#11586 = FILL_AREA_STYLE('',(#11587));
#11587 = FILL_AREA_STYLE_COLOUR('',#11285);
#11588 = OVER_RIDING_STYLED_ITEM('overriding color',(#11589),#1552,
  #11278);
#11589 = PRESENTATION_STYLE_ASSIGNMENT((#11590));
#11590 = SURFACE_STYLE_USAGE(.BOTH.,#11591);
#11591 = SURFACE_SIDE_STYLE('',(#11592));
#11592 = SURFACE_STYLE_FILL_AREA(#11593);
#11593 = FILL_AREA_STYLE('',(#11594));
#11594 = FILL_AREA_STYLE_COLOUR('',#11285);
#11595 = OVER_RIDING_STYLED_ITEM('overriding color',(#11596),#1580,
  #11278);
#11596 = PRESENTATION_STYLE_ASSIGNMENT((#11597));
#11597 = SURFACE_STYLE_USAGE(.BOTH.,#11598);
#11598 = SURFACE_SIDE_STYLE('',(#11599));
#11599 = SURFACE_STYLE_FILL_AREA(#11600);
#11600 = FILL_AREA_STYLE('',(#11601));
#11601 = FILL_AREA_STYLE_COLOUR('',#11285);
#11602 = OVER_RIDING_STYLED_ITEM('overriding color',(#11603),#1608,
  #11278);
#11603 = PRESENTATION_STYLE_ASSIGNMENT((#11604));
#11604 = SURFACE_STYLE_USAGE(.BOTH.,#11605);
#11605 = SURFACE_SIDE_STYLE('',(#11606));
#11606 = SURFACE_STYLE_FILL_AREA(#11607);
#11607 = FILL_AREA_STYLE('',(#11608));
#11608 = FILL_AREA_STYLE_COLOUR('',#11285);
#11609 = OVER_RIDING_STYLED_ITEM('overriding color',(#11610),#1636,
  #11278);
#11610 = PRESENTATION_STYLE_ASSIGNMENT((#11611));
#11611 = SURFACE_STYLE_USAGE(.BOTH.,#11612);
#11612 = SURFACE_SIDE_STYLE('',(#11613));
#11613 = SURFACE_STYLE_FILL_AREA(#11614);
#11614 = FILL_AREA_STYLE('',(#11615));
#11615 = FILL_AREA_STYLE_COLOUR('',#11285);
#11616 = OVER_RIDING_STYLED_ITEM('overriding color',(#11617),#1664,
  #11278);
#11617 = PRESENTATION_STYLE_ASSIGNMENT((#11618));
#11618 = SURFACE_STYLE_USAGE(.BOTH.,#11619);
#11619 = SURFACE_SIDE_STYLE('',(#11620));
#11620 = SURFACE_STYLE_FILL_AREA(#11621);
#11621 = FILL_AREA_STYLE('',(#11622));
#11622 = FILL_AREA_STYLE_COLOUR('',#11285);
#11623 = OVER_RIDING_STYLED_ITEM('overriding color',(#11624),#1700,
  #11278);
#11624 = PRESENTATION_STYLE_ASSIGNMENT((#11625));
#11625 = SURFACE_STYLE_USAGE(.BOTH.,#11626);
#11626 = SURFACE_SIDE_STYLE('',(#11627));
#11627 = SURFACE_STYLE_FILL_AREA(#11628);
#11628 = FILL_AREA_STYLE('',(#11629));
#11629 = FILL_AREA_STYLE_COLOUR('',#11285);
#11630 = OVER_RIDING_STYLED_ITEM('overriding color',(#11631),#1720,
  #11278);
#11631 = PRESENTATION_STYLE_ASSIGNMENT((#11632));
#11632 = SURFACE_STYLE_USAGE(.BOTH.,#11633);
#11633 = SURFACE_SIDE_STYLE('',(#11634));
#11634 = SURFACE_STYLE_FILL_AREA(#11635);
#11635 = FILL_AREA_STYLE('',(#11636));
#11636 = FILL_AREA_STYLE_COLOUR('',#11285);
#11637 = OVER_RIDING_STYLED_ITEM('overriding color',(#11638),#1738,
  #11278);
#11638 = PRESENTATION_STYLE_ASSIGNMENT((#11639));
#11639 = SURFACE_STYLE_USAGE(.BOTH.,#11640);
#11640 = SURFACE_SIDE_STYLE('',(#11641));
#11641 = SURFACE_STYLE_FILL_AREA(#11642);
#11642 = FILL_AREA_STYLE('',(#11643));
#11643 = FILL_AREA_STYLE_COLOUR('',#11285);
#11644 = OVER_RIDING_STYLED_ITEM('overriding color',(#11645),#1751,
  #11278);
#11645 = PRESENTATION_STYLE_ASSIGNMENT((#11646));
#11646 = SURFACE_STYLE_USAGE(.BOTH.,#11647);
#11647 = SURFACE_SIDE_STYLE('',(#11648));
#11648 = SURFACE_STYLE_FILL_AREA(#11649);
#11649 = FILL_AREA_STYLE('',(#11650));
#11650 = FILL_AREA_STYLE_COLOUR('',#11285);
#11651 = OVER_RIDING_STYLED_ITEM('overriding color',(#11652),#1779,
  #11278);
#11652 = PRESENTATION_STYLE_ASSIGNMENT((#11653));
#11653 = SURFACE_STYLE_USAGE(.BOTH.,#11654);
#11654 = SURFACE_SIDE_STYLE('',(#11655));
#11655 = SURFACE_STYLE_FILL_AREA(#11656);
#11656 = FILL_AREA_STYLE('',(#11657));
#11657 = FILL_AREA_STYLE_COLOUR('',#11285);
#11658 = OVER_RIDING_STYLED_ITEM('overriding color',(#11659),#1799,
  #11278);
#11659 = PRESENTATION_STYLE_ASSIGNMENT((#11660));
#11660 = SURFACE_STYLE_USAGE(.BOTH.,#11661);
#11661 = SURFACE_SIDE_STYLE('',(#11662));
#11662 = SURFACE_STYLE_FILL_AREA(#11663);
#11663 = FILL_AREA_STYLE('',(#11664));
#11664 = FILL_AREA_STYLE_COLOUR('',#11285);
#11665 = OVER_RIDING_STYLED_ITEM('overriding color',(#11666),#1811,
  #11278);
#11666 = PRESENTATION_STYLE_ASSIGNMENT((#11667));
#11667 = SURFACE_STYLE_USAGE(.BOTH.,#11668);
#11668 = SURFACE_SIDE_STYLE('',(#11669));
#11669 = SURFACE_STYLE_FILL_AREA(#11670);
#11670 = FILL_AREA_STYLE('',(#11671));
#11671 = FILL_AREA_STYLE_COLOUR('',#11285);
#11672 = OVER_RIDING_STYLED_ITEM('overriding color',(#11673),#1823,
  #11278);
#11673 = PRESENTATION_STYLE_ASSIGNMENT((#11674));
#11674 = SURFACE_STYLE_USAGE(.BOTH.,#11675);
#11675 = SURFACE_SIDE_STYLE('',(#11676));
#11676 = SURFACE_STYLE_FILL_AREA(#11677);
#11677 = FILL_AREA_STYLE('',(#11678));
#11678 = FILL_AREA_STYLE_COLOUR('',#11285);
#11679 = OVER_RIDING_STYLED_ITEM('overriding color',(#11680),#1842,
  #11278);
#11680 = PRESENTATION_STYLE_ASSIGNMENT((#11681));
#11681 = SURFACE_STYLE_USAGE(.BOTH.,#11682);
#11682 = SURFACE_SIDE_STYLE('',(#11683));
#11683 = SURFACE_STYLE_FILL_AREA(#11684);
#11684 = FILL_AREA_STYLE('',(#11685));
#11685 = FILL_AREA_STYLE_COLOUR('',#11285);
#11686 = OVER_RIDING_STYLED_ITEM('overriding color',(#11687),#1866,
  #11278);
#11687 = PRESENTATION_STYLE_ASSIGNMENT((#11688));
#11688 = SURFACE_STYLE_USAGE(.BOTH.,#11689);
#11689 = SURFACE_SIDE_STYLE('',(#11690));
#11690 = SURFACE_STYLE_FILL_AREA(#11691);
#11691 = FILL_AREA_STYLE('',(#11692));
#11692 = FILL_AREA_STYLE_COLOUR('',#11285);
#11693 = OVER_RIDING_STYLED_ITEM('overriding color',(#11694),#1885,
  #11278);
#11694 = PRESENTATION_STYLE_ASSIGNMENT((#11695));
#11695 = SURFACE_STYLE_USAGE(.BOTH.,#11696);
#11696 = SURFACE_SIDE_STYLE('',(#11697));
#11697 = SURFACE_STYLE_FILL_AREA(#11698);
#11698 = FILL_AREA_STYLE('',(#11699));
#11699 = FILL_AREA_STYLE_COLOUR('',#11285);
#11700 = OVER_RIDING_STYLED_ITEM('overriding color',(#11701),#1906,
  #11278);
#11701 = PRESENTATION_STYLE_ASSIGNMENT((#11702));
#11702 = SURFACE_STYLE_USAGE(.BOTH.,#11703);
#11703 = SURFACE_SIDE_STYLE('',(#11704));
#11704 = SURFACE_STYLE_FILL_AREA(#11705);
#11705 = FILL_AREA_STYLE('',(#11706));
#11706 = FILL_AREA_STYLE_COLOUR('',#11285);
#11707 = OVER_RIDING_STYLED_ITEM('overriding color',(#11708),#1927,
  #11278);
#11708 = PRESENTATION_STYLE_ASSIGNMENT((#11709));
#11709 = SURFACE_STYLE_USAGE(.BOTH.,#11710);
#11710 = SURFACE_SIDE_STYLE('',(#11711));
#11711 = SURFACE_STYLE_FILL_AREA(#11712);
#11712 = FILL_AREA_STYLE('',(#11713));
#11713 = FILL_AREA_STYLE_COLOUR('',#11285);
#11714 = OVER_RIDING_STYLED_ITEM('overriding color',(#11715),#1946,
  #11278);
#11715 = PRESENTATION_STYLE_ASSIGNMENT((#11716));
#11716 = SURFACE_STYLE_USAGE(.BOTH.,#11717);
#11717 = SURFACE_SIDE_STYLE('',(#11718));
#11718 = SURFACE_STYLE_FILL_AREA(#11719);
#11719 = FILL_AREA_STYLE('',(#11720));
#11720 = FILL_AREA_STYLE_COLOUR('',#11285);
#11721 = OVER_RIDING_STYLED_ITEM('overriding color',(#11722),#1965,
  #11278);
#11722 = PRESENTATION_STYLE_ASSIGNMENT((#11723));
#11723 = SURFACE_STYLE_USAGE(.BOTH.,#11724);
#11724 = SURFACE_SIDE_STYLE('',(#11725));
#11725 = SURFACE_STYLE_FILL_AREA(#11726);
#11726 = FILL_AREA_STYLE('',(#11727));
#11727 = FILL_AREA_STYLE_COLOUR('',#11285);
#11728 = OVER_RIDING_STYLED_ITEM('overriding color',(#11729),#1984,
  #11278);
#11729 = PRESENTATION_STYLE_ASSIGNMENT((#11730));
#11730 = SURFACE_STYLE_USAGE(.BOTH.,#11731);
#11731 = SURFACE_SIDE_STYLE('',(#11732));
#11732 = SURFACE_STYLE_FILL_AREA(#11733);
#11733 = FILL_AREA_STYLE('',(#11734));
#11734 = FILL_AREA_STYLE_COLOUR('',#11285);
#11735 = OVER_RIDING_STYLED_ITEM('overriding color',(#11736),#2003,
  #11278);
#11736 = PRESENTATION_STYLE_ASSIGNMENT((#11737));
#11737 = SURFACE_STYLE_USAGE(.BOTH.,#11738);
#11738 = SURFACE_SIDE_STYLE('',(#11739));
#11739 = SURFACE_STYLE_FILL_AREA(#11740);
#11740 = FILL_AREA_STYLE('',(#11741));
#11741 = FILL_AREA_STYLE_COLOUR('',#11285);
#11742 = OVER_RIDING_STYLED_ITEM('overriding color',(#11743),#2024,
  #11278);
#11743 = PRESENTATION_STYLE_ASSIGNMENT((#11744));
#11744 = SURFACE_STYLE_USAGE(.BOTH.,#11745);
#11745 = SURFACE_SIDE_STYLE('',(#11746));
#11746 = SURFACE_STYLE_FILL_AREA(#11747);
#11747 = FILL_AREA_STYLE('',(#11748));
#11748 = FILL_AREA_STYLE_COLOUR('',#11285);
#11749 = OVER_RIDING_STYLED_ITEM('overriding color',(#11750),#2045,
  #11278);
#11750 = PRESENTATION_STYLE_ASSIGNMENT((#11751));
#11751 = SURFACE_STYLE_USAGE(.BOTH.,#11752);
#11752 = SURFACE_SIDE_STYLE('',(#11753));
#11753 = SURFACE_STYLE_FILL_AREA(#11754);
#11754 = FILL_AREA_STYLE('',(#11755));
#11755 = FILL_AREA_STYLE_COLOUR('',#11285);
#11756 = OVER_RIDING_STYLED_ITEM('overriding color',(#11757),#2059,
  #11278);
#11757 = PRESENTATION_STYLE_ASSIGNMENT((#11758));
#11758 = SURFACE_STYLE_USAGE(.BOTH.,#11759);
#11759 = SURFACE_SIDE_STYLE('',(#11760));
#11760 = SURFACE_STYLE_FILL_AREA(#11761);
#11761 = FILL_AREA_STYLE('',(#11762));
#11762 = FILL_AREA_STYLE_COLOUR('',#11285);
#11763 = OVER_RIDING_STYLED_ITEM('overriding color',(#11764),#2078,
  #11278);
#11764 = PRESENTATION_STYLE_ASSIGNMENT((#11765));
#11765 = SURFACE_STYLE_USAGE(.BOTH.,#11766);
#11766 = SURFACE_SIDE_STYLE('',(#11767));
#11767 = SURFACE_STYLE_FILL_AREA(#11768);
#11768 = FILL_AREA_STYLE('',(#11769));
#11769 = FILL_AREA_STYLE_COLOUR('',#11285);
#11770 = OVER_RIDING_STYLED_ITEM('overriding color',(#11771),#2102,
  #11278);
#11771 = PRESENTATION_STYLE_ASSIGNMENT((#11772));
#11772 = SURFACE_STYLE_USAGE(.BOTH.,#11773);
#11773 = SURFACE_SIDE_STYLE('',(#11774));
#11774 = SURFACE_STYLE_FILL_AREA(#11775);
#11775 = FILL_AREA_STYLE('',(#11776));
#11776 = FILL_AREA_STYLE_COLOUR('',#11285);
#11777 = OVER_RIDING_STYLED_ITEM('overriding color',(#11778),#2121,
  #11278);
#11778 = PRESENTATION_STYLE_ASSIGNMENT((#11779));
#11779 = SURFACE_STYLE_USAGE(.BOTH.,#11780);
#11780 = SURFACE_SIDE_STYLE('',(#11781));
#11781 = SURFACE_STYLE_FILL_AREA(#11782);
#11782 = FILL_AREA_STYLE('',(#11783));
#11783 = FILL_AREA_STYLE_COLOUR('',#11285);
#11784 = OVER_RIDING_STYLED_ITEM('overriding color',(#11785),#2137,
  #11278);
#11785 = PRESENTATION_STYLE_ASSIGNMENT((#11786));
#11786 = SURFACE_STYLE_USAGE(.BOTH.,#11787);
#11787 = SURFACE_SIDE_STYLE('',(#11788));
#11788 = SURFACE_STYLE_FILL_AREA(#11789);
#11789 = FILL_AREA_STYLE('',(#11790));
#11790 = FILL_AREA_STYLE_COLOUR('',#11285);
#11791 = OVER_RIDING_STYLED_ITEM('overriding color',(#11792),#2158,
  #11278);
#11792 = PRESENTATION_STYLE_ASSIGNMENT((#11793));
#11793 = SURFACE_STYLE_USAGE(.BOTH.,#11794);
#11794 = SURFACE_SIDE_STYLE('',(#11795));
#11795 = SURFACE_STYLE_FILL_AREA(#11796);
#11796 = FILL_AREA_STYLE('',(#11797));
#11797 = FILL_AREA_STYLE_COLOUR('',#11285);
#11798 = OVER_RIDING_STYLED_ITEM('overriding color',(#11799),#2177,
  #11278);
#11799 = PRESENTATION_STYLE_ASSIGNMENT((#11800));
#11800 = SURFACE_STYLE_USAGE(.BOTH.,#11801);
#11801 = SURFACE_SIDE_STYLE('',(#11802));
#11802 = SURFACE_STYLE_FILL_AREA(#11803);
#11803 = FILL_AREA_STYLE('',(#11804));
#11804 = FILL_AREA_STYLE_COLOUR('',#11285);
#11805 = OVER_RIDING_STYLED_ITEM('overriding color',(#11806),#2196,
  #11278);
#11806 = PRESENTATION_STYLE_ASSIGNMENT((#11807));
#11807 = SURFACE_STYLE_USAGE(.BOTH.,#11808);
#11808 = SURFACE_SIDE_STYLE('',(#11809));
#11809 = SURFACE_STYLE_FILL_AREA(#11810);
#11810 = FILL_AREA_STYLE('',(#11811));
#11811 = FILL_AREA_STYLE_COLOUR('',#11285);
#11812 = OVER_RIDING_STYLED_ITEM('overriding color',(#11813),#2215,
  #11278);
#11813 = PRESENTATION_STYLE_ASSIGNMENT((#11814));
#11814 = SURFACE_STYLE_USAGE(.BOTH.,#11815);
#11815 = SURFACE_SIDE_STYLE('',(#11816));
#11816 = SURFACE_STYLE_FILL_AREA(#11817);
#11817 = FILL_AREA_STYLE('',(#11818));
#11818 = FILL_AREA_STYLE_COLOUR('',#11285);
#11819 = OVER_RIDING_STYLED_ITEM('overriding color',(#11820),#2234,
  #11278);
#11820 = PRESENTATION_STYLE_ASSIGNMENT((#11821));
#11821 = SURFACE_STYLE_USAGE(.BOTH.,#11822);
#11822 = SURFACE_SIDE_STYLE('',(#11823));
#11823 = SURFACE_STYLE_FILL_AREA(#11824);
#11824 = FILL_AREA_STYLE('',(#11825));
#11825 = FILL_AREA_STYLE_COLOUR('',#11285);
#11826 = OVER_RIDING_STYLED_ITEM('overriding color',(#11827),#2255,
  #11278);
#11827 = PRESENTATION_STYLE_ASSIGNMENT((#11828));
#11828 = SURFACE_STYLE_USAGE(.BOTH.,#11829);
#11829 = SURFACE_SIDE_STYLE('',(#11830));
#11830 = SURFACE_STYLE_FILL_AREA(#11831);
#11831 = FILL_AREA_STYLE('',(#11832));
#11832 = FILL_AREA_STYLE_COLOUR('',#11285);
#11833 = OVER_RIDING_STYLED_ITEM('overriding color',(#11834),#2276,
  #11278);
#11834 = PRESENTATION_STYLE_ASSIGNMENT((#11835));
#11835 = SURFACE_STYLE_USAGE(.BOTH.,#11836);
#11836 = SURFACE_SIDE_STYLE('',(#11837));
#11837 = SURFACE_STYLE_FILL_AREA(#11838);
#11838 = FILL_AREA_STYLE('',(#11839));
#11839 = FILL_AREA_STYLE_COLOUR('',#11285);
#11840 = OVER_RIDING_STYLED_ITEM('overriding color',(#11841),#2290,
  #11278);
#11841 = PRESENTATION_STYLE_ASSIGNMENT((#11842));
#11842 = SURFACE_STYLE_USAGE(.BOTH.,#11843);
#11843 = SURFACE_SIDE_STYLE('',(#11844));
#11844 = SURFACE_STYLE_FILL_AREA(#11845);
#11845 = FILL_AREA_STYLE('',(#11846));
#11846 = FILL_AREA_STYLE_COLOUR('',#11293);
#11847 = OVER_RIDING_STYLED_ITEM('overriding color',(#11848),#2305,
  #11278);
#11848 = PRESENTATION_STYLE_ASSIGNMENT((#11849));
#11849 = SURFACE_STYLE_USAGE(.BOTH.,#11850);
#11850 = SURFACE_SIDE_STYLE('',(#11851));
#11851 = SURFACE_STYLE_FILL_AREA(#11852);
#11852 = FILL_AREA_STYLE('',(#11853));
#11853 = FILL_AREA_STYLE_COLOUR('',#11293);
#11854 = OVER_RIDING_STYLED_ITEM('overriding color',(#11855),#2319,
  #11278);
#11855 = PRESENTATION_STYLE_ASSIGNMENT((#11856));
#11856 = SURFACE_STYLE_USAGE(.BOTH.,#11857);
#11857 = SURFACE_SIDE_STYLE('',(#11858));
#11858 = SURFACE_STYLE_FILL_AREA(#11859);
#11859 = FILL_AREA_STYLE('',(#11860));
#11860 = FILL_AREA_STYLE_COLOUR('',#11293);
#11861 = OVER_RIDING_STYLED_ITEM('overriding color',(#11862),#2345,
  #11278);
#11862 = PRESENTATION_STYLE_ASSIGNMENT((#11863));
#11863 = SURFACE_STYLE_USAGE(.BOTH.,#11864);
#11864 = SURFACE_SIDE_STYLE('',(#11865));
#11865 = SURFACE_STYLE_FILL_AREA(#11866);
#11866 = FILL_AREA_STYLE('',(#11867));
#11867 = FILL_AREA_STYLE_COLOUR('',#11293);
#11868 = OVER_RIDING_STYLED_ITEM('overriding color',(#11869),#2361,
  #11278);
#11869 = PRESENTATION_STYLE_ASSIGNMENT((#11870));
#11870 = SURFACE_STYLE_USAGE(.BOTH.,#11871);
#11871 = SURFACE_SIDE_STYLE('',(#11872));
#11872 = SURFACE_STYLE_FILL_AREA(#11873);
#11873 = FILL_AREA_STYLE('',(#11874));
#11874 = FILL_AREA_STYLE_COLOUR('',#11293);
#11875 = STYLED_ITEM('color',(#11876),#2377);
#11876 = PRESENTATION_STYLE_ASSIGNMENT((#11877));
#11877 = SURFACE_STYLE_USAGE(.BOTH.,#11878);
#11878 = SURFACE_SIDE_STYLE('',(#11879));
#11879 = SURFACE_STYLE_FILL_AREA(#11880);
#11880 = FILL_AREA_STYLE('',(#11881));
#11881 = FILL_AREA_STYLE_COLOUR('',#11285);
#11882 = OVER_RIDING_STYLED_ITEM('overriding color',(#11883),#2379,
  #11875);
#11883 = PRESENTATION_STYLE_ASSIGNMENT((#11884));
#11884 = SURFACE_STYLE_USAGE(.BOTH.,#11885);
#11885 = SURFACE_SIDE_STYLE('',(#11886));
#11886 = SURFACE_STYLE_FILL_AREA(#11887);
#11887 = FILL_AREA_STYLE('',(#11888));
#11888 = FILL_AREA_STYLE_COLOUR('',#11889);
#11889 = COLOUR_RGB('',0.498039215105,0.498039215105,0.498039215105);
#11890 = OVER_RIDING_STYLED_ITEM('overriding color',(#11891),#3784,
  #11875);
#11891 = PRESENTATION_STYLE_ASSIGNMENT((#11892));
#11892 = SURFACE_STYLE_USAGE(.BOTH.,#11893);
#11893 = SURFACE_SIDE_STYLE('',(#11894));
#11894 = SURFACE_STYLE_FILL_AREA(#11895);
#11895 = FILL_AREA_STYLE('',(#11896));
#11896 = FILL_AREA_STYLE_COLOUR('',#11897);
#11897 = COLOUR_RGB('',0.666666664908,0.666666664908,0.666666664908);
#11898 = OVER_RIDING_STYLED_ITEM('overriding color',(#11899),#3820,
  #11875);
#11899 = PRESENTATION_STYLE_ASSIGNMENT((#11900));
#11900 = SURFACE_STYLE_USAGE(.BOTH.,#11901);
#11901 = SURFACE_SIDE_STYLE('',(#11902));
#11902 = SURFACE_STYLE_FILL_AREA(#11903);
#11903 = FILL_AREA_STYLE('',(#11904));
#11904 = FILL_AREA_STYLE_COLOUR('',#11897);
#11905 = OVER_RIDING_STYLED_ITEM('overriding color',(#11906),#3848,
  #11875);
#11906 = PRESENTATION_STYLE_ASSIGNMENT((#11907));
#11907 = SURFACE_STYLE_USAGE(.BOTH.,#11908);
#11908 = SURFACE_SIDE_STYLE('',(#11909));
#11909 = SURFACE_STYLE_FILL_AREA(#11910);
#11910 = FILL_AREA_STYLE('',(#11911));
#11911 = FILL_AREA_STYLE_COLOUR('',#11897);
#11912 = OVER_RIDING_STYLED_ITEM('overriding color',(#11913),#3870,
  #11875);
#11913 = PRESENTATION_STYLE_ASSIGNMENT((#11914));
#11914 = SURFACE_STYLE_USAGE(.BOTH.,#11915);
#11915 = SURFACE_SIDE_STYLE('',(#11916));
#11916 = SURFACE_STYLE_FILL_AREA(#11917);
#11917 = FILL_AREA_STYLE('',(#11918));
#11918 = FILL_AREA_STYLE_COLOUR('',#11897);
#11919 = OVER_RIDING_STYLED_ITEM('overriding color',(#11920),#3892,
  #11875);
#11920 = PRESENTATION_STYLE_ASSIGNMENT((#11921));
#11921 = SURFACE_STYLE_USAGE(.BOTH.,#11922);
#11922 = SURFACE_SIDE_STYLE('',(#11923));
#11923 = SURFACE_STYLE_FILL_AREA(#11924);
#11924 = FILL_AREA_STYLE('',(#11925));
#11925 = FILL_AREA_STYLE_COLOUR('',#11897);
#11926 = OVER_RIDING_STYLED_ITEM('overriding color',(#11927),#3908,
  #11875);
#11927 = PRESENTATION_STYLE_ASSIGNMENT((#11928));
#11928 = SURFACE_STYLE_USAGE(.BOTH.,#11929);
#11929 = SURFACE_SIDE_STYLE('',(#11930));
#11930 = SURFACE_STYLE_FILL_AREA(#11931);
#11931 = FILL_AREA_STYLE('',(#11932));
#11932 = FILL_AREA_STYLE_COLOUR('',#11889);
#11933 = OVER_RIDING_STYLED_ITEM('overriding color',(#11934),#4180,
  #11875);
#11934 = PRESENTATION_STYLE_ASSIGNMENT((#11935));
#11935 = SURFACE_STYLE_USAGE(.BOTH.,#11936);
#11936 = SURFACE_SIDE_STYLE('',(#11937));
#11937 = SURFACE_STYLE_FILL_AREA(#11938);
#11938 = FILL_AREA_STYLE('',(#11939));
#11939 = FILL_AREA_STYLE_COLOUR('',#11889);
#11940 = OVER_RIDING_STYLED_ITEM('overriding color',(#11941),#4208,
  #11875);
#11941 = PRESENTATION_STYLE_ASSIGNMENT((#11942));
#11942 = SURFACE_STYLE_USAGE(.BOTH.,#11943);
#11943 = SURFACE_SIDE_STYLE('',(#11944));
#11944 = SURFACE_STYLE_FILL_AREA(#11945);
#11945 = FILL_AREA_STYLE('',(#11946));
#11946 = FILL_AREA_STYLE_COLOUR('',#11889);
#11947 = OVER_RIDING_STYLED_ITEM('overriding color',(#11948),#4258,
  #11875);
#11948 = PRESENTATION_STYLE_ASSIGNMENT((#11949));
#11949 = SURFACE_STYLE_USAGE(.BOTH.,#11950);
#11950 = SURFACE_SIDE_STYLE('',(#11951));
#11951 = SURFACE_STYLE_FILL_AREA(#11952);
#11952 = FILL_AREA_STYLE('',(#11953));
#11953 = FILL_AREA_STYLE_COLOUR('',#11889);
#11954 = OVER_RIDING_STYLED_ITEM('overriding color',(#11955),#4394,
  #11875);
#11955 = PRESENTATION_STYLE_ASSIGNMENT((#11956));
#11956 = SURFACE_STYLE_USAGE(.BOTH.,#11957);
#11957 = SURFACE_SIDE_STYLE('',(#11958));
#11958 = SURFACE_STYLE_FILL_AREA(#11959);
#11959 = FILL_AREA_STYLE('',(#11960));
#11960 = FILL_AREA_STYLE_COLOUR('',#11889);
#11961 = OVER_RIDING_STYLED_ITEM('overriding color',(#11962),#4442,
  #11875);
#11962 = PRESENTATION_STYLE_ASSIGNMENT((#11963));
#11963 = SURFACE_STYLE_USAGE(.BOTH.,#11964);
#11964 = SURFACE_SIDE_STYLE('',(#11965));
#11965 = SURFACE_STYLE_FILL_AREA(#11966);
#11966 = FILL_AREA_STYLE('',(#11967));
#11967 = FILL_AREA_STYLE_COLOUR('',#11889);
#11968 = OVER_RIDING_STYLED_ITEM('overriding color',(#11969),#4462,
  #11875);
#11969 = PRESENTATION_STYLE_ASSIGNMENT((#11970));
#11970 = SURFACE_STYLE_USAGE(.BOTH.,#11971);
#11971 = SURFACE_SIDE_STYLE('',(#11972));
#11972 = SURFACE_STYLE_FILL_AREA(#11973);
#11973 = FILL_AREA_STYLE('',(#11974));
#11974 = FILL_AREA_STYLE_COLOUR('',#11889);
#11975 = OVER_RIDING_STYLED_ITEM('overriding color',(#11976),#4504,
  #11875);
#11976 = PRESENTATION_STYLE_ASSIGNMENT((#11977));
#11977 = SURFACE_STYLE_USAGE(.BOTH.,#11978);
#11978 = SURFACE_SIDE_STYLE('',(#11979));
#11979 = SURFACE_STYLE_FILL_AREA(#11980);
#11980 = FILL_AREA_STYLE('',(#11981));
#11981 = FILL_AREA_STYLE_COLOUR('',#11889);
#11982 = OVER_RIDING_STYLED_ITEM('overriding color',(#11983),#4552,
  #11875);
#11983 = PRESENTATION_STYLE_ASSIGNMENT((#11984));
#11984 = SURFACE_STYLE_USAGE(.BOTH.,#11985);
#11985 = SURFACE_SIDE_STYLE('',(#11986));
#11986 = SURFACE_STYLE_FILL_AREA(#11987);
#11987 = FILL_AREA_STYLE('',(#11988));
#11988 = FILL_AREA_STYLE_COLOUR('',#11889);
#11989 = OVER_RIDING_STYLED_ITEM('overriding color',(#11990),#4578,
  #11875);
#11990 = PRESENTATION_STYLE_ASSIGNMENT((#11991));
#11991 = SURFACE_STYLE_USAGE(.BOTH.,#11992);
#11992 = SURFACE_SIDE_STYLE('',(#11993));
#11993 = SURFACE_STYLE_FILL_AREA(#11994);
#11994 = FILL_AREA_STYLE('',(#11995));
#11995 = FILL_AREA_STYLE_COLOUR('',#11889);
#11996 = OVER_RIDING_STYLED_ITEM('overriding color',(#11997),#4606,
  #11875);
#11997 = PRESENTATION_STYLE_ASSIGNMENT((#11998));
#11998 = SURFACE_STYLE_USAGE(.BOTH.,#11999);
#11999 = SURFACE_SIDE_STYLE('',(#12000));
#12000 = SURFACE_STYLE_FILL_AREA(#12001);
#12001 = FILL_AREA_STYLE('',(#12002));
#12002 = FILL_AREA_STYLE_COLOUR('',#11889);
#12003 = OVER_RIDING_STYLED_ITEM('overriding color',(#12004),#4642,
  #11875);
#12004 = PRESENTATION_STYLE_ASSIGNMENT((#12005));
#12005 = SURFACE_STYLE_USAGE(.BOTH.,#12006);
#12006 = SURFACE_SIDE_STYLE('',(#12007));
#12007 = SURFACE_STYLE_FILL_AREA(#12008);
#12008 = FILL_AREA_STYLE('',(#12009));
#12009 = FILL_AREA_STYLE_COLOUR('',#11889);
#12010 = OVER_RIDING_STYLED_ITEM('overriding color',(#12011),#4684,
  #11875);
#12011 = PRESENTATION_STYLE_ASSIGNMENT((#12012));
#12012 = SURFACE_STYLE_USAGE(.BOTH.,#12013);
#12013 = SURFACE_SIDE_STYLE('',(#12014));
#12014 = SURFACE_STYLE_FILL_AREA(#12015);
#12015 = FILL_AREA_STYLE('',(#12016));
#12016 = FILL_AREA_STYLE_COLOUR('',#11889);
#12017 = OVER_RIDING_STYLED_ITEM('overriding color',(#12018),#4698,
  #11875);
#12018 = PRESENTATION_STYLE_ASSIGNMENT((#12019));
#12019 = SURFACE_STYLE_USAGE(.BOTH.,#12020);
#12020 = SURFACE_SIDE_STYLE('',(#12021));
#12021 = SURFACE_STYLE_FILL_AREA(#12022);
#12022 = FILL_AREA_STYLE('',(#12023));
#12023 = FILL_AREA_STYLE_COLOUR('',#11889);
#12024 = OVER_RIDING_STYLED_ITEM('overriding color',(#12025),#4712,
  #11875);
#12025 = PRESENTATION_STYLE_ASSIGNMENT((#12026));
#12026 = SURFACE_STYLE_USAGE(.BOTH.,#12027);
#12027 = SURFACE_SIDE_STYLE('',(#12028));
#12028 = SURFACE_STYLE_FILL_AREA(#12029);
#12029 = FILL_AREA_STYLE('',(#12030));
#12030 = FILL_AREA_STYLE_COLOUR('',#11889);
#12031 = OVER_RIDING_STYLED_ITEM('overriding color',(#12032),#4730,
  #11875);
#12032 = PRESENTATION_STYLE_ASSIGNMENT((#12033));
#12033 = SURFACE_STYLE_USAGE(.BOTH.,#12034);
#12034 = SURFACE_SIDE_STYLE('',(#12035));
#12035 = SURFACE_STYLE_FILL_AREA(#12036);
#12036 = FILL_AREA_STYLE('',(#12037));
#12037 = FILL_AREA_STYLE_COLOUR('',#11889);
#12038 = OVER_RIDING_STYLED_ITEM('overriding color',(#12039),#4746,
  #11875);
#12039 = PRESENTATION_STYLE_ASSIGNMENT((#12040));
#12040 = SURFACE_STYLE_USAGE(.BOTH.,#12041);
#12041 = SURFACE_SIDE_STYLE('',(#12042));
#12042 = SURFACE_STYLE_FILL_AREA(#12043);
#12043 = FILL_AREA_STYLE('',(#12044));
#12044 = FILL_AREA_STYLE_COLOUR('',#11889);
#12045 = OVER_RIDING_STYLED_ITEM('overriding color',(#12046),#4760,
  #11875);
#12046 = PRESENTATION_STYLE_ASSIGNMENT((#12047));
#12047 = SURFACE_STYLE_USAGE(.BOTH.,#12048);
#12048 = SURFACE_SIDE_STYLE('',(#12049));
#12049 = SURFACE_STYLE_FILL_AREA(#12050);
#12050 = FILL_AREA_STYLE('',(#12051));
#12051 = FILL_AREA_STYLE_COLOUR('',#11889);
#12052 = OVER_RIDING_STYLED_ITEM('overriding color',(#12053),#4776,
  #11875);
#12053 = PRESENTATION_STYLE_ASSIGNMENT((#12054));
#12054 = SURFACE_STYLE_USAGE(.BOTH.,#12055);
#12055 = SURFACE_SIDE_STYLE('',(#12056));
#12056 = SURFACE_STYLE_FILL_AREA(#12057);
#12057 = FILL_AREA_STYLE('',(#12058));
#12058 = FILL_AREA_STYLE_COLOUR('',#11889);
#12059 = OVER_RIDING_STYLED_ITEM('overriding color',(#12060),#4796,
  #11875);
#12060 = PRESENTATION_STYLE_ASSIGNMENT((#12061));
#12061 = SURFACE_STYLE_USAGE(.BOTH.,#12062);
#12062 = SURFACE_SIDE_STYLE('',(#12063));
#12063 = SURFACE_STYLE_FILL_AREA(#12064);
#12064 = FILL_AREA_STYLE('',(#12065));
#12065 = FILL_AREA_STYLE_COLOUR('',#11889);
#12066 = OVER_RIDING_STYLED_ITEM('overriding color',(#12067),#4808,
  #11875);
#12067 = PRESENTATION_STYLE_ASSIGNMENT((#12068));
#12068 = SURFACE_STYLE_USAGE(.BOTH.,#12069);
#12069 = SURFACE_SIDE_STYLE('',(#12070));
#12070 = SURFACE_STYLE_FILL_AREA(#12071);
#12071 = FILL_AREA_STYLE('',(#12072));
#12072 = FILL_AREA_STYLE_COLOUR('',#11889);
#12073 = OVER_RIDING_STYLED_ITEM('overriding color',(#12074),#4824,
  #11875);
#12074 = PRESENTATION_STYLE_ASSIGNMENT((#12075));
#12075 = SURFACE_STYLE_USAGE(.BOTH.,#12076);
#12076 = SURFACE_SIDE_STYLE('',(#12077));
#12077 = SURFACE_STYLE_FILL_AREA(#12078);
#12078 = FILL_AREA_STYLE('',(#12079));
#12079 = FILL_AREA_STYLE_COLOUR('',#11889);
#12080 = OVER_RIDING_STYLED_ITEM('overriding color',(#12081),#4835,
  #11875);
#12081 = PRESENTATION_STYLE_ASSIGNMENT((#12082));
#12082 = SURFACE_STYLE_USAGE(.BOTH.,#12083);
#12083 = SURFACE_SIDE_STYLE('',(#12084));
#12084 = SURFACE_STYLE_FILL_AREA(#12085);
#12085 = FILL_AREA_STYLE('',(#12086));
#12086 = FILL_AREA_STYLE_COLOUR('',#11889);
#12087 = OVER_RIDING_STYLED_ITEM('overriding color',(#12088),#4847,
  #11875);
#12088 = PRESENTATION_STYLE_ASSIGNMENT((#12089));
#12089 = SURFACE_STYLE_USAGE(.BOTH.,#12090);
#12090 = SURFACE_SIDE_STYLE('',(#12091));
#12091 = SURFACE_STYLE_FILL_AREA(#12092);
#12092 = FILL_AREA_STYLE('',(#12093));
#12093 = FILL_AREA_STYLE_COLOUR('',#11889);
#12094 = OVER_RIDING_STYLED_ITEM('overriding color',(#12095),#4863,
  #11875);
#12095 = PRESENTATION_STYLE_ASSIGNMENT((#12096));
#12096 = SURFACE_STYLE_USAGE(.BOTH.,#12097);
#12097 = SURFACE_SIDE_STYLE('',(#12098));
#12098 = SURFACE_STYLE_FILL_AREA(#12099);
#12099 = FILL_AREA_STYLE('',(#12100));
#12100 = FILL_AREA_STYLE_COLOUR('',#11889);
#12101 = OVER_RIDING_STYLED_ITEM('overriding color',(#12102),#4874,
  #11875);
#12102 = PRESENTATION_STYLE_ASSIGNMENT((#12103));
#12103 = SURFACE_STYLE_USAGE(.BOTH.,#12104);
#12104 = SURFACE_SIDE_STYLE('',(#12105));
#12105 = SURFACE_STYLE_FILL_AREA(#12106);
#12106 = FILL_AREA_STYLE('',(#12107));
#12107 = FILL_AREA_STYLE_COLOUR('',#11889);
#12108 = OVER_RIDING_STYLED_ITEM('overriding color',(#12109),#4890,
  #11875);
#12109 = PRESENTATION_STYLE_ASSIGNMENT((#12110));
#12110 = SURFACE_STYLE_USAGE(.BOTH.,#12111);
#12111 = SURFACE_SIDE_STYLE('',(#12112));
#12112 = SURFACE_STYLE_FILL_AREA(#12113);
#12113 = FILL_AREA_STYLE('',(#12114));
#12114 = FILL_AREA_STYLE_COLOUR('',#11889);
#12115 = OVER_RIDING_STYLED_ITEM('overriding color',(#12116),#4902,
  #11875);
#12116 = PRESENTATION_STYLE_ASSIGNMENT((#12117));
#12117 = SURFACE_STYLE_USAGE(.BOTH.,#12118);
#12118 = SURFACE_SIDE_STYLE('',(#12119));
#12119 = SURFACE_STYLE_FILL_AREA(#12120);
#12120 = FILL_AREA_STYLE('',(#12121));
#12121 = FILL_AREA_STYLE_COLOUR('',#11889);
#12122 = OVER_RIDING_STYLED_ITEM('overriding color',(#12123),#4918,
  #11875);
#12123 = PRESENTATION_STYLE_ASSIGNMENT((#12124));
#12124 = SURFACE_STYLE_USAGE(.BOTH.,#12125);
#12125 = SURFACE_SIDE_STYLE('',(#12126));
#12126 = SURFACE_STYLE_FILL_AREA(#12127);
#12127 = FILL_AREA_STYLE('',(#12128));
#12128 = FILL_AREA_STYLE_COLOUR('',#11889);
#12129 = OVER_RIDING_STYLED_ITEM('overriding color',(#12130),#4929,
  #11875);
#12130 = PRESENTATION_STYLE_ASSIGNMENT((#12131));
#12131 = SURFACE_STYLE_USAGE(.BOTH.,#12132);
#12132 = SURFACE_SIDE_STYLE('',(#12133));
#12133 = SURFACE_STYLE_FILL_AREA(#12134);
#12134 = FILL_AREA_STYLE('',(#12135));
#12135 = FILL_AREA_STYLE_COLOUR('',#11889);
#12136 = OVER_RIDING_STYLED_ITEM('overriding color',(#12137),#4949,
  #11875);
#12137 = PRESENTATION_STYLE_ASSIGNMENT((#12138));
#12138 = SURFACE_STYLE_USAGE(.BOTH.,#12139);
#12139 = SURFACE_SIDE_STYLE('',(#12140));
#12140 = SURFACE_STYLE_FILL_AREA(#12141);
#12141 = FILL_AREA_STYLE('',(#12142));
#12142 = FILL_AREA_STYLE_COLOUR('',#11889);
#12143 = OVER_RIDING_STYLED_ITEM('overriding color',(#12144),#4961,
  #11875);
#12144 = PRESENTATION_STYLE_ASSIGNMENT((#12145));
#12145 = SURFACE_STYLE_USAGE(.BOTH.,#12146);
#12146 = SURFACE_SIDE_STYLE('',(#12147));
#12147 = SURFACE_STYLE_FILL_AREA(#12148);
#12148 = FILL_AREA_STYLE('',(#12149));
#12149 = FILL_AREA_STYLE_COLOUR('',#11889);
#12150 = OVER_RIDING_STYLED_ITEM('overriding color',(#12151),#4977,
  #11875);
#12151 = PRESENTATION_STYLE_ASSIGNMENT((#12152));
#12152 = SURFACE_STYLE_USAGE(.BOTH.,#12153);
#12153 = SURFACE_SIDE_STYLE('',(#12154));
#12154 = SURFACE_STYLE_FILL_AREA(#12155);
#12155 = FILL_AREA_STYLE('',(#12156));
#12156 = FILL_AREA_STYLE_COLOUR('',#11889);
#12157 = OVER_RIDING_STYLED_ITEM('overriding color',(#12158),#4988,
  #11875);
#12158 = PRESENTATION_STYLE_ASSIGNMENT((#12159));
#12159 = SURFACE_STYLE_USAGE(.BOTH.,#12160);
#12160 = SURFACE_SIDE_STYLE('',(#12161));
#12161 = SURFACE_STYLE_FILL_AREA(#12162);
#12162 = FILL_AREA_STYLE('',(#12163));
#12163 = FILL_AREA_STYLE_COLOUR('',#11897);
#12164 = OVER_RIDING_STYLED_ITEM('overriding color',(#12165),#5016,
  #11875);
#12165 = PRESENTATION_STYLE_ASSIGNMENT((#12166));
#12166 = SURFACE_STYLE_USAGE(.BOTH.,#12167);
#12167 = SURFACE_SIDE_STYLE('',(#12168));
#12168 = SURFACE_STYLE_FILL_AREA(#12169);
#12169 = FILL_AREA_STYLE('',(#12170));
#12170 = FILL_AREA_STYLE_COLOUR('',#11897);
#12171 = OVER_RIDING_STYLED_ITEM('overriding color',(#12172),#5038,
  #11875);
#12172 = PRESENTATION_STYLE_ASSIGNMENT((#12173));
#12173 = SURFACE_STYLE_USAGE(.BOTH.,#12174);
#12174 = SURFACE_SIDE_STYLE('',(#12175));
#12175 = SURFACE_STYLE_FILL_AREA(#12176);
#12176 = FILL_AREA_STYLE('',(#12177));
#12177 = FILL_AREA_STYLE_COLOUR('',#11897);
#12178 = OVER_RIDING_STYLED_ITEM('overriding color',(#12179),#5060,
  #11875);
#12179 = PRESENTATION_STYLE_ASSIGNMENT((#12180));
#12180 = SURFACE_STYLE_USAGE(.BOTH.,#12181);
#12181 = SURFACE_SIDE_STYLE('',(#12182));
#12182 = SURFACE_STYLE_FILL_AREA(#12183);
#12183 = FILL_AREA_STYLE('',(#12184));
#12184 = FILL_AREA_STYLE_COLOUR('',#11897);
#12185 = OVER_RIDING_STYLED_ITEM('overriding color',(#12186),#5076,
  #11875);
#12186 = PRESENTATION_STYLE_ASSIGNMENT((#12187));
#12187 = SURFACE_STYLE_USAGE(.BOTH.,#12188);
#12188 = SURFACE_SIDE_STYLE('',(#12189));
#12189 = SURFACE_STYLE_FILL_AREA(#12190);
#12190 = FILL_AREA_STYLE('',(#12191));
#12191 = FILL_AREA_STYLE_COLOUR('',#11897);
#12192 = OVER_RIDING_STYLED_ITEM('overriding color',(#12193),#5088,
  #11875);
#12193 = PRESENTATION_STYLE_ASSIGNMENT((#12194));
#12194 = SURFACE_STYLE_USAGE(.BOTH.,#12195);
#12195 = SURFACE_SIDE_STYLE('',(#12196));
#12196 = SURFACE_STYLE_FILL_AREA(#12197);
#12197 = FILL_AREA_STYLE('',(#12198));
#12198 = FILL_AREA_STYLE_COLOUR('',#11897);
#12199 = OVER_RIDING_STYLED_ITEM('overriding color',(#12200),#5116,
  #11875);
#12200 = PRESENTATION_STYLE_ASSIGNMENT((#12201));
#12201 = SURFACE_STYLE_USAGE(.BOTH.,#12202);
#12202 = SURFACE_SIDE_STYLE('',(#12203));
#12203 = SURFACE_STYLE_FILL_AREA(#12204);
#12204 = FILL_AREA_STYLE('',(#12205));
#12205 = FILL_AREA_STYLE_COLOUR('',#11897);
#12206 = OVER_RIDING_STYLED_ITEM('overriding color',(#12207),#5138,
  #11875);
#12207 = PRESENTATION_STYLE_ASSIGNMENT((#12208));
#12208 = SURFACE_STYLE_USAGE(.BOTH.,#12209);
#12209 = SURFACE_SIDE_STYLE('',(#12210));
#12210 = SURFACE_STYLE_FILL_AREA(#12211);
#12211 = FILL_AREA_STYLE('',(#12212));
#12212 = FILL_AREA_STYLE_COLOUR('',#11897);
#12213 = OVER_RIDING_STYLED_ITEM('overriding color',(#12214),#5160,
  #11875);
#12214 = PRESENTATION_STYLE_ASSIGNMENT((#12215));
#12215 = SURFACE_STYLE_USAGE(.BOTH.,#12216);
#12216 = SURFACE_SIDE_STYLE('',(#12217));
#12217 = SURFACE_STYLE_FILL_AREA(#12218);
#12218 = FILL_AREA_STYLE('',(#12219));
#12219 = FILL_AREA_STYLE_COLOUR('',#11897);
#12220 = OVER_RIDING_STYLED_ITEM('overriding color',(#12221),#5176,
  #11875);
#12221 = PRESENTATION_STYLE_ASSIGNMENT((#12222));
#12222 = SURFACE_STYLE_USAGE(.BOTH.,#12223);
#12223 = SURFACE_SIDE_STYLE('',(#12224));
#12224 = SURFACE_STYLE_FILL_AREA(#12225);
#12225 = FILL_AREA_STYLE('',(#12226));
#12226 = FILL_AREA_STYLE_COLOUR('',#11897);
#12227 = OVER_RIDING_STYLED_ITEM('overriding color',(#12228),#5188,
  #11875);
#12228 = PRESENTATION_STYLE_ASSIGNMENT((#12229));
#12229 = SURFACE_STYLE_USAGE(.BOTH.,#12230);
#12230 = SURFACE_SIDE_STYLE('',(#12231));
#12231 = SURFACE_STYLE_FILL_AREA(#12232);
#12232 = FILL_AREA_STYLE('',(#12233));
#12233 = FILL_AREA_STYLE_COLOUR('',#11897);
#12234 = OVER_RIDING_STYLED_ITEM('overriding color',(#12235),#5216,
  #11875);
#12235 = PRESENTATION_STYLE_ASSIGNMENT((#12236));
#12236 = SURFACE_STYLE_USAGE(.BOTH.,#12237);
#12237 = SURFACE_SIDE_STYLE('',(#12238));
#12238 = SURFACE_STYLE_FILL_AREA(#12239);
#12239 = FILL_AREA_STYLE('',(#12240));
#12240 = FILL_AREA_STYLE_COLOUR('',#11897);
#12241 = OVER_RIDING_STYLED_ITEM('overriding color',(#12242),#5238,
  #11875);
#12242 = PRESENTATION_STYLE_ASSIGNMENT((#12243));
#12243 = SURFACE_STYLE_USAGE(.BOTH.,#12244);
#12244 = SURFACE_SIDE_STYLE('',(#12245));
#12245 = SURFACE_STYLE_FILL_AREA(#12246);
#12246 = FILL_AREA_STYLE('',(#12247));
#12247 = FILL_AREA_STYLE_COLOUR('',#11897);
#12248 = OVER_RIDING_STYLED_ITEM('overriding color',(#12249),#5260,
  #11875);
#12249 = PRESENTATION_STYLE_ASSIGNMENT((#12250));
#12250 = SURFACE_STYLE_USAGE(.BOTH.,#12251);
#12251 = SURFACE_SIDE_STYLE('',(#12252));
#12252 = SURFACE_STYLE_FILL_AREA(#12253);
#12253 = FILL_AREA_STYLE('',(#12254));
#12254 = FILL_AREA_STYLE_COLOUR('',#11897);
#12255 = OVER_RIDING_STYLED_ITEM('overriding color',(#12256),#5276,
  #11875);
#12256 = PRESENTATION_STYLE_ASSIGNMENT((#12257));
#12257 = SURFACE_STYLE_USAGE(.BOTH.,#12258);
#12258 = SURFACE_SIDE_STYLE('',(#12259));
#12259 = SURFACE_STYLE_FILL_AREA(#12260);
#12260 = FILL_AREA_STYLE('',(#12261));
#12261 = FILL_AREA_STYLE_COLOUR('',#11897);
#12262 = OVER_RIDING_STYLED_ITEM('overriding color',(#12263),#5288,
  #11875);
#12263 = PRESENTATION_STYLE_ASSIGNMENT((#12264));
#12264 = SURFACE_STYLE_USAGE(.BOTH.,#12265);
#12265 = SURFACE_SIDE_STYLE('',(#12266));
#12266 = SURFACE_STYLE_FILL_AREA(#12267);
#12267 = FILL_AREA_STYLE('',(#12268));
#12268 = FILL_AREA_STYLE_COLOUR('',#11897);
#12269 = OVER_RIDING_STYLED_ITEM('overriding color',(#12270),#5316,
  #11875);
#12270 = PRESENTATION_STYLE_ASSIGNMENT((#12271));
#12271 = SURFACE_STYLE_USAGE(.BOTH.,#12272);
#12272 = SURFACE_SIDE_STYLE('',(#12273));
#12273 = SURFACE_STYLE_FILL_AREA(#12274);
#12274 = FILL_AREA_STYLE('',(#12275));
#12275 = FILL_AREA_STYLE_COLOUR('',#11897);
#12276 = OVER_RIDING_STYLED_ITEM('overriding color',(#12277),#5338,
  #11875);
#12277 = PRESENTATION_STYLE_ASSIGNMENT((#12278));
#12278 = SURFACE_STYLE_USAGE(.BOTH.,#12279);
#12279 = SURFACE_SIDE_STYLE('',(#12280));
#12280 = SURFACE_STYLE_FILL_AREA(#12281);
#12281 = FILL_AREA_STYLE('',(#12282));
#12282 = FILL_AREA_STYLE_COLOUR('',#11897);
#12283 = OVER_RIDING_STYLED_ITEM('overriding color',(#12284),#5360,
  #11875);
#12284 = PRESENTATION_STYLE_ASSIGNMENT((#12285));
#12285 = SURFACE_STYLE_USAGE(.BOTH.,#12286);
#12286 = SURFACE_SIDE_STYLE('',(#12287));
#12287 = SURFACE_STYLE_FILL_AREA(#12288);
#12288 = FILL_AREA_STYLE('',(#12289));
#12289 = FILL_AREA_STYLE_COLOUR('',#11897);
#12290 = OVER_RIDING_STYLED_ITEM('overriding color',(#12291),#5376,
  #11875);
#12291 = PRESENTATION_STYLE_ASSIGNMENT((#12292));
#12292 = SURFACE_STYLE_USAGE(.BOTH.,#12293);
#12293 = SURFACE_SIDE_STYLE('',(#12294));
#12294 = SURFACE_STYLE_FILL_AREA(#12295);
#12295 = FILL_AREA_STYLE('',(#12296));
#12296 = FILL_AREA_STYLE_COLOUR('',#11897);
#12297 = OVER_RIDING_STYLED_ITEM('overriding color',(#12298),#5388,
  #11875);
#12298 = PRESENTATION_STYLE_ASSIGNMENT((#12299));
#12299 = SURFACE_STYLE_USAGE(.BOTH.,#12300);
#12300 = SURFACE_SIDE_STYLE('',(#12301));
#12301 = SURFACE_STYLE_FILL_AREA(#12302);
#12302 = FILL_AREA_STYLE('',(#12303));
#12303 = FILL_AREA_STYLE_COLOUR('',#11897);
#12304 = OVER_RIDING_STYLED_ITEM('overriding color',(#12305),#5416,
  #11875);
#12305 = PRESENTATION_STYLE_ASSIGNMENT((#12306));
#12306 = SURFACE_STYLE_USAGE(.BOTH.,#12307);
#12307 = SURFACE_SIDE_STYLE('',(#12308));
#12308 = SURFACE_STYLE_FILL_AREA(#12309);
#12309 = FILL_AREA_STYLE('',(#12310));
#12310 = FILL_AREA_STYLE_COLOUR('',#11897);
#12311 = OVER_RIDING_STYLED_ITEM('overriding color',(#12312),#5438,
  #11875);
#12312 = PRESENTATION_STYLE_ASSIGNMENT((#12313));
#12313 = SURFACE_STYLE_USAGE(.BOTH.,#12314);
#12314 = SURFACE_SIDE_STYLE('',(#12315));
#12315 = SURFACE_STYLE_FILL_AREA(#12316);
#12316 = FILL_AREA_STYLE('',(#12317));
#12317 = FILL_AREA_STYLE_COLOUR('',#11897);
#12318 = OVER_RIDING_STYLED_ITEM('overriding color',(#12319),#5460,
  #11875);
#12319 = PRESENTATION_STYLE_ASSIGNMENT((#12320));
#12320 = SURFACE_STYLE_USAGE(.BOTH.,#12321);
#12321 = SURFACE_SIDE_STYLE('',(#12322));
#12322 = SURFACE_STYLE_FILL_AREA(#12323);
#12323 = FILL_AREA_STYLE('',(#12324));
#12324 = FILL_AREA_STYLE_COLOUR('',#11897);
#12325 = OVER_RIDING_STYLED_ITEM('overriding color',(#12326),#5476,
  #11875);
#12326 = PRESENTATION_STYLE_ASSIGNMENT((#12327));
#12327 = SURFACE_STYLE_USAGE(.BOTH.,#12328);
#12328 = SURFACE_SIDE_STYLE('',(#12329));
#12329 = SURFACE_STYLE_FILL_AREA(#12330);
#12330 = FILL_AREA_STYLE('',(#12331));
#12331 = FILL_AREA_STYLE_COLOUR('',#11897);
#12332 = OVER_RIDING_STYLED_ITEM('overriding color',(#12333),#5488,
  #11875);
#12333 = PRESENTATION_STYLE_ASSIGNMENT((#12334));
#12334 = SURFACE_STYLE_USAGE(.BOTH.,#12335);
#12335 = SURFACE_SIDE_STYLE('',(#12336));
#12336 = SURFACE_STYLE_FILL_AREA(#12337);
#12337 = FILL_AREA_STYLE('',(#12338));
#12338 = FILL_AREA_STYLE_COLOUR('',#11285);
#12339 = OVER_RIDING_STYLED_ITEM('overriding color',(#12340),#5516,
  #11875);
#12340 = PRESENTATION_STYLE_ASSIGNMENT((#12341));
#12341 = SURFACE_STYLE_USAGE(.BOTH.,#12342);
#12342 = SURFACE_SIDE_STYLE('',(#12343));
#12343 = SURFACE_STYLE_FILL_AREA(#12344);
#12344 = FILL_AREA_STYLE('',(#12345));
#12345 = FILL_AREA_STYLE_COLOUR('',#11285);
#12346 = OVER_RIDING_STYLED_ITEM('overriding color',(#12347),#5538,
  #11875);
#12347 = PRESENTATION_STYLE_ASSIGNMENT((#12348));
#12348 = SURFACE_STYLE_USAGE(.BOTH.,#12349);
#12349 = SURFACE_SIDE_STYLE('',(#12350));
#12350 = SURFACE_STYLE_FILL_AREA(#12351);
#12351 = FILL_AREA_STYLE('',(#12352));
#12352 = FILL_AREA_STYLE_COLOUR('',#11285);
#12353 = OVER_RIDING_STYLED_ITEM('overriding color',(#12354),#5560,
  #11875);
#12354 = PRESENTATION_STYLE_ASSIGNMENT((#12355));
#12355 = SURFACE_STYLE_USAGE(.BOTH.,#12356);
#12356 = SURFACE_SIDE_STYLE('',(#12357));
#12357 = SURFACE_STYLE_FILL_AREA(#12358);
#12358 = FILL_AREA_STYLE('',(#12359));
#12359 = FILL_AREA_STYLE_COLOUR('',#11285);
#12360 = OVER_RIDING_STYLED_ITEM('overriding color',(#12361),#5582,
  #11875);
#12361 = PRESENTATION_STYLE_ASSIGNMENT((#12362));
#12362 = SURFACE_STYLE_USAGE(.BOTH.,#12363);
#12363 = SURFACE_SIDE_STYLE('',(#12364));
#12364 = SURFACE_STYLE_FILL_AREA(#12365);
#12365 = FILL_AREA_STYLE('',(#12366));
#12366 = FILL_AREA_STYLE_COLOUR('',#11285);
#12367 = OVER_RIDING_STYLED_ITEM('overriding color',(#12368),#5604,
  #11875);
#12368 = PRESENTATION_STYLE_ASSIGNMENT((#12369));
#12369 = SURFACE_STYLE_USAGE(.BOTH.,#12370);
#12370 = SURFACE_SIDE_STYLE('',(#12371));
#12371 = SURFACE_STYLE_FILL_AREA(#12372);
#12372 = FILL_AREA_STYLE('',(#12373));
#12373 = FILL_AREA_STYLE_COLOUR('',#11285);
#12374 = OVER_RIDING_STYLED_ITEM('overriding color',(#12375),#5620,
  #11875);
#12375 = PRESENTATION_STYLE_ASSIGNMENT((#12376));
#12376 = SURFACE_STYLE_USAGE(.BOTH.,#12377);
#12377 = SURFACE_SIDE_STYLE('',(#12378));
#12378 = SURFACE_STYLE_FILL_AREA(#12379);
#12379 = FILL_AREA_STYLE('',(#12380));
#12380 = FILL_AREA_STYLE_COLOUR('',#11285);
#12381 = OVER_RIDING_STYLED_ITEM('overriding color',(#12382),#5634,
  #11875);
#12382 = PRESENTATION_STYLE_ASSIGNMENT((#12383));
#12383 = SURFACE_STYLE_USAGE(.BOTH.,#12384);
#12384 = SURFACE_SIDE_STYLE('',(#12385));
#12385 = SURFACE_STYLE_FILL_AREA(#12386);
#12386 = FILL_AREA_STYLE('',(#12387));
#12387 = FILL_AREA_STYLE_COLOUR('',#11285);
#12388 = OVER_RIDING_STYLED_ITEM('overriding color',(#12389),#5668,
  #11875);
#12389 = PRESENTATION_STYLE_ASSIGNMENT((#12390));
#12390 = SURFACE_STYLE_USAGE(.BOTH.,#12391);
#12391 = SURFACE_SIDE_STYLE('',(#12392));
#12392 = SURFACE_STYLE_FILL_AREA(#12393);
#12393 = FILL_AREA_STYLE('',(#12394));
#12394 = FILL_AREA_STYLE_COLOUR('',#11285);
#12395 = OVER_RIDING_STYLED_ITEM('overriding color',(#12396),#5690,
  #11875);
#12396 = PRESENTATION_STYLE_ASSIGNMENT((#12397));
#12397 = SURFACE_STYLE_USAGE(.BOTH.,#12398);
#12398 = SURFACE_SIDE_STYLE('',(#12399));
#12399 = SURFACE_STYLE_FILL_AREA(#12400);
#12400 = FILL_AREA_STYLE('',(#12401));
#12401 = FILL_AREA_STYLE_COLOUR('',#11285);
#12402 = OVER_RIDING_STYLED_ITEM('overriding color',(#12403),#5718,
  #11875);
#12403 = PRESENTATION_STYLE_ASSIGNMENT((#12404));
#12404 = SURFACE_STYLE_USAGE(.BOTH.,#12405);
#12405 = SURFACE_SIDE_STYLE('',(#12406));
#12406 = SURFACE_STYLE_FILL_AREA(#12407);
#12407 = FILL_AREA_STYLE('',(#12408));
#12408 = FILL_AREA_STYLE_COLOUR('',#11285);
#12409 = OVER_RIDING_STYLED_ITEM('overriding color',(#12410),#5746,
  #11875);
#12410 = PRESENTATION_STYLE_ASSIGNMENT((#12411));
#12411 = SURFACE_STYLE_USAGE(.BOTH.,#12412);
#12412 = SURFACE_SIDE_STYLE('',(#12413));
#12413 = SURFACE_STYLE_FILL_AREA(#12414);
#12414 = FILL_AREA_STYLE('',(#12415));
#12415 = FILL_AREA_STYLE_COLOUR('',#11285);
#12416 = OVER_RIDING_STYLED_ITEM('overriding color',(#12417),#5774,
  #11875);
#12417 = PRESENTATION_STYLE_ASSIGNMENT((#12418));
#12418 = SURFACE_STYLE_USAGE(.BOTH.,#12419);
#12419 = SURFACE_SIDE_STYLE('',(#12420));
#12420 = SURFACE_STYLE_FILL_AREA(#12421);
#12421 = FILL_AREA_STYLE('',(#12422));
#12422 = FILL_AREA_STYLE_COLOUR('',#11285);
#12423 = OVER_RIDING_STYLED_ITEM('overriding color',(#12424),#5802,
  #11875);
#12424 = PRESENTATION_STYLE_ASSIGNMENT((#12425));
#12425 = SURFACE_STYLE_USAGE(.BOTH.,#12426);
#12426 = SURFACE_SIDE_STYLE('',(#12427));
#12427 = SURFACE_STYLE_FILL_AREA(#12428);
#12428 = FILL_AREA_STYLE('',(#12429));
#12429 = FILL_AREA_STYLE_COLOUR('',#11285);
#12430 = OVER_RIDING_STYLED_ITEM('overriding color',(#12431),#5830,
  #11875);
#12431 = PRESENTATION_STYLE_ASSIGNMENT((#12432));
#12432 = SURFACE_STYLE_USAGE(.BOTH.,#12433);
#12433 = SURFACE_SIDE_STYLE('',(#12434));
#12434 = SURFACE_STYLE_FILL_AREA(#12435);
#12435 = FILL_AREA_STYLE('',(#12436));
#12436 = FILL_AREA_STYLE_COLOUR('',#11285);
#12437 = OVER_RIDING_STYLED_ITEM('overriding color',(#12438),#5858,
  #11875);
#12438 = PRESENTATION_STYLE_ASSIGNMENT((#12439));
#12439 = SURFACE_STYLE_USAGE(.BOTH.,#12440);
#12440 = SURFACE_SIDE_STYLE('',(#12441));
#12441 = SURFACE_STYLE_FILL_AREA(#12442);
#12442 = FILL_AREA_STYLE('',(#12443));
#12443 = FILL_AREA_STYLE_COLOUR('',#11285);
#12444 = OVER_RIDING_STYLED_ITEM('overriding color',(#12445),#5880,
  #11875);
#12445 = PRESENTATION_STYLE_ASSIGNMENT((#12446));
#12446 = SURFACE_STYLE_USAGE(.BOTH.,#12447);
#12447 = SURFACE_SIDE_STYLE('',(#12448));
#12448 = SURFACE_STYLE_FILL_AREA(#12449);
#12449 = FILL_AREA_STYLE('',(#12450));
#12450 = FILL_AREA_STYLE_COLOUR('',#11285);
#12451 = OVER_RIDING_STYLED_ITEM('overriding color',(#12452),#5908,
  #11875);
#12452 = PRESENTATION_STYLE_ASSIGNMENT((#12453));
#12453 = SURFACE_STYLE_USAGE(.BOTH.,#12454);
#12454 = SURFACE_SIDE_STYLE('',(#12455));
#12455 = SURFACE_STYLE_FILL_AREA(#12456);
#12456 = FILL_AREA_STYLE('',(#12457));
#12457 = FILL_AREA_STYLE_COLOUR('',#11285);
#12458 = OVER_RIDING_STYLED_ITEM('overriding color',(#12459),#5936,
  #11875);
#12459 = PRESENTATION_STYLE_ASSIGNMENT((#12460));
#12460 = SURFACE_STYLE_USAGE(.BOTH.,#12461);
#12461 = SURFACE_SIDE_STYLE('',(#12462));
#12462 = SURFACE_STYLE_FILL_AREA(#12463);
#12463 = FILL_AREA_STYLE('',(#12464));
#12464 = FILL_AREA_STYLE_COLOUR('',#11285);
#12465 = OVER_RIDING_STYLED_ITEM('overriding color',(#12466),#5964,
  #11875);
#12466 = PRESENTATION_STYLE_ASSIGNMENT((#12467));
#12467 = SURFACE_STYLE_USAGE(.BOTH.,#12468);
#12468 = SURFACE_SIDE_STYLE('',(#12469));
#12469 = SURFACE_STYLE_FILL_AREA(#12470);
#12470 = FILL_AREA_STYLE('',(#12471));
#12471 = FILL_AREA_STYLE_COLOUR('',#11285);
#12472 = OVER_RIDING_STYLED_ITEM('overriding color',(#12473),#5992,
  #11875);
#12473 = PRESENTATION_STYLE_ASSIGNMENT((#12474));
#12474 = SURFACE_STYLE_USAGE(.BOTH.,#12475);
#12475 = SURFACE_SIDE_STYLE('',(#12476));
#12476 = SURFACE_STYLE_FILL_AREA(#12477);
#12477 = FILL_AREA_STYLE('',(#12478));
#12478 = FILL_AREA_STYLE_COLOUR('',#11285);
#12479 = OVER_RIDING_STYLED_ITEM('overriding color',(#12480),#6014,
  #11875);
#12480 = PRESENTATION_STYLE_ASSIGNMENT((#12481));
#12481 = SURFACE_STYLE_USAGE(.BOTH.,#12482);
#12482 = SURFACE_SIDE_STYLE('',(#12483));
#12483 = SURFACE_STYLE_FILL_AREA(#12484);
#12484 = FILL_AREA_STYLE('',(#12485));
#12485 = FILL_AREA_STYLE_COLOUR('',#11285);
#12486 = OVER_RIDING_STYLED_ITEM('overriding color',(#12487),#6036,
  #11875);
#12487 = PRESENTATION_STYLE_ASSIGNMENT((#12488));
#12488 = SURFACE_STYLE_USAGE(.BOTH.,#12489);
#12489 = SURFACE_SIDE_STYLE('',(#12490));
#12490 = SURFACE_STYLE_FILL_AREA(#12491);
#12491 = FILL_AREA_STYLE('',(#12492));
#12492 = FILL_AREA_STYLE_COLOUR('',#11285);
#12493 = OVER_RIDING_STYLED_ITEM('overriding color',(#12494),#6064,
  #11875);
#12494 = PRESENTATION_STYLE_ASSIGNMENT((#12495));
#12495 = SURFACE_STYLE_USAGE(.BOTH.,#12496);
#12496 = SURFACE_SIDE_STYLE('',(#12497));
#12497 = SURFACE_STYLE_FILL_AREA(#12498);
#12498 = FILL_AREA_STYLE('',(#12499));
#12499 = FILL_AREA_STYLE_COLOUR('',#11285);
#12500 = OVER_RIDING_STYLED_ITEM('overriding color',(#12501),#6086,
  #11875);
#12501 = PRESENTATION_STYLE_ASSIGNMENT((#12502));
#12502 = SURFACE_STYLE_USAGE(.BOTH.,#12503);
#12503 = SURFACE_SIDE_STYLE('',(#12504));
#12504 = SURFACE_STYLE_FILL_AREA(#12505);
#12505 = FILL_AREA_STYLE('',(#12506));
#12506 = FILL_AREA_STYLE_COLOUR('',#11285);
#12507 = OVER_RIDING_STYLED_ITEM('overriding color',(#12508),#6108,
  #11875);
#12508 = PRESENTATION_STYLE_ASSIGNMENT((#12509));
#12509 = SURFACE_STYLE_USAGE(.BOTH.,#12510);
#12510 = SURFACE_SIDE_STYLE('',(#12511));
#12511 = SURFACE_STYLE_FILL_AREA(#12512);
#12512 = FILL_AREA_STYLE('',(#12513));
#12513 = FILL_AREA_STYLE_COLOUR('',#11285);
#12514 = OVER_RIDING_STYLED_ITEM('overriding color',(#12515),#6130,
  #11875);
#12515 = PRESENTATION_STYLE_ASSIGNMENT((#12516));
#12516 = SURFACE_STYLE_USAGE(.BOTH.,#12517);
#12517 = SURFACE_SIDE_STYLE('',(#12518));
#12518 = SURFACE_STYLE_FILL_AREA(#12519);
#12519 = FILL_AREA_STYLE('',(#12520));
#12520 = FILL_AREA_STYLE_COLOUR('',#11285);
#12521 = OVER_RIDING_STYLED_ITEM('overriding color',(#12522),#6152,
  #11875);
#12522 = PRESENTATION_STYLE_ASSIGNMENT((#12523));
#12523 = SURFACE_STYLE_USAGE(.BOTH.,#12524);
#12524 = SURFACE_SIDE_STYLE('',(#12525));
#12525 = SURFACE_STYLE_FILL_AREA(#12526);
#12526 = FILL_AREA_STYLE('',(#12527));
#12527 = FILL_AREA_STYLE_COLOUR('',#11285);
#12528 = OVER_RIDING_STYLED_ITEM('overriding color',(#12529),#6174,
  #11875);
#12529 = PRESENTATION_STYLE_ASSIGNMENT((#12530));
#12530 = SURFACE_STYLE_USAGE(.BOTH.,#12531);
#12531 = SURFACE_SIDE_STYLE('',(#12532));
#12532 = SURFACE_STYLE_FILL_AREA(#12533);
#12533 = FILL_AREA_STYLE('',(#12534));
#12534 = FILL_AREA_STYLE_COLOUR('',#11285);
#12535 = OVER_RIDING_STYLED_ITEM('overriding color',(#12536),#6196,
  #11875);
#12536 = PRESENTATION_STYLE_ASSIGNMENT((#12537));
#12537 = SURFACE_STYLE_USAGE(.BOTH.,#12538);
#12538 = SURFACE_SIDE_STYLE('',(#12539));
#12539 = SURFACE_STYLE_FILL_AREA(#12540);
#12540 = FILL_AREA_STYLE('',(#12541));
#12541 = FILL_AREA_STYLE_COLOUR('',#11285);
#12542 = OVER_RIDING_STYLED_ITEM('overriding color',(#12543),#6218,
  #11875);
#12543 = PRESENTATION_STYLE_ASSIGNMENT((#12544));
#12544 = SURFACE_STYLE_USAGE(.BOTH.,#12545);
#12545 = SURFACE_SIDE_STYLE('',(#12546));
#12546 = SURFACE_STYLE_FILL_AREA(#12547);
#12547 = FILL_AREA_STYLE('',(#12548));
#12548 = FILL_AREA_STYLE_COLOUR('',#11285);
#12549 = OVER_RIDING_STYLED_ITEM('overriding color',(#12550),#6240,
  #11875);
#12550 = PRESENTATION_STYLE_ASSIGNMENT((#12551));
#12551 = SURFACE_STYLE_USAGE(.BOTH.,#12552);
#12552 = SURFACE_SIDE_STYLE('',(#12553));
#12553 = SURFACE_STYLE_FILL_AREA(#12554);
#12554 = FILL_AREA_STYLE('',(#12555));
#12555 = FILL_AREA_STYLE_COLOUR('',#11285);
#12556 = OVER_RIDING_STYLED_ITEM('overriding color',(#12557),#6262,
  #11875);
#12557 = PRESENTATION_STYLE_ASSIGNMENT((#12558));
#12558 = SURFACE_STYLE_USAGE(.BOTH.,#12559);
#12559 = SURFACE_SIDE_STYLE('',(#12560));
#12560 = SURFACE_STYLE_FILL_AREA(#12561);
#12561 = FILL_AREA_STYLE('',(#12562));
#12562 = FILL_AREA_STYLE_COLOUR('',#11285);
#12563 = OVER_RIDING_STYLED_ITEM('overriding color',(#12564),#6284,
  #11875);
#12564 = PRESENTATION_STYLE_ASSIGNMENT((#12565));
#12565 = SURFACE_STYLE_USAGE(.BOTH.,#12566);
#12566 = SURFACE_SIDE_STYLE('',(#12567));
#12567 = SURFACE_STYLE_FILL_AREA(#12568);
#12568 = FILL_AREA_STYLE('',(#12569));
#12569 = FILL_AREA_STYLE_COLOUR('',#11285);
#12570 = OVER_RIDING_STYLED_ITEM('overriding color',(#12571),#6300,
  #11875);
#12571 = PRESENTATION_STYLE_ASSIGNMENT((#12572));
#12572 = SURFACE_STYLE_USAGE(.BOTH.,#12573);
#12573 = SURFACE_SIDE_STYLE('',(#12574));
#12574 = SURFACE_STYLE_FILL_AREA(#12575);
#12575 = FILL_AREA_STYLE('',(#12576));
#12576 = FILL_AREA_STYLE_COLOUR('',#11285);
#12577 = OVER_RIDING_STYLED_ITEM('overriding color',(#12578),#6320,
  #11875);
#12578 = PRESENTATION_STYLE_ASSIGNMENT((#12579));
#12579 = SURFACE_STYLE_USAGE(.BOTH.,#12580);
#12580 = SURFACE_SIDE_STYLE('',(#12581));
#12581 = SURFACE_STYLE_FILL_AREA(#12582);
#12582 = FILL_AREA_STYLE('',(#12583));
#12583 = FILL_AREA_STYLE_COLOUR('',#11285);
#12584 = OVER_RIDING_STYLED_ITEM('overriding color',(#12585),#6444,
  #11875);
#12585 = PRESENTATION_STYLE_ASSIGNMENT((#12586));
#12586 = SURFACE_STYLE_USAGE(.BOTH.,#12587);
#12587 = SURFACE_SIDE_STYLE('',(#12588));
#12588 = SURFACE_STYLE_FILL_AREA(#12589);
#12589 = FILL_AREA_STYLE('',(#12590));
#12590 = FILL_AREA_STYLE_COLOUR('',#11285);
#12591 = OVER_RIDING_STYLED_ITEM('overriding color',(#12592),#6464,
  #11875);
#12592 = PRESENTATION_STYLE_ASSIGNMENT((#12593));
#12593 = SURFACE_STYLE_USAGE(.BOTH.,#12594);
#12594 = SURFACE_SIDE_STYLE('',(#12595));
#12595 = SURFACE_STYLE_FILL_AREA(#12596);
#12596 = FILL_AREA_STYLE('',(#12597));
#12597 = FILL_AREA_STYLE_COLOUR('',#11285);
#12598 = OVER_RIDING_STYLED_ITEM('overriding color',(#12599),#6484,
  #11875);
#12599 = PRESENTATION_STYLE_ASSIGNMENT((#12600));
#12600 = SURFACE_STYLE_USAGE(.BOTH.,#12601);
#12601 = SURFACE_SIDE_STYLE('',(#12602));
#12602 = SURFACE_STYLE_FILL_AREA(#12603);
#12603 = FILL_AREA_STYLE('',(#12604));
#12604 = FILL_AREA_STYLE_COLOUR('',#11285);
#12605 = OVER_RIDING_STYLED_ITEM('overriding color',(#12606),#6504,
  #11875);
#12606 = PRESENTATION_STYLE_ASSIGNMENT((#12607));
#12607 = SURFACE_STYLE_USAGE(.BOTH.,#12608);
#12608 = SURFACE_SIDE_STYLE('',(#12609));
#12609 = SURFACE_STYLE_FILL_AREA(#12610);
#12610 = FILL_AREA_STYLE('',(#12611));
#12611 = FILL_AREA_STYLE_COLOUR('',#11285);
#12612 = OVER_RIDING_STYLED_ITEM('overriding color',(#12613),#6524,
  #11875);
#12613 = PRESENTATION_STYLE_ASSIGNMENT((#12614));
#12614 = SURFACE_STYLE_USAGE(.BOTH.,#12615);
#12615 = SURFACE_SIDE_STYLE('',(#12616));
#12616 = SURFACE_STYLE_FILL_AREA(#12617);
#12617 = FILL_AREA_STYLE('',(#12618));
#12618 = FILL_AREA_STYLE_COLOUR('',#11285);
#12619 = OVER_RIDING_STYLED_ITEM('overriding color',(#12620),#6544,
  #11875);
#12620 = PRESENTATION_STYLE_ASSIGNMENT((#12621));
#12621 = SURFACE_STYLE_USAGE(.BOTH.,#12622);
#12622 = SURFACE_SIDE_STYLE('',(#12623));
#12623 = SURFACE_STYLE_FILL_AREA(#12624);
#12624 = FILL_AREA_STYLE('',(#12625));
#12625 = FILL_AREA_STYLE_COLOUR('',#11285);
#12626 = OVER_RIDING_STYLED_ITEM('overriding color',(#12627),#6560,
  #11875);
#12627 = PRESENTATION_STYLE_ASSIGNMENT((#12628));
#12628 = SURFACE_STYLE_USAGE(.BOTH.,#12629);
#12629 = SURFACE_SIDE_STYLE('',(#12630));
#12630 = SURFACE_STYLE_FILL_AREA(#12631);
#12631 = FILL_AREA_STYLE('',(#12632));
#12632 = FILL_AREA_STYLE_COLOUR('',#11285);
#12633 = OVER_RIDING_STYLED_ITEM('overriding color',(#12634),#6572,
  #11875);
#12634 = PRESENTATION_STYLE_ASSIGNMENT((#12635));
#12635 = SURFACE_STYLE_USAGE(.BOTH.,#12636);
#12636 = SURFACE_SIDE_STYLE('',(#12637));
#12637 = SURFACE_STYLE_FILL_AREA(#12638);
#12638 = FILL_AREA_STYLE('',(#12639));
#12639 = FILL_AREA_STYLE_COLOUR('',#11285);
#12640 = OVER_RIDING_STYLED_ITEM('overriding color',(#12641),#6600,
  #11875);
#12641 = PRESENTATION_STYLE_ASSIGNMENT((#12642));
#12642 = SURFACE_STYLE_USAGE(.BOTH.,#12643);
#12643 = SURFACE_SIDE_STYLE('',(#12644));
#12644 = SURFACE_STYLE_FILL_AREA(#12645);
#12645 = FILL_AREA_STYLE('',(#12646));
#12646 = FILL_AREA_STYLE_COLOUR('',#11285);
#12647 = OVER_RIDING_STYLED_ITEM('overriding color',(#12648),#6622,
  #11875);
#12648 = PRESENTATION_STYLE_ASSIGNMENT((#12649));
#12649 = SURFACE_STYLE_USAGE(.BOTH.,#12650);
#12650 = SURFACE_SIDE_STYLE('',(#12651));
#12651 = SURFACE_STYLE_FILL_AREA(#12652);
#12652 = FILL_AREA_STYLE('',(#12653));
#12653 = FILL_AREA_STYLE_COLOUR('',#11285);
#12654 = OVER_RIDING_STYLED_ITEM('overriding color',(#12655),#6644,
  #11875);
#12655 = PRESENTATION_STYLE_ASSIGNMENT((#12656));
#12656 = SURFACE_STYLE_USAGE(.BOTH.,#12657);
#12657 = SURFACE_SIDE_STYLE('',(#12658));
#12658 = SURFACE_STYLE_FILL_AREA(#12659);
#12659 = FILL_AREA_STYLE('',(#12660));
#12660 = FILL_AREA_STYLE_COLOUR('',#11285);
#12661 = OVER_RIDING_STYLED_ITEM('overriding color',(#12662),#6672,
  #11875);
#12662 = PRESENTATION_STYLE_ASSIGNMENT((#12663));
#12663 = SURFACE_STYLE_USAGE(.BOTH.,#12664);
#12664 = SURFACE_SIDE_STYLE('',(#12665));
#12665 = SURFACE_STYLE_FILL_AREA(#12666);
#12666 = FILL_AREA_STYLE('',(#12667));
#12667 = FILL_AREA_STYLE_COLOUR('',#11285);
#12668 = OVER_RIDING_STYLED_ITEM('overriding color',(#12669),#6700,
  #11875);
#12669 = PRESENTATION_STYLE_ASSIGNMENT((#12670));
#12670 = SURFACE_STYLE_USAGE(.BOTH.,#12671);
#12671 = SURFACE_SIDE_STYLE('',(#12672));
#12672 = SURFACE_STYLE_FILL_AREA(#12673);
#12673 = FILL_AREA_STYLE('',(#12674));
#12674 = FILL_AREA_STYLE_COLOUR('',#11285);
#12675 = OVER_RIDING_STYLED_ITEM('overriding color',(#12676),#6728,
  #11875);
#12676 = PRESENTATION_STYLE_ASSIGNMENT((#12677));
#12677 = SURFACE_STYLE_USAGE(.BOTH.,#12678);
#12678 = SURFACE_SIDE_STYLE('',(#12679));
#12679 = SURFACE_STYLE_FILL_AREA(#12680);
#12680 = FILL_AREA_STYLE('',(#12681));
#12681 = FILL_AREA_STYLE_COLOUR('',#11285);
#12682 = OVER_RIDING_STYLED_ITEM('overriding color',(#12683),#6750,
  #11875);
#12683 = PRESENTATION_STYLE_ASSIGNMENT((#12684));
#12684 = SURFACE_STYLE_USAGE(.BOTH.,#12685);
#12685 = SURFACE_SIDE_STYLE('',(#12686));
#12686 = SURFACE_STYLE_FILL_AREA(#12687);
#12687 = FILL_AREA_STYLE('',(#12688));
#12688 = FILL_AREA_STYLE_COLOUR('',#11889);
#12689 = OVER_RIDING_STYLED_ITEM('overriding color',(#12690),#6765,
  #11875);
#12690 = PRESENTATION_STYLE_ASSIGNMENT((#12691));
#12691 = SURFACE_STYLE_USAGE(.BOTH.,#12692);
#12692 = SURFACE_SIDE_STYLE('',(#12693));
#12693 = SURFACE_STYLE_FILL_AREA(#12694);
#12694 = FILL_AREA_STYLE('',(#12695));
#12695 = FILL_AREA_STYLE_COLOUR('',#11285);
#12696 = OVER_RIDING_STYLED_ITEM('overriding color',(#12697),#6877,
  #11875);
#12697 = PRESENTATION_STYLE_ASSIGNMENT((#12698));
#12698 = SURFACE_STYLE_USAGE(.BOTH.,#12699);
#12699 = SURFACE_SIDE_STYLE('',(#12700));
#12700 = SURFACE_STYLE_FILL_AREA(#12701);
#12701 = FILL_AREA_STYLE('',(#12702));
#12702 = FILL_AREA_STYLE_COLOUR('',#11285);
#12703 = OVER_RIDING_STYLED_ITEM('overriding color',(#12704),#6897,
  #11875);
#12704 = PRESENTATION_STYLE_ASSIGNMENT((#12705));
#12705 = SURFACE_STYLE_USAGE(.BOTH.,#12706);
#12706 = SURFACE_SIDE_STYLE('',(#12707));
#12707 = SURFACE_STYLE_FILL_AREA(#12708);
#12708 = FILL_AREA_STYLE('',(#12709));
#12709 = FILL_AREA_STYLE_COLOUR('',#11285);
#12710 = OVER_RIDING_STYLED_ITEM('overriding color',(#12711),#6913,
  #11875);
#12711 = PRESENTATION_STYLE_ASSIGNMENT((#12712));
#12712 = SURFACE_STYLE_USAGE(.BOTH.,#12713);
#12713 = SURFACE_SIDE_STYLE('',(#12714));
#12714 = SURFACE_STYLE_FILL_AREA(#12715);
#12715 = FILL_AREA_STYLE('',(#12716));
#12716 = FILL_AREA_STYLE_COLOUR('',#11285);
#12717 = OVER_RIDING_STYLED_ITEM('overriding color',(#12718),#6929,
  #11875);
#12718 = PRESENTATION_STYLE_ASSIGNMENT((#12719));
#12719 = SURFACE_STYLE_USAGE(.BOTH.,#12720);
#12720 = SURFACE_SIDE_STYLE('',(#12721));
#12721 = SURFACE_STYLE_FILL_AREA(#12722);
#12722 = FILL_AREA_STYLE('',(#12723));
#12723 = FILL_AREA_STYLE_COLOUR('',#11285);
#12724 = OVER_RIDING_STYLED_ITEM('overriding color',(#12725),#6945,
  #11875);
#12725 = PRESENTATION_STYLE_ASSIGNMENT((#12726));
#12726 = SURFACE_STYLE_USAGE(.BOTH.,#12727);
#12727 = SURFACE_SIDE_STYLE('',(#12728));
#12728 = SURFACE_STYLE_FILL_AREA(#12729);
#12729 = FILL_AREA_STYLE('',(#12730));
#12730 = FILL_AREA_STYLE_COLOUR('',#11285);
#12731 = OVER_RIDING_STYLED_ITEM('overriding color',(#12732),#6961,
  #11875);
#12732 = PRESENTATION_STYLE_ASSIGNMENT((#12733));
#12733 = SURFACE_STYLE_USAGE(.BOTH.,#12734);
#12734 = SURFACE_SIDE_STYLE('',(#12735));
#12735 = SURFACE_STYLE_FILL_AREA(#12736);
#12736 = FILL_AREA_STYLE('',(#12737));
#12737 = FILL_AREA_STYLE_COLOUR('',#11285);
#12738 = OVER_RIDING_STYLED_ITEM('overriding color',(#12739),#6977,
  #11875);
#12739 = PRESENTATION_STYLE_ASSIGNMENT((#12740));
#12740 = SURFACE_STYLE_USAGE(.BOTH.,#12741);
#12741 = SURFACE_SIDE_STYLE('',(#12742));
#12742 = SURFACE_STYLE_FILL_AREA(#12743);
#12743 = FILL_AREA_STYLE('',(#12744));
#12744 = FILL_AREA_STYLE_COLOUR('',#11285);
#12745 = OVER_RIDING_STYLED_ITEM('overriding color',(#12746),#6993,
  #11875);
#12746 = PRESENTATION_STYLE_ASSIGNMENT((#12747));
#12747 = SURFACE_STYLE_USAGE(.BOTH.,#12748);
#12748 = SURFACE_SIDE_STYLE('',(#12749));
#12749 = SURFACE_STYLE_FILL_AREA(#12750);
#12750 = FILL_AREA_STYLE('',(#12751));
#12751 = FILL_AREA_STYLE_COLOUR('',#11285);
#12752 = OVER_RIDING_STYLED_ITEM('overriding color',(#12753),#7005,
  #11875);
#12753 = PRESENTATION_STYLE_ASSIGNMENT((#12754));
#12754 = SURFACE_STYLE_USAGE(.BOTH.,#12755);
#12755 = SURFACE_SIDE_STYLE('',(#12756));
#12756 = SURFACE_STYLE_FILL_AREA(#12757);
#12757 = FILL_AREA_STYLE('',(#12758));
#12758 = FILL_AREA_STYLE_COLOUR('',#11285);
#12759 = OVER_RIDING_STYLED_ITEM('overriding color',(#12760),#7033,
  #11875);
#12760 = PRESENTATION_STYLE_ASSIGNMENT((#12761));
#12761 = SURFACE_STYLE_USAGE(.BOTH.,#12762);
#12762 = SURFACE_SIDE_STYLE('',(#12763));
#12763 = SURFACE_STYLE_FILL_AREA(#12764);
#12764 = FILL_AREA_STYLE('',(#12765));
#12765 = FILL_AREA_STYLE_COLOUR('',#11285);
#12766 = OVER_RIDING_STYLED_ITEM('overriding color',(#12767),#7055,
  #11875);
#12767 = PRESENTATION_STYLE_ASSIGNMENT((#12768));
#12768 = SURFACE_STYLE_USAGE(.BOTH.,#12769);
#12769 = SURFACE_SIDE_STYLE('',(#12770));
#12770 = SURFACE_STYLE_FILL_AREA(#12771);
#12771 = FILL_AREA_STYLE('',(#12772));
#12772 = FILL_AREA_STYLE_COLOUR('',#11285);
#12773 = OVER_RIDING_STYLED_ITEM('overriding color',(#12774),#7083,
  #11875);
#12774 = PRESENTATION_STYLE_ASSIGNMENT((#12775));
#12775 = SURFACE_STYLE_USAGE(.BOTH.,#12776);
#12776 = SURFACE_SIDE_STYLE('',(#12777));
#12777 = SURFACE_STYLE_FILL_AREA(#12778);
#12778 = FILL_AREA_STYLE('',(#12779));
#12779 = FILL_AREA_STYLE_COLOUR('',#11285);
#12780 = OVER_RIDING_STYLED_ITEM('overriding color',(#12781),#7105,
  #11875);
#12781 = PRESENTATION_STYLE_ASSIGNMENT((#12782));
#12782 = SURFACE_STYLE_USAGE(.BOTH.,#12783);
#12783 = SURFACE_SIDE_STYLE('',(#12784));
#12784 = SURFACE_STYLE_FILL_AREA(#12785);
#12785 = FILL_AREA_STYLE('',(#12786));
#12786 = FILL_AREA_STYLE_COLOUR('',#11285);
#12787 = OVER_RIDING_STYLED_ITEM('overriding color',(#12788),#7133,
  #11875);
#12788 = PRESENTATION_STYLE_ASSIGNMENT((#12789));
#12789 = SURFACE_STYLE_USAGE(.BOTH.,#12790);
#12790 = SURFACE_SIDE_STYLE('',(#12791));
#12791 = SURFACE_STYLE_FILL_AREA(#12792);
#12792 = FILL_AREA_STYLE('',(#12793));
#12793 = FILL_AREA_STYLE_COLOUR('',#11285);
#12794 = OVER_RIDING_STYLED_ITEM('overriding color',(#12795),#7149,
  #11875);
#12795 = PRESENTATION_STYLE_ASSIGNMENT((#12796));
#12796 = SURFACE_STYLE_USAGE(.BOTH.,#12797);
#12797 = SURFACE_SIDE_STYLE('',(#12798));
#12798 = SURFACE_STYLE_FILL_AREA(#12799);
#12799 = FILL_AREA_STYLE('',(#12800));
#12800 = FILL_AREA_STYLE_COLOUR('',#11889);
#12801 = OVER_RIDING_STYLED_ITEM('overriding color',(#12802),#7163,
  #11875);
#12802 = PRESENTATION_STYLE_ASSIGNMENT((#12803));
#12803 = SURFACE_STYLE_USAGE(.BOTH.,#12804);
#12804 = SURFACE_SIDE_STYLE('',(#12805));
#12805 = SURFACE_STYLE_FILL_AREA(#12806);
#12806 = FILL_AREA_STYLE('',(#12807));
#12807 = FILL_AREA_STYLE_COLOUR('',#11285);
#12808 = OVER_RIDING_STYLED_ITEM('overriding color',(#12809),#7191,
  #11875);
#12809 = PRESENTATION_STYLE_ASSIGNMENT((#12810));
#12810 = SURFACE_STYLE_USAGE(.BOTH.,#12811);
#12811 = SURFACE_SIDE_STYLE('',(#12812));
#12812 = SURFACE_STYLE_FILL_AREA(#12813);
#12813 = FILL_AREA_STYLE('',(#12814));
#12814 = FILL_AREA_STYLE_COLOUR('',#11285);
#12815 = OVER_RIDING_STYLED_ITEM('overriding color',(#12816),#7213,
  #11875);
#12816 = PRESENTATION_STYLE_ASSIGNMENT((#12817));
#12817 = SURFACE_STYLE_USAGE(.BOTH.,#12818);
#12818 = SURFACE_SIDE_STYLE('',(#12819));
#12819 = SURFACE_STYLE_FILL_AREA(#12820);
#12820 = FILL_AREA_STYLE('',(#12821));
#12821 = FILL_AREA_STYLE_COLOUR('',#11285);
#12822 = OVER_RIDING_STYLED_ITEM('overriding color',(#12823),#7235,
  #11875);
#12823 = PRESENTATION_STYLE_ASSIGNMENT((#12824));
#12824 = SURFACE_STYLE_USAGE(.BOTH.,#12825);
#12825 = SURFACE_SIDE_STYLE('',(#12826));
#12826 = SURFACE_STYLE_FILL_AREA(#12827);
#12827 = FILL_AREA_STYLE('',(#12828));
#12828 = FILL_AREA_STYLE_COLOUR('',#11285);
#12829 = OVER_RIDING_STYLED_ITEM('overriding color',(#12830),#7257,
  #11875);
#12830 = PRESENTATION_STYLE_ASSIGNMENT((#12831));
#12831 = SURFACE_STYLE_USAGE(.BOTH.,#12832);
#12832 = SURFACE_SIDE_STYLE('',(#12833));
#12833 = SURFACE_STYLE_FILL_AREA(#12834);
#12834 = FILL_AREA_STYLE('',(#12835));
#12835 = FILL_AREA_STYLE_COLOUR('',#11285);
#12836 = OVER_RIDING_STYLED_ITEM('overriding color',(#12837),#7279,
  #11875);
#12837 = PRESENTATION_STYLE_ASSIGNMENT((#12838));
#12838 = SURFACE_STYLE_USAGE(.BOTH.,#12839);
#12839 = SURFACE_SIDE_STYLE('',(#12840));
#12840 = SURFACE_STYLE_FILL_AREA(#12841);
#12841 = FILL_AREA_STYLE('',(#12842));
#12842 = FILL_AREA_STYLE_COLOUR('',#11285);
#12843 = OVER_RIDING_STYLED_ITEM('overriding color',(#12844),#7301,
  #11875);
#12844 = PRESENTATION_STYLE_ASSIGNMENT((#12845));
#12845 = SURFACE_STYLE_USAGE(.BOTH.,#12846);
#12846 = SURFACE_SIDE_STYLE('',(#12847));
#12847 = SURFACE_STYLE_FILL_AREA(#12848);
#12848 = FILL_AREA_STYLE('',(#12849));
#12849 = FILL_AREA_STYLE_COLOUR('',#11285);
#12850 = OVER_RIDING_STYLED_ITEM('overriding color',(#12851),#7323,
  #11875);
#12851 = PRESENTATION_STYLE_ASSIGNMENT((#12852));
#12852 = SURFACE_STYLE_USAGE(.BOTH.,#12853);
#12853 = SURFACE_SIDE_STYLE('',(#12854));
#12854 = SURFACE_STYLE_FILL_AREA(#12855);
#12855 = FILL_AREA_STYLE('',(#12856));
#12856 = FILL_AREA_STYLE_COLOUR('',#11285);
#12857 = OVER_RIDING_STYLED_ITEM('overriding color',(#12858),#7345,
  #11875);
#12858 = PRESENTATION_STYLE_ASSIGNMENT((#12859));
#12859 = SURFACE_STYLE_USAGE(.BOTH.,#12860);
#12860 = SURFACE_SIDE_STYLE('',(#12861));
#12861 = SURFACE_STYLE_FILL_AREA(#12862);
#12862 = FILL_AREA_STYLE('',(#12863));
#12863 = FILL_AREA_STYLE_COLOUR('',#11285);
#12864 = OVER_RIDING_STYLED_ITEM('overriding color',(#12865),#7367,
  #11875);
#12865 = PRESENTATION_STYLE_ASSIGNMENT((#12866));
#12866 = SURFACE_STYLE_USAGE(.BOTH.,#12867);
#12867 = SURFACE_SIDE_STYLE('',(#12868));
#12868 = SURFACE_STYLE_FILL_AREA(#12869);
#12869 = FILL_AREA_STYLE('',(#12870));
#12870 = FILL_AREA_STYLE_COLOUR('',#11285);
#12871 = OVER_RIDING_STYLED_ITEM('overriding color',(#12872),#7389,
  #11875);
#12872 = PRESENTATION_STYLE_ASSIGNMENT((#12873));
#12873 = SURFACE_STYLE_USAGE(.BOTH.,#12874);
#12874 = SURFACE_SIDE_STYLE('',(#12875));
#12875 = SURFACE_STYLE_FILL_AREA(#12876);
#12876 = FILL_AREA_STYLE('',(#12877));
#12877 = FILL_AREA_STYLE_COLOUR('',#11285);
#12878 = OVER_RIDING_STYLED_ITEM('overriding color',(#12879),#7411,
  #11875);
#12879 = PRESENTATION_STYLE_ASSIGNMENT((#12880));
#12880 = SURFACE_STYLE_USAGE(.BOTH.,#12881);
#12881 = SURFACE_SIDE_STYLE('',(#12882));
#12882 = SURFACE_STYLE_FILL_AREA(#12883);
#12883 = FILL_AREA_STYLE('',(#12884));
#12884 = FILL_AREA_STYLE_COLOUR('',#11285);
#12885 = OVER_RIDING_STYLED_ITEM('overriding color',(#12886),#7427,
  #11875);
#12886 = PRESENTATION_STYLE_ASSIGNMENT((#12887));
#12887 = SURFACE_STYLE_USAGE(.BOTH.,#12888);
#12888 = SURFACE_SIDE_STYLE('',(#12889));
#12889 = SURFACE_STYLE_FILL_AREA(#12890);
#12890 = FILL_AREA_STYLE('',(#12891));
#12891 = FILL_AREA_STYLE_COLOUR('',#11285);
#12892 = OVER_RIDING_STYLED_ITEM('overriding color',(#12893),#7447,
  #11875);
#12893 = PRESENTATION_STYLE_ASSIGNMENT((#12894));
#12894 = SURFACE_STYLE_USAGE(.BOTH.,#12895);
#12895 = SURFACE_SIDE_STYLE('',(#12896));
#12896 = SURFACE_STYLE_FILL_AREA(#12897);
#12897 = FILL_AREA_STYLE('',(#12898));
#12898 = FILL_AREA_STYLE_COLOUR('',#11285);
#12899 = OVER_RIDING_STYLED_ITEM('overriding color',(#12900),#7639,
  #11875);
#12900 = PRESENTATION_STYLE_ASSIGNMENT((#12901));
#12901 = SURFACE_STYLE_USAGE(.BOTH.,#12902);
#12902 = SURFACE_SIDE_STYLE('',(#12903));
#12903 = SURFACE_STYLE_FILL_AREA(#12904);
#12904 = FILL_AREA_STYLE('',(#12905));
#12905 = FILL_AREA_STYLE_COLOUR('',#11285);
#12906 = OVER_RIDING_STYLED_ITEM('overriding color',(#12907),#7663,
  #11875);
#12907 = PRESENTATION_STYLE_ASSIGNMENT((#12908));
#12908 = SURFACE_STYLE_USAGE(.BOTH.,#12909);
#12909 = SURFACE_SIDE_STYLE('',(#12910));
#12910 = SURFACE_STYLE_FILL_AREA(#12911);
#12911 = FILL_AREA_STYLE('',(#12912));
#12912 = FILL_AREA_STYLE_COLOUR('',#11285);
#12913 = OVER_RIDING_STYLED_ITEM('overriding color',(#12914),#7679,
  #11875);
#12914 = PRESENTATION_STYLE_ASSIGNMENT((#12915));
#12915 = SURFACE_STYLE_USAGE(.BOTH.,#12916);
#12916 = SURFACE_SIDE_STYLE('',(#12917));
#12917 = SURFACE_STYLE_FILL_AREA(#12918);
#12918 = FILL_AREA_STYLE('',(#12919));
#12919 = FILL_AREA_STYLE_COLOUR('',#11285);
#12920 = OVER_RIDING_STYLED_ITEM('overriding color',(#12921),#7699,
  #11875);
#12921 = PRESENTATION_STYLE_ASSIGNMENT((#12922));
#12922 = SURFACE_STYLE_USAGE(.BOTH.,#12923);
#12923 = SURFACE_SIDE_STYLE('',(#12924));
#12924 = SURFACE_STYLE_FILL_AREA(#12925);
#12925 = FILL_AREA_STYLE('',(#12926));
#12926 = FILL_AREA_STYLE_COLOUR('',#11285);
#12927 = OVER_RIDING_STYLED_ITEM('overriding color',(#12928),#7719,
  #11875);
#12928 = PRESENTATION_STYLE_ASSIGNMENT((#12929));
#12929 = SURFACE_STYLE_USAGE(.BOTH.,#12930);
#12930 = SURFACE_SIDE_STYLE('',(#12931));
#12931 = SURFACE_STYLE_FILL_AREA(#12932);
#12932 = FILL_AREA_STYLE('',(#12933));
#12933 = FILL_AREA_STYLE_COLOUR('',#11285);
#12934 = OVER_RIDING_STYLED_ITEM('overriding color',(#12935),#7735,
  #11875);
#12935 = PRESENTATION_STYLE_ASSIGNMENT((#12936));
#12936 = SURFACE_STYLE_USAGE(.BOTH.,#12937);
#12937 = SURFACE_SIDE_STYLE('',(#12938));
#12938 = SURFACE_STYLE_FILL_AREA(#12939);
#12939 = FILL_AREA_STYLE('',(#12940));
#12940 = FILL_AREA_STYLE_COLOUR('',#11285);
#12941 = OVER_RIDING_STYLED_ITEM('overriding color',(#12942),#7755,
  #11875);
#12942 = PRESENTATION_STYLE_ASSIGNMENT((#12943));
#12943 = SURFACE_STYLE_USAGE(.BOTH.,#12944);
#12944 = SURFACE_SIDE_STYLE('',(#12945));
#12945 = SURFACE_STYLE_FILL_AREA(#12946);
#12946 = FILL_AREA_STYLE('',(#12947));
#12947 = FILL_AREA_STYLE_COLOUR('',#11285);
#12948 = OVER_RIDING_STYLED_ITEM('overriding color',(#12949),#7775,
  #11875);
#12949 = PRESENTATION_STYLE_ASSIGNMENT((#12950));
#12950 = SURFACE_STYLE_USAGE(.BOTH.,#12951);
#12951 = SURFACE_SIDE_STYLE('',(#12952));
#12952 = SURFACE_STYLE_FILL_AREA(#12953);
#12953 = FILL_AREA_STYLE('',(#12954));
#12954 = FILL_AREA_STYLE_COLOUR('',#11285);
#12955 = OVER_RIDING_STYLED_ITEM('overriding color',(#12956),#7795,
  #11875);
#12956 = PRESENTATION_STYLE_ASSIGNMENT((#12957));
#12957 = SURFACE_STYLE_USAGE(.BOTH.,#12958);
#12958 = SURFACE_SIDE_STYLE('',(#12959));
#12959 = SURFACE_STYLE_FILL_AREA(#12960);
#12960 = FILL_AREA_STYLE('',(#12961));
#12961 = FILL_AREA_STYLE_COLOUR('',#11285);
#12962 = OVER_RIDING_STYLED_ITEM('overriding color',(#12963),#7815,
  #11875);
#12963 = PRESENTATION_STYLE_ASSIGNMENT((#12964));
#12964 = SURFACE_STYLE_USAGE(.BOTH.,#12965);
#12965 = SURFACE_SIDE_STYLE('',(#12966));
#12966 = SURFACE_STYLE_FILL_AREA(#12967);
#12967 = FILL_AREA_STYLE('',(#12968));
#12968 = FILL_AREA_STYLE_COLOUR('',#11285);
#12969 = OVER_RIDING_STYLED_ITEM('overriding color',(#12970),#7831,
  #11875);
#12970 = PRESENTATION_STYLE_ASSIGNMENT((#12971));
#12971 = SURFACE_STYLE_USAGE(.BOTH.,#12972);
#12972 = SURFACE_SIDE_STYLE('',(#12973));
#12973 = SURFACE_STYLE_FILL_AREA(#12974);
#12974 = FILL_AREA_STYLE('',(#12975));
#12975 = FILL_AREA_STYLE_COLOUR('',#11285);
#12976 = OVER_RIDING_STYLED_ITEM('overriding color',(#12977),#7847,
  #11875);
#12977 = PRESENTATION_STYLE_ASSIGNMENT((#12978));
#12978 = SURFACE_STYLE_USAGE(.BOTH.,#12979);
#12979 = SURFACE_SIDE_STYLE('',(#12980));
#12980 = SURFACE_STYLE_FILL_AREA(#12981);
#12981 = FILL_AREA_STYLE('',(#12982));
#12982 = FILL_AREA_STYLE_COLOUR('',#11285);
#12983 = OVER_RIDING_STYLED_ITEM('overriding color',(#12984),#7863,
  #11875);
#12984 = PRESENTATION_STYLE_ASSIGNMENT((#12985));
#12985 = SURFACE_STYLE_USAGE(.BOTH.,#12986);
#12986 = SURFACE_SIDE_STYLE('',(#12987));
#12987 = SURFACE_STYLE_FILL_AREA(#12988);
#12988 = FILL_AREA_STYLE('',(#12989));
#12989 = FILL_AREA_STYLE_COLOUR('',#11285);
#12990 = OVER_RIDING_STYLED_ITEM('overriding color',(#12991),#7879,
  #11875);
#12991 = PRESENTATION_STYLE_ASSIGNMENT((#12992));
#12992 = SURFACE_STYLE_USAGE(.BOTH.,#12993);
#12993 = SURFACE_SIDE_STYLE('',(#12994));
#12994 = SURFACE_STYLE_FILL_AREA(#12995);
#12995 = FILL_AREA_STYLE('',(#12996));
#12996 = FILL_AREA_STYLE_COLOUR('',#11285);
#12997 = OVER_RIDING_STYLED_ITEM('overriding color',(#12998),#7895,
  #11875);
#12998 = PRESENTATION_STYLE_ASSIGNMENT((#12999));
#12999 = SURFACE_STYLE_USAGE(.BOTH.,#13000);
#13000 = SURFACE_SIDE_STYLE('',(#13001));
#13001 = SURFACE_STYLE_FILL_AREA(#13002);
#13002 = FILL_AREA_STYLE('',(#13003));
#13003 = FILL_AREA_STYLE_COLOUR('',#11285);
#13004 = OVER_RIDING_STYLED_ITEM('overriding color',(#13005),#7929,
  #11875);
#13005 = PRESENTATION_STYLE_ASSIGNMENT((#13006));
#13006 = SURFACE_STYLE_USAGE(.BOTH.,#13007);
#13007 = SURFACE_SIDE_STYLE('',(#13008));
#13008 = SURFACE_STYLE_FILL_AREA(#13009);
#13009 = FILL_AREA_STYLE('',(#13010));
#13010 = FILL_AREA_STYLE_COLOUR('',#11285);
#13011 = OVER_RIDING_STYLED_ITEM('overriding color',(#13012),#7957,
  #11875);
#13012 = PRESENTATION_STYLE_ASSIGNMENT((#13013));
#13013 = SURFACE_STYLE_USAGE(.BOTH.,#13014);
#13014 = SURFACE_SIDE_STYLE('',(#13015));
#13015 = SURFACE_STYLE_FILL_AREA(#13016);
#13016 = FILL_AREA_STYLE('',(#13017));
#13017 = FILL_AREA_STYLE_COLOUR('',#11285);
#13018 = OVER_RIDING_STYLED_ITEM('overriding color',(#13019),#7985,
  #11875);
#13019 = PRESENTATION_STYLE_ASSIGNMENT((#13020));
#13020 = SURFACE_STYLE_USAGE(.BOTH.,#13021);
#13021 = SURFACE_SIDE_STYLE('',(#13022));
#13022 = SURFACE_STYLE_FILL_AREA(#13023);
#13023 = FILL_AREA_STYLE('',(#13024));
#13024 = FILL_AREA_STYLE_COLOUR('',#11285);
#13025 = OVER_RIDING_STYLED_ITEM('overriding color',(#13026),#8013,
  #11875);
#13026 = PRESENTATION_STYLE_ASSIGNMENT((#13027));
#13027 = SURFACE_STYLE_USAGE(.BOTH.,#13028);
#13028 = SURFACE_SIDE_STYLE('',(#13029));
#13029 = SURFACE_STYLE_FILL_AREA(#13030);
#13030 = FILL_AREA_STYLE('',(#13031));
#13031 = FILL_AREA_STYLE_COLOUR('',#11285);
#13032 = OVER_RIDING_STYLED_ITEM('overriding color',(#13033),#8041,
  #11875);
#13033 = PRESENTATION_STYLE_ASSIGNMENT((#13034));
#13034 = SURFACE_STYLE_USAGE(.BOTH.,#13035);
#13035 = SURFACE_SIDE_STYLE('',(#13036));
#13036 = SURFACE_STYLE_FILL_AREA(#13037);
#13037 = FILL_AREA_STYLE('',(#13038));
#13038 = FILL_AREA_STYLE_COLOUR('',#11285);
#13039 = OVER_RIDING_STYLED_ITEM('overriding color',(#13040),#8069,
  #11875);
#13040 = PRESENTATION_STYLE_ASSIGNMENT((#13041));
#13041 = SURFACE_STYLE_USAGE(.BOTH.,#13042);
#13042 = SURFACE_SIDE_STYLE('',(#13043));
#13043 = SURFACE_STYLE_FILL_AREA(#13044);
#13044 = FILL_AREA_STYLE('',(#13045));
#13045 = FILL_AREA_STYLE_COLOUR('',#11285);
#13046 = OVER_RIDING_STYLED_ITEM('overriding color',(#13047),#8091,
  #11875);
#13047 = PRESENTATION_STYLE_ASSIGNMENT((#13048));
#13048 = SURFACE_STYLE_USAGE(.BOTH.,#13049);
#13049 = SURFACE_SIDE_STYLE('',(#13050));
#13050 = SURFACE_STYLE_FILL_AREA(#13051);
#13051 = FILL_AREA_STYLE('',(#13052));
#13052 = FILL_AREA_STYLE_COLOUR('',#11285);
#13053 = OVER_RIDING_STYLED_ITEM('overriding color',(#13054),#8107,
  #11875);
#13054 = PRESENTATION_STYLE_ASSIGNMENT((#13055));
#13055 = SURFACE_STYLE_USAGE(.BOTH.,#13056);
#13056 = SURFACE_SIDE_STYLE('',(#13057));
#13057 = SURFACE_STYLE_FILL_AREA(#13058);
#13058 = FILL_AREA_STYLE('',(#13059));
#13059 = FILL_AREA_STYLE_COLOUR('',#11889);
#13060 = OVER_RIDING_STYLED_ITEM('overriding color',(#13061),#8123,
  #11875);
#13061 = PRESENTATION_STYLE_ASSIGNMENT((#13062));
#13062 = SURFACE_STYLE_USAGE(.BOTH.,#13063);
#13063 = SURFACE_SIDE_STYLE('',(#13064));
#13064 = SURFACE_STYLE_FILL_AREA(#13065);
#13065 = FILL_AREA_STYLE('',(#13066));
#13066 = FILL_AREA_STYLE_COLOUR('',#11285);
#13067 = OVER_RIDING_STYLED_ITEM('overriding color',(#13068),#8157,
  #11875);
#13068 = PRESENTATION_STYLE_ASSIGNMENT((#13069));
#13069 = SURFACE_STYLE_USAGE(.BOTH.,#13070);
#13070 = SURFACE_SIDE_STYLE('',(#13071));
#13071 = SURFACE_STYLE_FILL_AREA(#13072);
#13072 = FILL_AREA_STYLE('',(#13073));
#13073 = FILL_AREA_STYLE_COLOUR('',#11285);
#13074 = OVER_RIDING_STYLED_ITEM('overriding color',(#13075),#8179,
  #11875);
#13075 = PRESENTATION_STYLE_ASSIGNMENT((#13076));
#13076 = SURFACE_STYLE_USAGE(.BOTH.,#13077);
#13077 = SURFACE_SIDE_STYLE('',(#13078));
#13078 = SURFACE_STYLE_FILL_AREA(#13079);
#13079 = FILL_AREA_STYLE('',(#13080));
#13080 = FILL_AREA_STYLE_COLOUR('',#11285);
#13081 = OVER_RIDING_STYLED_ITEM('overriding color',(#13082),#8207,
  #11875);
#13082 = PRESENTATION_STYLE_ASSIGNMENT((#13083));
#13083 = SURFACE_STYLE_USAGE(.BOTH.,#13084);
#13084 = SURFACE_SIDE_STYLE('',(#13085));
#13085 = SURFACE_STYLE_FILL_AREA(#13086);
#13086 = FILL_AREA_STYLE('',(#13087));
#13087 = FILL_AREA_STYLE_COLOUR('',#11285);
#13088 = OVER_RIDING_STYLED_ITEM('overriding color',(#13089),#8235,
  #11875);
#13089 = PRESENTATION_STYLE_ASSIGNMENT((#13090));
#13090 = SURFACE_STYLE_USAGE(.BOTH.,#13091);
#13091 = SURFACE_SIDE_STYLE('',(#13092));
#13092 = SURFACE_STYLE_FILL_AREA(#13093);
#13093 = FILL_AREA_STYLE('',(#13094));
#13094 = FILL_AREA_STYLE_COLOUR('',#11285);
#13095 = OVER_RIDING_STYLED_ITEM('overriding color',(#13096),#8263,
  #11875);
#13096 = PRESENTATION_STYLE_ASSIGNMENT((#13097));
#13097 = SURFACE_STYLE_USAGE(.BOTH.,#13098);
#13098 = SURFACE_SIDE_STYLE('',(#13099));
#13099 = SURFACE_STYLE_FILL_AREA(#13100);
#13100 = FILL_AREA_STYLE('',(#13101));
#13101 = FILL_AREA_STYLE_COLOUR('',#11285);
#13102 = OVER_RIDING_STYLED_ITEM('overriding color',(#13103),#8291,
  #11875);
#13103 = PRESENTATION_STYLE_ASSIGNMENT((#13104));
#13104 = SURFACE_STYLE_USAGE(.BOTH.,#13105);
#13105 = SURFACE_SIDE_STYLE('',(#13106));
#13106 = SURFACE_STYLE_FILL_AREA(#13107);
#13107 = FILL_AREA_STYLE('',(#13108));
#13108 = FILL_AREA_STYLE_COLOUR('',#11285);
#13109 = OVER_RIDING_STYLED_ITEM('overriding color',(#13110),#8319,
  #11875);
#13110 = PRESENTATION_STYLE_ASSIGNMENT((#13111));
#13111 = SURFACE_STYLE_USAGE(.BOTH.,#13112);
#13112 = SURFACE_SIDE_STYLE('',(#13113));
#13113 = SURFACE_STYLE_FILL_AREA(#13114);
#13114 = FILL_AREA_STYLE('',(#13115));
#13115 = FILL_AREA_STYLE_COLOUR('',#11285);
#13116 = OVER_RIDING_STYLED_ITEM('overriding color',(#13117),#8347,
  #11875);
#13117 = PRESENTATION_STYLE_ASSIGNMENT((#13118));
#13118 = SURFACE_STYLE_USAGE(.BOTH.,#13119);
#13119 = SURFACE_SIDE_STYLE('',(#13120));
#13120 = SURFACE_STYLE_FILL_AREA(#13121);
#13121 = FILL_AREA_STYLE('',(#13122));
#13122 = FILL_AREA_STYLE_COLOUR('',#11285);
#13123 = OVER_RIDING_STYLED_ITEM('overriding color',(#13124),#8375,
  #11875);
#13124 = PRESENTATION_STYLE_ASSIGNMENT((#13125));
#13125 = SURFACE_STYLE_USAGE(.BOTH.,#13126);
#13126 = SURFACE_SIDE_STYLE('',(#13127));
#13127 = SURFACE_STYLE_FILL_AREA(#13128);
#13128 = FILL_AREA_STYLE('',(#13129));
#13129 = FILL_AREA_STYLE_COLOUR('',#11285);
#13130 = OVER_RIDING_STYLED_ITEM('overriding color',(#13131),#8403,
  #11875);
#13131 = PRESENTATION_STYLE_ASSIGNMENT((#13132));
#13132 = SURFACE_STYLE_USAGE(.BOTH.,#13133);
#13133 = SURFACE_SIDE_STYLE('',(#13134));
#13134 = SURFACE_STYLE_FILL_AREA(#13135);
#13135 = FILL_AREA_STYLE('',(#13136));
#13136 = FILL_AREA_STYLE_COLOUR('',#11285);
#13137 = OVER_RIDING_STYLED_ITEM('overriding color',(#13138),#8431,
  #11875);
#13138 = PRESENTATION_STYLE_ASSIGNMENT((#13139));
#13139 = SURFACE_STYLE_USAGE(.BOTH.,#13140);
#13140 = SURFACE_SIDE_STYLE('',(#13141));
#13141 = SURFACE_STYLE_FILL_AREA(#13142);
#13142 = FILL_AREA_STYLE('',(#13143));
#13143 = FILL_AREA_STYLE_COLOUR('',#11285);
#13144 = OVER_RIDING_STYLED_ITEM('overriding color',(#13145),#8459,
  #11875);
#13145 = PRESENTATION_STYLE_ASSIGNMENT((#13146));
#13146 = SURFACE_STYLE_USAGE(.BOTH.,#13147);
#13147 = SURFACE_SIDE_STYLE('',(#13148));
#13148 = SURFACE_STYLE_FILL_AREA(#13149);
#13149 = FILL_AREA_STYLE('',(#13150));
#13150 = FILL_AREA_STYLE_COLOUR('',#11285);
#13151 = OVER_RIDING_STYLED_ITEM('overriding color',(#13152),#8481,
  #11875);
#13152 = PRESENTATION_STYLE_ASSIGNMENT((#13153));
#13153 = SURFACE_STYLE_USAGE(.BOTH.,#13154);
#13154 = SURFACE_SIDE_STYLE('',(#13155));
#13155 = SURFACE_STYLE_FILL_AREA(#13156);
#13156 = FILL_AREA_STYLE('',(#13157));
#13157 = FILL_AREA_STYLE_COLOUR('',#11285);
#13158 = OVER_RIDING_STYLED_ITEM('overriding color',(#13159),#8509,
  #11875);
#13159 = PRESENTATION_STYLE_ASSIGNMENT((#13160));
#13160 = SURFACE_STYLE_USAGE(.BOTH.,#13161);
#13161 = SURFACE_SIDE_STYLE('',(#13162));
#13162 = SURFACE_STYLE_FILL_AREA(#13163);
#13163 = FILL_AREA_STYLE('',(#13164));
#13164 = FILL_AREA_STYLE_COLOUR('',#11285);
#13165 = OVER_RIDING_STYLED_ITEM('overriding color',(#13166),#8537,
  #11875);
#13166 = PRESENTATION_STYLE_ASSIGNMENT((#13167));
#13167 = SURFACE_STYLE_USAGE(.BOTH.,#13168);
#13168 = SURFACE_SIDE_STYLE('',(#13169));
#13169 = SURFACE_STYLE_FILL_AREA(#13170);
#13170 = FILL_AREA_STYLE('',(#13171));
#13171 = FILL_AREA_STYLE_COLOUR('',#11285);
#13172 = OVER_RIDING_STYLED_ITEM('overriding color',(#13173),#8565,
  #11875);
#13173 = PRESENTATION_STYLE_ASSIGNMENT((#13174));
#13174 = SURFACE_STYLE_USAGE(.BOTH.,#13175);
#13175 = SURFACE_SIDE_STYLE('',(#13176));
#13176 = SURFACE_STYLE_FILL_AREA(#13177);
#13177 = FILL_AREA_STYLE('',(#13178));
#13178 = FILL_AREA_STYLE_COLOUR('',#11285);
#13179 = OVER_RIDING_STYLED_ITEM('overriding color',(#13180),#8593,
  #11875);
#13180 = PRESENTATION_STYLE_ASSIGNMENT((#13181));
#13181 = SURFACE_STYLE_USAGE(.BOTH.,#13182);
#13182 = SURFACE_SIDE_STYLE('',(#13183));
#13183 = SURFACE_STYLE_FILL_AREA(#13184);
#13184 = FILL_AREA_STYLE('',(#13185));
#13185 = FILL_AREA_STYLE_COLOUR('',#11285);
#13186 = OVER_RIDING_STYLED_ITEM('overriding color',(#13187),#8621,
  #11875);
#13187 = PRESENTATION_STYLE_ASSIGNMENT((#13188));
#13188 = SURFACE_STYLE_USAGE(.BOTH.,#13189);
#13189 = SURFACE_SIDE_STYLE('',(#13190));
#13190 = SURFACE_STYLE_FILL_AREA(#13191);
#13191 = FILL_AREA_STYLE('',(#13192));
#13192 = FILL_AREA_STYLE_COLOUR('',#11285);
#13193 = OVER_RIDING_STYLED_ITEM('overriding color',(#13194),#8649,
  #11875);
#13194 = PRESENTATION_STYLE_ASSIGNMENT((#13195));
#13195 = SURFACE_STYLE_USAGE(.BOTH.,#13196);
#13196 = SURFACE_SIDE_STYLE('',(#13197));
#13197 = SURFACE_STYLE_FILL_AREA(#13198);
#13198 = FILL_AREA_STYLE('',(#13199));
#13199 = FILL_AREA_STYLE_COLOUR('',#11285);
#13200 = OVER_RIDING_STYLED_ITEM('overriding color',(#13201),#8677,
  #11875);
#13201 = PRESENTATION_STYLE_ASSIGNMENT((#13202));
#13202 = SURFACE_STYLE_USAGE(.BOTH.,#13203);
#13203 = SURFACE_SIDE_STYLE('',(#13204));
#13204 = SURFACE_STYLE_FILL_AREA(#13205);
#13205 = FILL_AREA_STYLE('',(#13206));
#13206 = FILL_AREA_STYLE_COLOUR('',#11285);
#13207 = OVER_RIDING_STYLED_ITEM('overriding color',(#13208),#8699,
  #11875);
#13208 = PRESENTATION_STYLE_ASSIGNMENT((#13209));
#13209 = SURFACE_STYLE_USAGE(.BOTH.,#13210);
#13210 = SURFACE_SIDE_STYLE('',(#13211));
#13211 = SURFACE_STYLE_FILL_AREA(#13212);
#13212 = FILL_AREA_STYLE('',(#13213));
#13213 = FILL_AREA_STYLE_COLOUR('',#11285);
#13214 = OVER_RIDING_STYLED_ITEM('overriding color',(#13215),#8728,
  #11875);
#13215 = PRESENTATION_STYLE_ASSIGNMENT((#13216));
#13216 = SURFACE_STYLE_USAGE(.BOTH.,#13217);
#13217 = SURFACE_SIDE_STYLE('',(#13218));
#13218 = SURFACE_STYLE_FILL_AREA(#13219);
#13219 = FILL_AREA_STYLE('',(#13220));
#13220 = FILL_AREA_STYLE_COLOUR('',#11285);
#13221 = OVER_RIDING_STYLED_ITEM('overriding color',(#13222),#8756,
  #11875);
#13222 = PRESENTATION_STYLE_ASSIGNMENT((#13223));
#13223 = SURFACE_STYLE_USAGE(.BOTH.,#13224);
#13224 = SURFACE_SIDE_STYLE('',(#13225));
#13225 = SURFACE_STYLE_FILL_AREA(#13226);
#13226 = FILL_AREA_STYLE('',(#13227));
#13227 = FILL_AREA_STYLE_COLOUR('',#11285);
#13228 = OVER_RIDING_STYLED_ITEM('overriding color',(#13229),#8778,
  #11875);
#13229 = PRESENTATION_STYLE_ASSIGNMENT((#13230));
#13230 = SURFACE_STYLE_USAGE(.BOTH.,#13231);
#13231 = SURFACE_SIDE_STYLE('',(#13232));
#13232 = SURFACE_STYLE_FILL_AREA(#13233);
#13233 = FILL_AREA_STYLE('',(#13234));
#13234 = FILL_AREA_STYLE_COLOUR('',#11285);
#13235 = OVER_RIDING_STYLED_ITEM('overriding color',(#13236),#8806,
  #11875);
#13236 = PRESENTATION_STYLE_ASSIGNMENT((#13237));
#13237 = SURFACE_STYLE_USAGE(.BOTH.,#13238);
#13238 = SURFACE_SIDE_STYLE('',(#13239));
#13239 = SURFACE_STYLE_FILL_AREA(#13240);
#13240 = FILL_AREA_STYLE('',(#13241));
#13241 = FILL_AREA_STYLE_COLOUR('',#11285);
#13242 = OVER_RIDING_STYLED_ITEM('overriding color',(#13243),#8828,
  #11875);
#13243 = PRESENTATION_STYLE_ASSIGNMENT((#13244));
#13244 = SURFACE_STYLE_USAGE(.BOTH.,#13245);
#13245 = SURFACE_SIDE_STYLE('',(#13246));
#13246 = SURFACE_STYLE_FILL_AREA(#13247);
#13247 = FILL_AREA_STYLE('',(#13248));
#13248 = FILL_AREA_STYLE_COLOUR('',#11285);
#13249 = OVER_RIDING_STYLED_ITEM('overriding color',(#13250),#8850,
  #11875);
#13250 = PRESENTATION_STYLE_ASSIGNMENT((#13251));
#13251 = SURFACE_STYLE_USAGE(.BOTH.,#13252);
#13252 = SURFACE_SIDE_STYLE('',(#13253));
#13253 = SURFACE_STYLE_FILL_AREA(#13254);
#13254 = FILL_AREA_STYLE('',(#13255));
#13255 = FILL_AREA_STYLE_COLOUR('',#11285);
#13256 = OVER_RIDING_STYLED_ITEM('overriding color',(#13257),#8872,
  #11875);
#13257 = PRESENTATION_STYLE_ASSIGNMENT((#13258));
#13258 = SURFACE_STYLE_USAGE(.BOTH.,#13259);
#13259 = SURFACE_SIDE_STYLE('',(#13260));
#13260 = SURFACE_STYLE_FILL_AREA(#13261);
#13261 = FILL_AREA_STYLE('',(#13262));
#13262 = FILL_AREA_STYLE_COLOUR('',#11285);
#13263 = OVER_RIDING_STYLED_ITEM('overriding color',(#13264),#8894,
  #11875);
#13264 = PRESENTATION_STYLE_ASSIGNMENT((#13265));
#13265 = SURFACE_STYLE_USAGE(.BOTH.,#13266);
#13266 = SURFACE_SIDE_STYLE('',(#13267));
#13267 = SURFACE_STYLE_FILL_AREA(#13268);
#13268 = FILL_AREA_STYLE('',(#13269));
#13269 = FILL_AREA_STYLE_COLOUR('',#11285);
#13270 = OVER_RIDING_STYLED_ITEM('overriding color',(#13271),#8916,
  #11875);
#13271 = PRESENTATION_STYLE_ASSIGNMENT((#13272));
#13272 = SURFACE_STYLE_USAGE(.BOTH.,#13273);
#13273 = SURFACE_SIDE_STYLE('',(#13274));
#13274 = SURFACE_STYLE_FILL_AREA(#13275);
#13275 = FILL_AREA_STYLE('',(#13276));
#13276 = FILL_AREA_STYLE_COLOUR('',#11285);
#13277 = OVER_RIDING_STYLED_ITEM('overriding color',(#13278),#8938,
  #11875);
#13278 = PRESENTATION_STYLE_ASSIGNMENT((#13279));
#13279 = SURFACE_STYLE_USAGE(.BOTH.,#13280);
#13280 = SURFACE_SIDE_STYLE('',(#13281));
#13281 = SURFACE_STYLE_FILL_AREA(#13282);
#13282 = FILL_AREA_STYLE('',(#13283));
#13283 = FILL_AREA_STYLE_COLOUR('',#11285);
#13284 = OVER_RIDING_STYLED_ITEM('overriding color',(#13285),#8966,
  #11875);
#13285 = PRESENTATION_STYLE_ASSIGNMENT((#13286));
#13286 = SURFACE_STYLE_USAGE(.BOTH.,#13287);
#13287 = SURFACE_SIDE_STYLE('',(#13288));
#13288 = SURFACE_STYLE_FILL_AREA(#13289);
#13289 = FILL_AREA_STYLE('',(#13290));
#13290 = FILL_AREA_STYLE_COLOUR('',#11285);
#13291 = OVER_RIDING_STYLED_ITEM('overriding color',(#13292),#8994,
  #11875);
#13292 = PRESENTATION_STYLE_ASSIGNMENT((#13293));
#13293 = SURFACE_STYLE_USAGE(.BOTH.,#13294);
#13294 = SURFACE_SIDE_STYLE('',(#13295));
#13295 = SURFACE_STYLE_FILL_AREA(#13296);
#13296 = FILL_AREA_STYLE('',(#13297));
#13297 = FILL_AREA_STYLE_COLOUR('',#11285);
#13298 = OVER_RIDING_STYLED_ITEM('overriding color',(#13299),#9016,
  #11875);
#13299 = PRESENTATION_STYLE_ASSIGNMENT((#13300));
#13300 = SURFACE_STYLE_USAGE(.BOTH.,#13301);
#13301 = SURFACE_SIDE_STYLE('',(#13302));
#13302 = SURFACE_STYLE_FILL_AREA(#13303);
#13303 = FILL_AREA_STYLE('',(#13304));
#13304 = FILL_AREA_STYLE_COLOUR('',#11285);
#13305 = OVER_RIDING_STYLED_ITEM('overriding color',(#13306),#9044,
  #11875);
#13306 = PRESENTATION_STYLE_ASSIGNMENT((#13307));
#13307 = SURFACE_STYLE_USAGE(.BOTH.,#13308);
#13308 = SURFACE_SIDE_STYLE('',(#13309));
#13309 = SURFACE_STYLE_FILL_AREA(#13310);
#13310 = FILL_AREA_STYLE('',(#13311));
#13311 = FILL_AREA_STYLE_COLOUR('',#11285);
#13312 = OVER_RIDING_STYLED_ITEM('overriding color',(#13313),#9072,
  #11875);
#13313 = PRESENTATION_STYLE_ASSIGNMENT((#13314));
#13314 = SURFACE_STYLE_USAGE(.BOTH.,#13315);
#13315 = SURFACE_SIDE_STYLE('',(#13316));
#13316 = SURFACE_STYLE_FILL_AREA(#13317);
#13317 = FILL_AREA_STYLE('',(#13318));
#13318 = FILL_AREA_STYLE_COLOUR('',#11285);
#13319 = OVER_RIDING_STYLED_ITEM('overriding color',(#13320),#9088,
  #11875);
#13320 = PRESENTATION_STYLE_ASSIGNMENT((#13321));
#13321 = SURFACE_STYLE_USAGE(.BOTH.,#13322);
#13322 = SURFACE_SIDE_STYLE('',(#13323));
#13323 = SURFACE_STYLE_FILL_AREA(#13324);
#13324 = FILL_AREA_STYLE('',(#13325));
#13325 = FILL_AREA_STYLE_COLOUR('',#11285);
#13326 = OVER_RIDING_STYLED_ITEM('overriding color',(#13327),#9111,
  #11875);
#13327 = PRESENTATION_STYLE_ASSIGNMENT((#13328));
#13328 = SURFACE_STYLE_USAGE(.BOTH.,#13329);
#13329 = SURFACE_SIDE_STYLE('',(#13330));
#13330 = SURFACE_STYLE_FILL_AREA(#13331);
#13331 = FILL_AREA_STYLE('',(#13332));
#13332 = FILL_AREA_STYLE_COLOUR('',#11285);
#13333 = OVER_RIDING_STYLED_ITEM('overriding color',(#13334),#9139,
  #11875);
#13334 = PRESENTATION_STYLE_ASSIGNMENT((#13335));
#13335 = SURFACE_STYLE_USAGE(.BOTH.,#13336);
#13336 = SURFACE_SIDE_STYLE('',(#13337));
#13337 = SURFACE_STYLE_FILL_AREA(#13338);
#13338 = FILL_AREA_STYLE('',(#13339));
#13339 = FILL_AREA_STYLE_COLOUR('',#11285);
#13340 = OVER_RIDING_STYLED_ITEM('overriding color',(#13341),#9161,
  #11875);
#13341 = PRESENTATION_STYLE_ASSIGNMENT((#13342));
#13342 = SURFACE_STYLE_USAGE(.BOTH.,#13343);
#13343 = SURFACE_SIDE_STYLE('',(#13344));
#13344 = SURFACE_STYLE_FILL_AREA(#13345);
#13345 = FILL_AREA_STYLE('',(#13346));
#13346 = FILL_AREA_STYLE_COLOUR('',#11285);
#13347 = OVER_RIDING_STYLED_ITEM('overriding color',(#13348),#9183,
  #11875);
#13348 = PRESENTATION_STYLE_ASSIGNMENT((#13349));
#13349 = SURFACE_STYLE_USAGE(.BOTH.,#13350);
#13350 = SURFACE_SIDE_STYLE('',(#13351));
#13351 = SURFACE_STYLE_FILL_AREA(#13352);
#13352 = FILL_AREA_STYLE('',(#13353));
#13353 = FILL_AREA_STYLE_COLOUR('',#11285);
#13354 = OVER_RIDING_STYLED_ITEM('overriding color',(#13355),#9205,
  #11875);
#13355 = PRESENTATION_STYLE_ASSIGNMENT((#13356));
#13356 = SURFACE_STYLE_USAGE(.BOTH.,#13357);
#13357 = SURFACE_SIDE_STYLE('',(#13358));
#13358 = SURFACE_STYLE_FILL_AREA(#13359);
#13359 = FILL_AREA_STYLE('',(#13360));
#13360 = FILL_AREA_STYLE_COLOUR('',#11285);
#13361 = OVER_RIDING_STYLED_ITEM('overriding color',(#13362),#9227,
  #11875);
#13362 = PRESENTATION_STYLE_ASSIGNMENT((#13363));
#13363 = SURFACE_STYLE_USAGE(.BOTH.,#13364);
#13364 = SURFACE_SIDE_STYLE('',(#13365));
#13365 = SURFACE_STYLE_FILL_AREA(#13366);
#13366 = FILL_AREA_STYLE('',(#13367));
#13367 = FILL_AREA_STYLE_COLOUR('',#11285);
#13368 = OVER_RIDING_STYLED_ITEM('overriding color',(#13369),#9249,
  #11875);
#13369 = PRESENTATION_STYLE_ASSIGNMENT((#13370));
#13370 = SURFACE_STYLE_USAGE(.BOTH.,#13371);
#13371 = SURFACE_SIDE_STYLE('',(#13372));
#13372 = SURFACE_STYLE_FILL_AREA(#13373);
#13373 = FILL_AREA_STYLE('',(#13374));
#13374 = FILL_AREA_STYLE_COLOUR('',#11285);
#13375 = OVER_RIDING_STYLED_ITEM('overriding color',(#13376),#9271,
  #11875);
#13376 = PRESENTATION_STYLE_ASSIGNMENT((#13377));
#13377 = SURFACE_STYLE_USAGE(.BOTH.,#13378);
#13378 = SURFACE_SIDE_STYLE('',(#13379));
#13379 = SURFACE_STYLE_FILL_AREA(#13380);
#13380 = FILL_AREA_STYLE('',(#13381));
#13381 = FILL_AREA_STYLE_COLOUR('',#11285);
#13382 = OVER_RIDING_STYLED_ITEM('overriding color',(#13383),#9293,
  #11875);
#13383 = PRESENTATION_STYLE_ASSIGNMENT((#13384));
#13384 = SURFACE_STYLE_USAGE(.BOTH.,#13385);
#13385 = SURFACE_SIDE_STYLE('',(#13386));
#13386 = SURFACE_STYLE_FILL_AREA(#13387);
#13387 = FILL_AREA_STYLE('',(#13388));
#13388 = FILL_AREA_STYLE_COLOUR('',#11285);
#13389 = OVER_RIDING_STYLED_ITEM('overriding color',(#13390),#9315,
  #11875);
#13390 = PRESENTATION_STYLE_ASSIGNMENT((#13391));
#13391 = SURFACE_STYLE_USAGE(.BOTH.,#13392);
#13392 = SURFACE_SIDE_STYLE('',(#13393));
#13393 = SURFACE_STYLE_FILL_AREA(#13394);
#13394 = FILL_AREA_STYLE('',(#13395));
#13395 = FILL_AREA_STYLE_COLOUR('',#11285);
#13396 = OVER_RIDING_STYLED_ITEM('overriding color',(#13397),#9337,
  #11875);
#13397 = PRESENTATION_STYLE_ASSIGNMENT((#13398));
#13398 = SURFACE_STYLE_USAGE(.BOTH.,#13399);
#13399 = SURFACE_SIDE_STYLE('',(#13400));
#13400 = SURFACE_STYLE_FILL_AREA(#13401);
#13401 = FILL_AREA_STYLE('',(#13402));
#13402 = FILL_AREA_STYLE_COLOUR('',#11285);
#13403 = OVER_RIDING_STYLED_ITEM('overriding color',(#13404),#9359,
  #11875);
#13404 = PRESENTATION_STYLE_ASSIGNMENT((#13405));
#13405 = SURFACE_STYLE_USAGE(.BOTH.,#13406);
#13406 = SURFACE_SIDE_STYLE('',(#13407));
#13407 = SURFACE_STYLE_FILL_AREA(#13408);
#13408 = FILL_AREA_STYLE('',(#13409));
#13409 = FILL_AREA_STYLE_COLOUR('',#11285);
#13410 = OVER_RIDING_STYLED_ITEM('overriding color',(#13411),#9375,
  #11875);
#13411 = PRESENTATION_STYLE_ASSIGNMENT((#13412));
#13412 = SURFACE_STYLE_USAGE(.BOTH.,#13413);
#13413 = SURFACE_SIDE_STYLE('',(#13414));
#13414 = SURFACE_STYLE_FILL_AREA(#13415);
#13415 = FILL_AREA_STYLE('',(#13416));
#13416 = FILL_AREA_STYLE_COLOUR('',#11285);
#13417 = OVER_RIDING_STYLED_ITEM('overriding color',(#13418),#9395,
  #11875);
#13418 = PRESENTATION_STYLE_ASSIGNMENT((#13419));
#13419 = SURFACE_STYLE_USAGE(.BOTH.,#13420);
#13420 = SURFACE_SIDE_STYLE('',(#13421));
#13421 = SURFACE_STYLE_FILL_AREA(#13422);
#13422 = FILL_AREA_STYLE('',(#13423));
#13423 = FILL_AREA_STYLE_COLOUR('',#11285);
#13424 = OVER_RIDING_STYLED_ITEM('overriding color',(#13425),#9519,
  #11875);
#13425 = PRESENTATION_STYLE_ASSIGNMENT((#13426));
#13426 = SURFACE_STYLE_USAGE(.BOTH.,#13427);
#13427 = SURFACE_SIDE_STYLE('',(#13428));
#13428 = SURFACE_STYLE_FILL_AREA(#13429);
#13429 = FILL_AREA_STYLE('',(#13430));
#13430 = FILL_AREA_STYLE_COLOUR('',#11285);
#13431 = OVER_RIDING_STYLED_ITEM('overriding color',(#13432),#9539,
  #11875);
#13432 = PRESENTATION_STYLE_ASSIGNMENT((#13433));
#13433 = SURFACE_STYLE_USAGE(.BOTH.,#13434);
#13434 = SURFACE_SIDE_STYLE('',(#13435));
#13435 = SURFACE_STYLE_FILL_AREA(#13436);
#13436 = FILL_AREA_STYLE('',(#13437));
#13437 = FILL_AREA_STYLE_COLOUR('',#11285);
#13438 = OVER_RIDING_STYLED_ITEM('overriding color',(#13439),#9559,
  #11875);
#13439 = PRESENTATION_STYLE_ASSIGNMENT((#13440));
#13440 = SURFACE_STYLE_USAGE(.BOTH.,#13441);
#13441 = SURFACE_SIDE_STYLE('',(#13442));
#13442 = SURFACE_STYLE_FILL_AREA(#13443);
#13443 = FILL_AREA_STYLE('',(#13444));
#13444 = FILL_AREA_STYLE_COLOUR('',#11285);
#13445 = OVER_RIDING_STYLED_ITEM('overriding color',(#13446),#9579,
  #11875);
#13446 = PRESENTATION_STYLE_ASSIGNMENT((#13447));
#13447 = SURFACE_STYLE_USAGE(.BOTH.,#13448);
#13448 = SURFACE_SIDE_STYLE('',(#13449));
#13449 = SURFACE_STYLE_FILL_AREA(#13450);
#13450 = FILL_AREA_STYLE('',(#13451));
#13451 = FILL_AREA_STYLE_COLOUR('',#11285);
#13452 = OVER_RIDING_STYLED_ITEM('overriding color',(#13453),#9599,
  #11875);
#13453 = PRESENTATION_STYLE_ASSIGNMENT((#13454));
#13454 = SURFACE_STYLE_USAGE(.BOTH.,#13455);
#13455 = SURFACE_SIDE_STYLE('',(#13456));
#13456 = SURFACE_STYLE_FILL_AREA(#13457);
#13457 = FILL_AREA_STYLE('',(#13458));
#13458 = FILL_AREA_STYLE_COLOUR('',#11285);
#13459 = OVER_RIDING_STYLED_ITEM('overriding color',(#13460),#9619,
  #11875);
#13460 = PRESENTATION_STYLE_ASSIGNMENT((#13461));
#13461 = SURFACE_STYLE_USAGE(.BOTH.,#13462);
#13462 = SURFACE_SIDE_STYLE('',(#13463));
#13463 = SURFACE_STYLE_FILL_AREA(#13464);
#13464 = FILL_AREA_STYLE('',(#13465));
#13465 = FILL_AREA_STYLE_COLOUR('',#11285);
#13466 = OVER_RIDING_STYLED_ITEM('overriding color',(#13467),#9635,
  #11875);
#13467 = PRESENTATION_STYLE_ASSIGNMENT((#13468));
#13468 = SURFACE_STYLE_USAGE(.BOTH.,#13469);
#13469 = SURFACE_SIDE_STYLE('',(#13470));
#13470 = SURFACE_STYLE_FILL_AREA(#13471);
#13471 = FILL_AREA_STYLE('',(#13472));
#13472 = FILL_AREA_STYLE_COLOUR('',#11285);
#13473 = OVER_RIDING_STYLED_ITEM('overriding color',(#13474),#9647,
  #11875);
#13474 = PRESENTATION_STYLE_ASSIGNMENT((#13475));
#13475 = SURFACE_STYLE_USAGE(.BOTH.,#13476);
#13476 = SURFACE_SIDE_STYLE('',(#13477));
#13477 = SURFACE_STYLE_FILL_AREA(#13478);
#13478 = FILL_AREA_STYLE('',(#13479));
#13479 = FILL_AREA_STYLE_COLOUR('',#11285);
#13480 = OVER_RIDING_STYLED_ITEM('overriding color',(#13481),#9675,
  #11875);
#13481 = PRESENTATION_STYLE_ASSIGNMENT((#13482));
#13482 = SURFACE_STYLE_USAGE(.BOTH.,#13483);
#13483 = SURFACE_SIDE_STYLE('',(#13484));
#13484 = SURFACE_STYLE_FILL_AREA(#13485);
#13485 = FILL_AREA_STYLE('',(#13486));
#13486 = FILL_AREA_STYLE_COLOUR('',#11285);
#13487 = OVER_RIDING_STYLED_ITEM('overriding color',(#13488),#9697,
  #11875);
#13488 = PRESENTATION_STYLE_ASSIGNMENT((#13489));
#13489 = SURFACE_STYLE_USAGE(.BOTH.,#13490);
#13490 = SURFACE_SIDE_STYLE('',(#13491));
#13491 = SURFACE_STYLE_FILL_AREA(#13492);
#13492 = FILL_AREA_STYLE('',(#13493));
#13493 = FILL_AREA_STYLE_COLOUR('',#11285);
#13494 = OVER_RIDING_STYLED_ITEM('overriding color',(#13495),#9719,
  #11875);
#13495 = PRESENTATION_STYLE_ASSIGNMENT((#13496));
#13496 = SURFACE_STYLE_USAGE(.BOTH.,#13497);
#13497 = SURFACE_SIDE_STYLE('',(#13498));
#13498 = SURFACE_STYLE_FILL_AREA(#13499);
#13499 = FILL_AREA_STYLE('',(#13500));
#13500 = FILL_AREA_STYLE_COLOUR('',#11285);
#13501 = OVER_RIDING_STYLED_ITEM('overriding color',(#13502),#9747,
  #11875);
#13502 = PRESENTATION_STYLE_ASSIGNMENT((#13503));
#13503 = SURFACE_STYLE_USAGE(.BOTH.,#13504);
#13504 = SURFACE_SIDE_STYLE('',(#13505));
#13505 = SURFACE_STYLE_FILL_AREA(#13506);
#13506 = FILL_AREA_STYLE('',(#13507));
#13507 = FILL_AREA_STYLE_COLOUR('',#11285);
#13508 = OVER_RIDING_STYLED_ITEM('overriding color',(#13509),#9775,
  #11875);
#13509 = PRESENTATION_STYLE_ASSIGNMENT((#13510));
#13510 = SURFACE_STYLE_USAGE(.BOTH.,#13511);
#13511 = SURFACE_SIDE_STYLE('',(#13512));
#13512 = SURFACE_STYLE_FILL_AREA(#13513);
#13513 = FILL_AREA_STYLE('',(#13514));
#13514 = FILL_AREA_STYLE_COLOUR('',#11285);
#13515 = OVER_RIDING_STYLED_ITEM('overriding color',(#13516),#9803,
  #11875);
#13516 = PRESENTATION_STYLE_ASSIGNMENT((#13517));
#13517 = SURFACE_STYLE_USAGE(.BOTH.,#13518);
#13518 = SURFACE_SIDE_STYLE('',(#13519));
#13519 = SURFACE_STYLE_FILL_AREA(#13520);
#13520 = FILL_AREA_STYLE('',(#13521));
#13521 = FILL_AREA_STYLE_COLOUR('',#11285);
#13522 = OVER_RIDING_STYLED_ITEM('overriding color',(#13523),#9825,
  #11875);
#13523 = PRESENTATION_STYLE_ASSIGNMENT((#13524));
#13524 = SURFACE_STYLE_USAGE(.BOTH.,#13525);
#13525 = SURFACE_SIDE_STYLE('',(#13526));
#13526 = SURFACE_STYLE_FILL_AREA(#13527);
#13527 = FILL_AREA_STYLE('',(#13528));
#13528 = FILL_AREA_STYLE_COLOUR('',#11889);
#13529 = OVER_RIDING_STYLED_ITEM('overriding color',(#13530),#9840,
  #11875);
#13530 = PRESENTATION_STYLE_ASSIGNMENT((#13531));
#13531 = SURFACE_STYLE_USAGE(.BOTH.,#13532);
#13532 = SURFACE_SIDE_STYLE('',(#13533));
#13533 = SURFACE_STYLE_FILL_AREA(#13534);
#13534 = FILL_AREA_STYLE('',(#13535));
#13535 = FILL_AREA_STYLE_COLOUR('',#11285);
#13536 = OVER_RIDING_STYLED_ITEM('overriding color',(#13537),#9952,
  #11875);
#13537 = PRESENTATION_STYLE_ASSIGNMENT((#13538));
#13538 = SURFACE_STYLE_USAGE(.BOTH.,#13539);
#13539 = SURFACE_SIDE_STYLE('',(#13540));
#13540 = SURFACE_STYLE_FILL_AREA(#13541);
#13541 = FILL_AREA_STYLE('',(#13542));
#13542 = FILL_AREA_STYLE_COLOUR('',#11285);
#13543 = OVER_RIDING_STYLED_ITEM('overriding color',(#13544),#9972,
  #11875);
#13544 = PRESENTATION_STYLE_ASSIGNMENT((#13545));
#13545 = SURFACE_STYLE_USAGE(.BOTH.,#13546);
#13546 = SURFACE_SIDE_STYLE('',(#13547));
#13547 = SURFACE_STYLE_FILL_AREA(#13548);
#13548 = FILL_AREA_STYLE('',(#13549));
#13549 = FILL_AREA_STYLE_COLOUR('',#11285);
#13550 = OVER_RIDING_STYLED_ITEM('overriding color',(#13551),#9988,
  #11875);
#13551 = PRESENTATION_STYLE_ASSIGNMENT((#13552));
#13552 = SURFACE_STYLE_USAGE(.BOTH.,#13553);
#13553 = SURFACE_SIDE_STYLE('',(#13554));
#13554 = SURFACE_STYLE_FILL_AREA(#13555);
#13555 = FILL_AREA_STYLE('',(#13556));
#13556 = FILL_AREA_STYLE_COLOUR('',#11285);
#13557 = OVER_RIDING_STYLED_ITEM('overriding color',(#13558),#10004,
  #11875);
#13558 = PRESENTATION_STYLE_ASSIGNMENT((#13559));
#13559 = SURFACE_STYLE_USAGE(.BOTH.,#13560);
#13560 = SURFACE_SIDE_STYLE('',(#13561));
#13561 = SURFACE_STYLE_FILL_AREA(#13562);
#13562 = FILL_AREA_STYLE('',(#13563));
#13563 = FILL_AREA_STYLE_COLOUR('',#11285);
#13564 = OVER_RIDING_STYLED_ITEM('overriding color',(#13565),#10020,
  #11875);
#13565 = PRESENTATION_STYLE_ASSIGNMENT((#13566));
#13566 = SURFACE_STYLE_USAGE(.BOTH.,#13567);
#13567 = SURFACE_SIDE_STYLE('',(#13568));
#13568 = SURFACE_STYLE_FILL_AREA(#13569);
#13569 = FILL_AREA_STYLE('',(#13570));
#13570 = FILL_AREA_STYLE_COLOUR('',#11285);
#13571 = OVER_RIDING_STYLED_ITEM('overriding color',(#13572),#10036,
  #11875);
#13572 = PRESENTATION_STYLE_ASSIGNMENT((#13573));
#13573 = SURFACE_STYLE_USAGE(.BOTH.,#13574);
#13574 = SURFACE_SIDE_STYLE('',(#13575));
#13575 = SURFACE_STYLE_FILL_AREA(#13576);
#13576 = FILL_AREA_STYLE('',(#13577));
#13577 = FILL_AREA_STYLE_COLOUR('',#11285);
#13578 = OVER_RIDING_STYLED_ITEM('overriding color',(#13579),#10052,
  #11875);
#13579 = PRESENTATION_STYLE_ASSIGNMENT((#13580));
#13580 = SURFACE_STYLE_USAGE(.BOTH.,#13581);
#13581 = SURFACE_SIDE_STYLE('',(#13582));
#13582 = SURFACE_STYLE_FILL_AREA(#13583);
#13583 = FILL_AREA_STYLE('',(#13584));
#13584 = FILL_AREA_STYLE_COLOUR('',#11285);
#13585 = OVER_RIDING_STYLED_ITEM('overriding color',(#13586),#10068,
  #11875);
#13586 = PRESENTATION_STYLE_ASSIGNMENT((#13587));
#13587 = SURFACE_STYLE_USAGE(.BOTH.,#13588);
#13588 = SURFACE_SIDE_STYLE('',(#13589));
#13589 = SURFACE_STYLE_FILL_AREA(#13590);
#13590 = FILL_AREA_STYLE('',(#13591));
#13591 = FILL_AREA_STYLE_COLOUR('',#11285);
#13592 = OVER_RIDING_STYLED_ITEM('overriding color',(#13593),#10080,
  #11875);
#13593 = PRESENTATION_STYLE_ASSIGNMENT((#13594));
#13594 = SURFACE_STYLE_USAGE(.BOTH.,#13595);
#13595 = SURFACE_SIDE_STYLE('',(#13596));
#13596 = SURFACE_STYLE_FILL_AREA(#13597);
#13597 = FILL_AREA_STYLE('',(#13598));
#13598 = FILL_AREA_STYLE_COLOUR('',#11285);
#13599 = OVER_RIDING_STYLED_ITEM('overriding color',(#13600),#10108,
  #11875);
#13600 = PRESENTATION_STYLE_ASSIGNMENT((#13601));
#13601 = SURFACE_STYLE_USAGE(.BOTH.,#13602);
#13602 = SURFACE_SIDE_STYLE('',(#13603));
#13603 = SURFACE_STYLE_FILL_AREA(#13604);
#13604 = FILL_AREA_STYLE('',(#13605));
#13605 = FILL_AREA_STYLE_COLOUR('',#11285);
#13606 = OVER_RIDING_STYLED_ITEM('overriding color',(#13607),#10130,
  #11875);
#13607 = PRESENTATION_STYLE_ASSIGNMENT((#13608));
#13608 = SURFACE_STYLE_USAGE(.BOTH.,#13609);
#13609 = SURFACE_SIDE_STYLE('',(#13610));
#13610 = SURFACE_STYLE_FILL_AREA(#13611);
#13611 = FILL_AREA_STYLE('',(#13612));
#13612 = FILL_AREA_STYLE_COLOUR('',#11285);
#13613 = OVER_RIDING_STYLED_ITEM('overriding color',(#13614),#10158,
  #11875);
#13614 = PRESENTATION_STYLE_ASSIGNMENT((#13615));
#13615 = SURFACE_STYLE_USAGE(.BOTH.,#13616);
#13616 = SURFACE_SIDE_STYLE('',(#13617));
#13617 = SURFACE_STYLE_FILL_AREA(#13618);
#13618 = FILL_AREA_STYLE('',(#13619));
#13619 = FILL_AREA_STYLE_COLOUR('',#11285);
#13620 = OVER_RIDING_STYLED_ITEM('overriding color',(#13621),#10180,
  #11875);
#13621 = PRESENTATION_STYLE_ASSIGNMENT((#13622));
#13622 = SURFACE_STYLE_USAGE(.BOTH.,#13623);
#13623 = SURFACE_SIDE_STYLE('',(#13624));
#13624 = SURFACE_STYLE_FILL_AREA(#13625);
#13625 = FILL_AREA_STYLE('',(#13626));
#13626 = FILL_AREA_STYLE_COLOUR('',#11285);
#13627 = OVER_RIDING_STYLED_ITEM('overriding color',(#13628),#10208,
  #11875);
#13628 = PRESENTATION_STYLE_ASSIGNMENT((#13629));
#13629 = SURFACE_STYLE_USAGE(.BOTH.,#13630);
#13630 = SURFACE_SIDE_STYLE('',(#13631));
#13631 = SURFACE_STYLE_FILL_AREA(#13632);
#13632 = FILL_AREA_STYLE('',(#13633));
#13633 = FILL_AREA_STYLE_COLOUR('',#11285);
#13634 = OVER_RIDING_STYLED_ITEM('overriding color',(#13635),#10224,
  #11875);
#13635 = PRESENTATION_STYLE_ASSIGNMENT((#13636));
#13636 = SURFACE_STYLE_USAGE(.BOTH.,#13637);
#13637 = SURFACE_SIDE_STYLE('',(#13638));
#13638 = SURFACE_STYLE_FILL_AREA(#13639);
#13639 = FILL_AREA_STYLE('',(#13640));
#13640 = FILL_AREA_STYLE_COLOUR('',#11889);
#13641 = OVER_RIDING_STYLED_ITEM('overriding color',(#13642),#10238,
  #11875);
#13642 = PRESENTATION_STYLE_ASSIGNMENT((#13643));
#13643 = SURFACE_STYLE_USAGE(.BOTH.,#13644);
#13644 = SURFACE_SIDE_STYLE('',(#13645));
#13645 = SURFACE_STYLE_FILL_AREA(#13646);
#13646 = FILL_AREA_STYLE('',(#13647));
#13647 = FILL_AREA_STYLE_COLOUR('',#11285);
#13648 = OVER_RIDING_STYLED_ITEM('overriding color',(#13649),#10558,
  #11875);
#13649 = PRESENTATION_STYLE_ASSIGNMENT((#13650));
#13650 = SURFACE_STYLE_USAGE(.BOTH.,#13651);
#13651 = SURFACE_SIDE_STYLE('',(#13652));
#13652 = SURFACE_STYLE_FILL_AREA(#13653);
#13653 = FILL_AREA_STYLE('',(#13654));
#13654 = FILL_AREA_STYLE_COLOUR('',#11285);
#13655 = OVER_RIDING_STYLED_ITEM('overriding color',(#13656),#10582,
  #11875);
#13656 = PRESENTATION_STYLE_ASSIGNMENT((#13657));
#13657 = SURFACE_STYLE_USAGE(.BOTH.,#13658);
#13658 = SURFACE_SIDE_STYLE('',(#13659));
#13659 = SURFACE_STYLE_FILL_AREA(#13660);
#13660 = FILL_AREA_STYLE('',(#13661));
#13661 = FILL_AREA_STYLE_COLOUR('',#11285);
#13662 = OVER_RIDING_STYLED_ITEM('overriding color',(#13663),#10602,
  #11875);
#13663 = PRESENTATION_STYLE_ASSIGNMENT((#13664));
#13664 = SURFACE_STYLE_USAGE(.BOTH.,#13665);
#13665 = SURFACE_SIDE_STYLE('',(#13666));
#13666 = SURFACE_STYLE_FILL_AREA(#13667);
#13667 = FILL_AREA_STYLE('',(#13668));
#13668 = FILL_AREA_STYLE_COLOUR('',#11285);
#13669 = OVER_RIDING_STYLED_ITEM('overriding color',(#13670),#10622,
  #11875);
#13670 = PRESENTATION_STYLE_ASSIGNMENT((#13671));
#13671 = SURFACE_STYLE_USAGE(.BOTH.,#13672);
#13672 = SURFACE_SIDE_STYLE('',(#13673));
#13673 = SURFACE_STYLE_FILL_AREA(#13674);
#13674 = FILL_AREA_STYLE('',(#13675));
#13675 = FILL_AREA_STYLE_COLOUR('',#11285);
#13676 = OVER_RIDING_STYLED_ITEM('overriding color',(#13677),#10642,
  #11875);
#13677 = PRESENTATION_STYLE_ASSIGNMENT((#13678));
#13678 = SURFACE_STYLE_USAGE(.BOTH.,#13679);
#13679 = SURFACE_SIDE_STYLE('',(#13680));
#13680 = SURFACE_STYLE_FILL_AREA(#13681);
#13681 = FILL_AREA_STYLE('',(#13682));
#13682 = FILL_AREA_STYLE_COLOUR('',#11285);
#13683 = OVER_RIDING_STYLED_ITEM('overriding color',(#13684),#10662,
  #11875);
#13684 = PRESENTATION_STYLE_ASSIGNMENT((#13685));
#13685 = SURFACE_STYLE_USAGE(.BOTH.,#13686);
#13686 = SURFACE_SIDE_STYLE('',(#13687));
#13687 = SURFACE_STYLE_FILL_AREA(#13688);
#13688 = FILL_AREA_STYLE('',(#13689));
#13689 = FILL_AREA_STYLE_COLOUR('',#11285);
#13690 = OVER_RIDING_STYLED_ITEM('overriding color',(#13691),#10682,
  #11875);
#13691 = PRESENTATION_STYLE_ASSIGNMENT((#13692));
#13692 = SURFACE_STYLE_USAGE(.BOTH.,#13693);
#13693 = SURFACE_SIDE_STYLE('',(#13694));
#13694 = SURFACE_STYLE_FILL_AREA(#13695);
#13695 = FILL_AREA_STYLE('',(#13696));
#13696 = FILL_AREA_STYLE_COLOUR('',#11285);
#13697 = OVER_RIDING_STYLED_ITEM('overriding color',(#13698),#10702,
  #11875);
#13698 = PRESENTATION_STYLE_ASSIGNMENT((#13699));
#13699 = SURFACE_STYLE_USAGE(.BOTH.,#13700);
#13700 = SURFACE_SIDE_STYLE('',(#13701));
#13701 = SURFACE_STYLE_FILL_AREA(#13702);
#13702 = FILL_AREA_STYLE('',(#13703));
#13703 = FILL_AREA_STYLE_COLOUR('',#11285);
#13704 = OVER_RIDING_STYLED_ITEM('overriding color',(#13705),#10722,
  #11875);
#13705 = PRESENTATION_STYLE_ASSIGNMENT((#13706));
#13706 = SURFACE_STYLE_USAGE(.BOTH.,#13707);
#13707 = SURFACE_SIDE_STYLE('',(#13708));
#13708 = SURFACE_STYLE_FILL_AREA(#13709);
#13709 = FILL_AREA_STYLE('',(#13710));
#13710 = FILL_AREA_STYLE_COLOUR('',#11285);
#13711 = OVER_RIDING_STYLED_ITEM('overriding color',(#13712),#10742,
  #11875);
#13712 = PRESENTATION_STYLE_ASSIGNMENT((#13713));
#13713 = SURFACE_STYLE_USAGE(.BOTH.,#13714);
#13714 = SURFACE_SIDE_STYLE('',(#13715));
#13715 = SURFACE_STYLE_FILL_AREA(#13716);
#13716 = FILL_AREA_STYLE('',(#13717));
#13717 = FILL_AREA_STYLE_COLOUR('',#11285);
#13718 = OVER_RIDING_STYLED_ITEM('overriding color',(#13719),#10762,
  #11875);
#13719 = PRESENTATION_STYLE_ASSIGNMENT((#13720));
#13720 = SURFACE_STYLE_USAGE(.BOTH.,#13721);
#13721 = SURFACE_SIDE_STYLE('',(#13722));
#13722 = SURFACE_STYLE_FILL_AREA(#13723);
#13723 = FILL_AREA_STYLE('',(#13724));
#13724 = FILL_AREA_STYLE_COLOUR('',#11285);
#13725 = OVER_RIDING_STYLED_ITEM('overriding color',(#13726),#10782,
  #11875);
#13726 = PRESENTATION_STYLE_ASSIGNMENT((#13727));
#13727 = SURFACE_STYLE_USAGE(.BOTH.,#13728);
#13728 = SURFACE_SIDE_STYLE('',(#13729));
#13729 = SURFACE_STYLE_FILL_AREA(#13730);
#13730 = FILL_AREA_STYLE('',(#13731));
#13731 = FILL_AREA_STYLE_COLOUR('',#11285);
#13732 = OVER_RIDING_STYLED_ITEM('overriding color',(#13733),#10802,
  #11875);
#13733 = PRESENTATION_STYLE_ASSIGNMENT((#13734));
#13734 = SURFACE_STYLE_USAGE(.BOTH.,#13735);
#13735 = SURFACE_SIDE_STYLE('',(#13736));
#13736 = SURFACE_STYLE_FILL_AREA(#13737);
#13737 = FILL_AREA_STYLE('',(#13738));
#13738 = FILL_AREA_STYLE_COLOUR('',#11285);
#13739 = OVER_RIDING_STYLED_ITEM('overriding color',(#13740),#10818,
  #11875);
#13740 = PRESENTATION_STYLE_ASSIGNMENT((#13741));
#13741 = SURFACE_STYLE_USAGE(.BOTH.,#13742);
#13742 = SURFACE_SIDE_STYLE('',(#13743));
#13743 = SURFACE_STYLE_FILL_AREA(#13744);
#13744 = FILL_AREA_STYLE('',(#13745));
#13745 = FILL_AREA_STYLE_COLOUR('',#11285);
#13746 = OVER_RIDING_STYLED_ITEM('overriding color',(#13747),#10834,
  #11875);
#13747 = PRESENTATION_STYLE_ASSIGNMENT((#13748));
#13748 = SURFACE_STYLE_USAGE(.BOTH.,#13749);
#13749 = SURFACE_SIDE_STYLE('',(#13750));
#13750 = SURFACE_STYLE_FILL_AREA(#13751);
#13751 = FILL_AREA_STYLE('',(#13752));
#13752 = FILL_AREA_STYLE_COLOUR('',#11285);
#13753 = OVER_RIDING_STYLED_ITEM('overriding color',(#13754),#10850,
  #11875);
#13754 = PRESENTATION_STYLE_ASSIGNMENT((#13755));
#13755 = SURFACE_STYLE_USAGE(.BOTH.,#13756);
#13756 = SURFACE_SIDE_STYLE('',(#13757));
#13757 = SURFACE_STYLE_FILL_AREA(#13758);
#13758 = FILL_AREA_STYLE('',(#13759));
#13759 = FILL_AREA_STYLE_COLOUR('',#11285);
#13760 = OVER_RIDING_STYLED_ITEM('overriding color',(#13761),#10866,
  #11875);
#13761 = PRESENTATION_STYLE_ASSIGNMENT((#13762));
#13762 = SURFACE_STYLE_USAGE(.BOTH.,#13763);
#13763 = SURFACE_SIDE_STYLE('',(#13764));
#13764 = SURFACE_STYLE_FILL_AREA(#13765);
#13765 = FILL_AREA_STYLE('',(#13766));
#13766 = FILL_AREA_STYLE_COLOUR('',#11285);
#13767 = OVER_RIDING_STYLED_ITEM('overriding color',(#13768),#10886,
  #11875);
#13768 = PRESENTATION_STYLE_ASSIGNMENT((#13769));
#13769 = SURFACE_STYLE_USAGE(.BOTH.,#13770);
#13770 = SURFACE_SIDE_STYLE('',(#13771));
#13771 = SURFACE_STYLE_FILL_AREA(#13772);
#13772 = FILL_AREA_STYLE('',(#13773));
#13773 = FILL_AREA_STYLE_COLOUR('',#11285);
#13774 = OVER_RIDING_STYLED_ITEM('overriding color',(#13775),#10906,
  #11875);
#13775 = PRESENTATION_STYLE_ASSIGNMENT((#13776));
#13776 = SURFACE_STYLE_USAGE(.BOTH.,#13777);
#13777 = SURFACE_SIDE_STYLE('',(#13778));
#13778 = SURFACE_STYLE_FILL_AREA(#13779);
#13779 = FILL_AREA_STYLE('',(#13780));
#13780 = FILL_AREA_STYLE_COLOUR('',#11285);
#13781 = OVER_RIDING_STYLED_ITEM('overriding color',(#13782),#10926,
  #11875);
#13782 = PRESENTATION_STYLE_ASSIGNMENT((#13783));
#13783 = SURFACE_STYLE_USAGE(.BOTH.,#13784);
#13784 = SURFACE_SIDE_STYLE('',(#13785));
#13785 = SURFACE_STYLE_FILL_AREA(#13786);
#13786 = FILL_AREA_STYLE('',(#13787));
#13787 = FILL_AREA_STYLE_COLOUR('',#11285);
#13788 = OVER_RIDING_STYLED_ITEM('overriding color',(#13789),#10946,
  #11875);
#13789 = PRESENTATION_STYLE_ASSIGNMENT((#13790));
#13790 = SURFACE_STYLE_USAGE(.BOTH.,#13791);
#13791 = SURFACE_SIDE_STYLE('',(#13792));
#13792 = SURFACE_STYLE_FILL_AREA(#13793);
#13793 = FILL_AREA_STYLE('',(#13794));
#13794 = FILL_AREA_STYLE_COLOUR('',#11285);
#13795 = OVER_RIDING_STYLED_ITEM('overriding color',(#13796),#10966,
  #11875);
#13796 = PRESENTATION_STYLE_ASSIGNMENT((#13797));
#13797 = SURFACE_STYLE_USAGE(.BOTH.,#13798);
#13798 = SURFACE_SIDE_STYLE('',(#13799));
#13799 = SURFACE_STYLE_FILL_AREA(#13800);
#13800 = FILL_AREA_STYLE('',(#13801));
#13801 = FILL_AREA_STYLE_COLOUR('',#11285);
#13802 = OVER_RIDING_STYLED_ITEM('overriding color',(#13803),#10986,
  #11875);
#13803 = PRESENTATION_STYLE_ASSIGNMENT((#13804));
#13804 = SURFACE_STYLE_USAGE(.BOTH.,#13805);
#13805 = SURFACE_SIDE_STYLE('',(#13806));
#13806 = SURFACE_STYLE_FILL_AREA(#13807);
#13807 = FILL_AREA_STYLE('',(#13808));
#13808 = FILL_AREA_STYLE_COLOUR('',#11285);
#13809 = OVER_RIDING_STYLED_ITEM('overriding color',(#13810),#11006,
  #11875);
#13810 = PRESENTATION_STYLE_ASSIGNMENT((#13811));
#13811 = SURFACE_STYLE_USAGE(.BOTH.,#13812);
#13812 = SURFACE_SIDE_STYLE('',(#13813));
#13813 = SURFACE_STYLE_FILL_AREA(#13814);
#13814 = FILL_AREA_STYLE('',(#13815));
#13815 = FILL_AREA_STYLE_COLOUR('',#11285);
#13816 = OVER_RIDING_STYLED_ITEM('overriding color',(#13817),#11022,
  #11875);
#13817 = PRESENTATION_STYLE_ASSIGNMENT((#13818));
#13818 = SURFACE_STYLE_USAGE(.BOTH.,#13819);
#13819 = SURFACE_SIDE_STYLE('',(#13820));
#13820 = SURFACE_STYLE_FILL_AREA(#13821);
#13821 = FILL_AREA_STYLE('',(#13822));
#13822 = FILL_AREA_STYLE_COLOUR('',#11285);
#13823 = OVER_RIDING_STYLED_ITEM('overriding color',(#13824),#11042,
  #11875);
#13824 = PRESENTATION_STYLE_ASSIGNMENT((#13825));
#13825 = SURFACE_STYLE_USAGE(.BOTH.,#13826);
#13826 = SURFACE_SIDE_STYLE('',(#13827));
#13827 = SURFACE_STYLE_FILL_AREA(#13828);
#13828 = FILL_AREA_STYLE('',(#13829));
#13829 = FILL_AREA_STYLE_COLOUR('',#11285);
#13830 = OVER_RIDING_STYLED_ITEM('overriding color',(#13831),#11062,
  #11875);
#13831 = PRESENTATION_STYLE_ASSIGNMENT((#13832));
#13832 = SURFACE_STYLE_USAGE(.BOTH.,#13833);
#13833 = SURFACE_SIDE_STYLE('',(#13834));
#13834 = SURFACE_STYLE_FILL_AREA(#13835);
#13835 = FILL_AREA_STYLE('',(#13836));
#13836 = FILL_AREA_STYLE_COLOUR('',#11285);
#13837 = OVER_RIDING_STYLED_ITEM('overriding color',(#13838),#11078,
  #11875);
#13838 = PRESENTATION_STYLE_ASSIGNMENT((#13839));
#13839 = SURFACE_STYLE_USAGE(.BOTH.,#13840);
#13840 = SURFACE_SIDE_STYLE('',(#13841));
#13841 = SURFACE_STYLE_FILL_AREA(#13842);
#13842 = FILL_AREA_STYLE('',(#13843));
#13843 = FILL_AREA_STYLE_COLOUR('',#11285);
#13844 = OVER_RIDING_STYLED_ITEM('overriding color',(#13845),#11098,
  #11875);
#13845 = PRESENTATION_STYLE_ASSIGNMENT((#13846));
#13846 = SURFACE_STYLE_USAGE(.BOTH.,#13847);
#13847 = SURFACE_SIDE_STYLE('',(#13848));
#13848 = SURFACE_STYLE_FILL_AREA(#13849);
#13849 = FILL_AREA_STYLE('',(#13850));
#13850 = FILL_AREA_STYLE_COLOUR('',#11285);
#13851 = OVER_RIDING_STYLED_ITEM('overriding color',(#13852),#11118,
  #11875);
#13852 = PRESENTATION_STYLE_ASSIGNMENT((#13853));
#13853 = SURFACE_STYLE_USAGE(.BOTH.,#13854);
#13854 = SURFACE_SIDE_STYLE('',(#13855));
#13855 = SURFACE_STYLE_FILL_AREA(#13856);
#13856 = FILL_AREA_STYLE('',(#13857));
#13857 = FILL_AREA_STYLE_COLOUR('',#11285);
#13858 = OVER_RIDING_STYLED_ITEM('overriding color',(#13859),#11138,
  #11875);
#13859 = PRESENTATION_STYLE_ASSIGNMENT((#13860));
#13860 = SURFACE_STYLE_USAGE(.BOTH.,#13861);
#13861 = SURFACE_SIDE_STYLE('',(#13862));
#13862 = SURFACE_STYLE_FILL_AREA(#13863);
#13863 = FILL_AREA_STYLE('',(#13864));
#13864 = FILL_AREA_STYLE_COLOUR('',#11285);
#13865 = OVER_RIDING_STYLED_ITEM('overriding color',(#13866),#11154,
  #11875);
#13866 = PRESENTATION_STYLE_ASSIGNMENT((#13867));
#13867 = SURFACE_STYLE_USAGE(.BOTH.,#13868);
#13868 = SURFACE_SIDE_STYLE('',(#13869));
#13869 = SURFACE_STYLE_FILL_AREA(#13870);
#13870 = FILL_AREA_STYLE('',(#13871));
#13871 = FILL_AREA_STYLE_COLOUR('',#11285);
#13872 = OVER_RIDING_STYLED_ITEM('overriding color',(#13873),#11174,
  #11875);
#13873 = PRESENTATION_STYLE_ASSIGNMENT((#13874));
#13874 = SURFACE_STYLE_USAGE(.BOTH.,#13875);
#13875 = SURFACE_SIDE_STYLE('',(#13876));
#13876 = SURFACE_STYLE_FILL_AREA(#13877);
#13877 = FILL_AREA_STYLE('',(#13878));
#13878 = FILL_AREA_STYLE_COLOUR('',#11285);
#13879 = OVER_RIDING_STYLED_ITEM('overriding color',(#13880),#11190,
  #11875);
#13880 = PRESENTATION_STYLE_ASSIGNMENT((#13881));
#13881 = SURFACE_STYLE_USAGE(.BOTH.,#13882);
#13882 = SURFACE_SIDE_STYLE('',(#13883));
#13883 = SURFACE_STYLE_FILL_AREA(#13884);
#13884 = FILL_AREA_STYLE('',(#13885));
#13885 = FILL_AREA_STYLE_COLOUR('',#11285);
#13886 = OVER_RIDING_STYLED_ITEM('overriding color',(#13887),#11233,
  #11875);
#13887 = PRESENTATION_STYLE_ASSIGNMENT((#13888));
#13888 = SURFACE_STYLE_USAGE(.BOTH.,#13889);
#13889 = SURFACE_SIDE_STYLE('',(#13890));
#13890 = SURFACE_STYLE_FILL_AREA(#13891);
#13891 = FILL_AREA_STYLE('',(#13892));
#13892 = FILL_AREA_STYLE_COLOUR('',#11285);
#13893 = OVER_RIDING_STYLED_ITEM('overriding color',(#13894),#11261,
  #11875);
#13894 = PRESENTATION_STYLE_ASSIGNMENT((#13895));
#13895 = SURFACE_STYLE_USAGE(.BOTH.,#13896);
#13896 = SURFACE_SIDE_STYLE('',(#13897));
#13897 = SURFACE_STYLE_FILL_AREA(#13898);
#13898 = FILL_AREA_STYLE('',(#13899));
#13899 = FILL_AREA_STYLE_COLOUR('',#11889);
ENDSEC;
END-ISO-10303-21;
